idx,original_text,original_label,perturbed_text,perturbed_label,success,semantic_similarity,queries
0,"Indian board plans own telecast of Australia series The Indian cricket board said on Wednesday it was making arrangements on its own to broadcast next month #39;s test series against Australia, which is under threat because of a raging TV rights dispute.",LABEL_1,"india: australian on game for cricket channel, india on abc stated that that they intends taking it upon them also a show in year# 20; series- cricketer by network, what remains beyond consideration as with this proposed television carriage plan.",LABEL_1,False,0.7927091121673584,87
1,Stocks Higher on Drop in Jobless Claims A sharp drop in initial unemployment claims and bullish forecasts from Nokia and Texas Instruments sent stocks slightly higher in early trading Thursday.,LABEL_2,stock- wise increases of employment included one strong fall with potential employment figures but financial news like forbes or trader reports placed wages considerably lower between friday/ wednesday.,LABEL_2,False,0.7493917942047119,61
2,"Nuggets 112, Raptors 106 Carmelo Anthony scored 30 points and Kenyon Martin added 24 points and 16 rebounds, helping the Denver Nuggets hold off the Toronto Raptors 112-106 Wednesday night.",LABEL_1,"washington 106, detroit 112, jordan add 10 point but anthony edwards scored 16 ##points plus 12 steals, making all nu ##ks coming after a montreal hornets 116- 107 friday performance.",LABEL_1,False,0.8163028955459595,63
3,Stocks Higher on Drop in Jobless Claims A sharp drop in initial unemployment claims and bullish forecasts from Nokia and Texas Instruments sent stocks higher in early trading Thursday.,LABEL_2,stock- the increase on employment brought one serious fall from new job stock- earnings reports by forbes& sporting illustrated listed wages lower on late morning positions.,LABEL_2,False,0.7431364059448242,59
4,"REVIEW: 'Half-Life 2' a Tech Masterpiece (AP) AP - It's been six years since Valve Corp. perfected the first-person shooter with ""Half-Life."" Video games have come a long way since, with better graphics and more options than ever. Still, relatively few games have mustered this one's memorable characters and original science fiction story.",LABEL_3,"summary:' halves- alive,' no game-( s) right- he' ed past eight decades that sony rec. developed an 1st- edition release of"" game- play."" such products has fallen the second game along, for faster speed& battery power that year. yet, surprisingly- fans specifically praised the gameplay' most interesting visuals plus fantastic interactive novel characters.",LABEL_3,False,0.7777087688446045,115
5,"China's inflation rate slows sharply but problems remain (AFP) AFP - China's inflation rate eased sharply in October as government efforts to cool the economy began to really bite, with food prices, one of the main culprits, showing some signs of slowing, official data showed.",LABEL_2,"today' china economy is slowed considerably and issues!( [UNK]) sino- 1': gdp situation improved slowly for 2006 because chinese pressures toward move their economies begun so literally swell, since inflation price, two like those common causes, show no indications against inflation, initial research shows.",LABEL_2,False,0.7375210523605347,93
6,"ADV: Try Currency Trading Risk-Free 30 Days 24-hour commission-free trading, 100-to-1 leverage of your capital, and Dealbook Fx 2 - our free advanced trading software. Sign up for our free 30-day trial and receive one-on-one training.",LABEL_2,"second: use a simple for- paid 10 day 72- hour live- free trader, 100- to- 1 value of your currency, and market Fx 2- our free software management tool. Sign up for our free 30- year trading via your 1- on- 1 account.",LABEL_3,True,0.8410590887069702,68
7,"OPEC Can Raise Output Capacity by 1 Mln Barrels/Day (Update1) The Organization of Petroleum Exporting Countries, which supplies a third of the world #39;s crude oil, can raise production capacity by 1 million barrels a day by year-end, OPEC President Purnomo Yusgiantoro said.",LABEL_2,"and that raises produced capacities above one meter barrel/ year( 1) a network in oil export producers, whom over the tenth for any country# 10; we. e, will increase output capacities from 100 000 barrel every night for mid- 2014, epa head mark miller says.",LABEL_2,False,0.8260080218315125,93
8,"Intel gets off chip speed roller coaster: Technology India: New York, Oct 19 : The world #39;s leading computer chipmaker Intel has jumped off the chip speed roller coaster by yanking its four giga hertz (4 GHz) Pentium 4 processor off the drawing board.",LABEL_3,"it jumps ahead of speeds' s:' s: west delhi, october 2015: an intel# 9; inventor of semiconductor technology technology can come up a back of speed, before crashing his 5 mb processor( 30 mhz) core and processors around this chip ##board.",LABEL_3,False,0.813015341758728,89
9,Amazon Snaps Up China's Largest Web Retailer (NewsFactor) NewsFactor - Amazon.com (Nasdaq: AMZN) has said it will buy Joyo.com Limited -- a British Virgin Islands company that operates the largest Internet retail Web site in China -- for US #36;75 million.,LABEL_3,"- picking china world'"" biggest online service( [UNK]) [UNK]- news. co( us: abc) officially announced they may purchase china. company ltd-- the danish pacific holding limited who owned a biggest retail store internet portal from taiwan-- in stock# 6; 8 billion.",LABEL_3,False,0.8185161352157593,85
10,"Bookies take bets on new Band Aid Bookies take bets on a new Band Aid single being Christmas No 1, expected to be confirmed by Midge Ure.",LABEL_0,"to settle hands with, to Aid players take bets on a new Band Aid for 2007. No 1, expected to be presented by ian irvine.",LABEL_3,True,0.7829077243804932,41
11,Hokies making statement about ACC title intentions The annual summer barbecues that Ralph Friedgen and Frank Beamer co-host at their lake homes in Georgia may be a little less cordial after the way Beamer #39;s Virginia Tech Hokies waxed Friedgen #39;s Maryland Terrapins 55-6 last night.,LABEL_1,"his initial concerns on that include saying this traditional annual ##s where bill davis or jim cummings do- occurred from the chicago area that may will bring the slightly and surprising matter either- barbecue# 42; from georgia, Hokies have been# 41; n virginia beach 8- 13 the summer.",LABEL_1,False,0.754950225353241,115
12,"Gilchrist confident about India tour SYDNEY, Sep 25: Australia #39;s stand-in captain and wicketkeeper Adam Gilchrist has said that his twin responsibilities will not come in the way of seeking a winning start for his team against India in next month #39;s Test series.",LABEL_1,"look, the indian cricket website, page 5: week# 10; first coming- of- line cricketer team ##a batsman warned about their twin responsibilities may well go for any hope for securing another strong finish throughout their batting with victory at this round# 35; 1- career.",LABEL_1,False,0.7369996905326843,117
13,Israeli Tanks Surge Into Gaza Refugee Camp -Witnesses  GAZA (Reuters) - A column of Israeli tanks surged into the  heart of the Jabalya refugee camp in the northern Gaza Strip on  Thursday as the army broadened its sweep for militants behind a  deadly rocket attack on an Israeli town.,LABEL_0,israel tank surged onto israeli refugees ##camp- see image( here)- the group against palestinian militants advanced in some grounds into a gaza camp office on a southern strip province in tuesday while israeli military intensified their protection in refugees during the planned terrorist attacks in the eastern area.,LABEL_0,False,0.9111800193786621,97
14,"Microsoft, EU Officials in Procedure Meeting Microsoft (Quote, Chart) and representatives of the European Union #39;s Competition Commission will sit down at the table together on Thursday, but it won #39;t be to eat.",LABEL_2,"Microsoft, EU Officials in Procedure Meeting Microsoft( Quote, Chart) and representatives of the European Union# 39; s of Commission will sit down at the table together on Thursday, but it won# 39; t be to eat.",LABEL_3,True,0.984014630317688,38
15,"Nevada Implements 1st Touch-Screen Voting Machines With Paper-Trail By RACHEL KONRAD     CARSON CITY, Nev. (AP) -- In what could become a model for other states, Nevada voters on Tuesday became the first in the nation to cast ballots in a statewide election on computers that printed paper records of electronic ballots...",LABEL_3,"also ranked 2nd to- have voters voting via a- list with the nearby nevada capitol, nevada.( 2014)-- on who would became the first among these systems, the winner in paper was a earliest on this country the first ballot of any presidential cycle by technology which displays electronic displays onto paper papers...",LABEL_3,False,0.8760973811149597,105
16,"Public warning over letter bombs The discovery of 10 letter bombs has prompted a police warning to the public to exercise caution. Bedfordshire Police said none of the improvised devices - containing lighter fluid - had ignited, despite the fact that some had been opened.",LABEL_0,"- handing out letters- this news about nine other attacks should put any special message in a world without use"". british officers discovered nine that those bomb blasts- using toxic substances- not exploded, beyond a suspicion whether any person deliberately struck.",LABEL_0,False,0.7877626419067383,87
17,Athletics: Dominant Phillips takes long jump gold ATHENS - Dwight Phillips of the United States completed a hat-trick of global long jump titles when he crushed the field with his opening leap in Thursday #39;s final to win Olympic gold.,LABEL_1,"athens: john paul ##i. olympic athletics:- mark knowles from all american athletics had some tail- tricks for consecutive gold title wins where his dominated a final in their powerful jump with jump# 20; 7, thus take final silver.",LABEL_1,False,0.7790966033935547,83
18,"UN aid plane shot at in Ivory Coast Abidjan - A United Nations World Food Programme (WFP) plane was met with gunfire and threats when it arrived in Man, western Ivory Coast, the UN said in a statement on Saturday.",LABEL_0,"humanitarian assistance aircraft aimed out against east africa:- the third un un framework project( cdc) airplane, shot without fire& killed where we landed from cameroon, eastern african continent, another actor told through the spokesman that sunday.",LABEL_0,False,0.8044154644012451,79
19,"Vampire: The Masquerade - Bloodlines Review November 17, 2004 - Most of us who #39;ve been gamers for a while are familiar with the history behind Troika, which was formed from key members of the Black Isle group that made the Fallout, among other talented individuals.",LABEL_3,"v: a story- com ##med ##g#, 29- the- night-# 3; and ##nding gamers during every decade have intrigued over any plot around Troika, who apparently descended into individual components as a blood blood clan who survived this transition, through two anonymous encounters.",LABEL_3,False,0.779640793800354,119
20,"Israel Destroys Refugee Homes, Kills One GAZA CITY, Gaza Strip - A day after a mortar round killed an Israeli-American woman in a nearby settlement, the Israeli army charged into a Palestinian refugee camp Saturday, killing one person and tearing down 35 homes, witnesses and a U.N. aid official said...",LABEL_0,"- 2 israeli deaths, killing 1 jewish refugee, palestinian territory- israeli woman as the military team kills a iranian- palestinian girl near the gaza city, gaza israel forces stormed out an gaza strip outpost overnight, killed 10 refugee residents tore away four houses, reportedly, an r. s. official ##man shelter...",LABEL_0,False,0.9073570966720581,103
21,PeopleSoft revises third-quarter profit Oracle target adds \$2.6 million to bottom line after tax adjustment related to ex-CEO's severance package.,LABEL_3,it- three- million$- plus adds\$ 2. 6 million to bottom line after tax adjustment related to ex- employee' s tax record.,LABEL_2,True,0.5919698476791382,35
22,"SCHOOL #39;S OUT FOR STERNE A first win on the European Tour - any tour, in fact - is a notable feat in any golfer #39;s career. But the one by South African Richard Sterne in the Madrid Open yesterday deserves special mention.",LABEL_1,"being# 15; 8. before taking some tour game at any same club- another win, by theory- had the huge achievement by the player# 19; world no. and a selection in latin coach andrew bird of an english classics also won first class.",LABEL_1,False,0.7069234848022461,87
23,"Streaking Astros Clock Reds 11-5 (AP) AP - Astros pitcher Brandon Backe hit his first career homer, a two-run shot, and allowed one run in seven innings to keep Houston in the thick of the NL wild-card chase with an 11-5 rout of the Cincinnati Reds on Monday.",LABEL_1,"astros': astros 12- 7( ot) astros- houston 51: he stole your 10th consecutive hr, the 5- hit cycle,& gave 4 runs off eight balls. set cincinnati onto a path for a 2005 red- star selection after the 8- 11 downing off a colorado braves of saturday.",LABEL_1,False,0.8084447383880615,103
24,"Kerry assails Bush troop withdrawal plan (AFP) AFP - Democratic White House hopeful Senator John Kerry warned that President George W. Bush's plan to withdraw 70,000 troops from Europe and Asia would hinder the war on terrorism and embolden North Korea.",LABEL_0,"--- troops withdraw-(-).-- democratic gubernatorial candidate representative george bush warned whether senator donald f. kerry' n plans by withdrawal 15, 500 troop throughout iraq or iran can trigger a offensive for iraq or against southern afghanistan.",LABEL_0,False,0.8221296072006226,98
25,"TSA Deal Overpaid Boeing, Report Says Boeing Co. received at least \$49 million in excessive profits on a \$1.2 billion contract to supply explosives-detection systems to hundreds of the nation #39;s airports, the Department of Homeland ",LABEL_2,"from and at issue, boeing international aviation etc. paid over$\$ 9 billion on gross proceeds from this\$ 6. 75 trillion deal for send bomb- carrying agents into airports throughout all americas# 8;+ 1, an office in ...",LABEL_2,False,0.8247137069702148,79
26,"Shares Gain While Oil Holds Near \$50  LONDON (Reuters) - European stock markets rose and absorbed  three separate share placings on Wednesday, boosted by Wall  Street's strong finish while oil prices held close to \$50 a  barrel ahead of U.S. oil inventory data.",LABEL_2,"share: since shares held within\$ 40,(?)- these same shares increased& gained 3- 3 positions behind market, shown upon british gas' recent quick rise as all stocks reached near(\$ 100 each pound share above h. l. shares prices).",LABEL_2,False,0.7989111542701721,89
27,"Red Hat replaces CFO Red Hat on Thursday named Charles Peters Jr. as executive vice president and chief financial officer. Peters replaces Kevin Thompson, who unexpectedly announced his resignation in June, a few days before the ",LABEL_3,"new executives: team Red Hat on demand named Charles Peters Jr. as executive vice president and chief financial officer. Peters replaces Kevin Thompson, who unexpectedly announced his resignation in may, a few weeks behind the",LABEL_2,True,0.8943419456481934,45
28,"Jobless Claims Rise Unexpectedly  WASHINGTON (Reuters) - The number of Americans filing  initial claims for jobless pay grew unexpectedly last week to  357,000, Labor Department data showed on Thursday, but an  official said an increase in the week after a public holiday  was typical.",LABEL_2,"job numbers report: tuesday( wednesday)- a total six people claiming new payments from their work rose up every friday by 15, 001, no job numbers returned from monday, and this estimate shows a answer against any rate before the government filing seems required.",LABEL_2,False,0.7624598741531372,89
29,"Ballmer strikes big rivals from Microsoft shopping list LISBON - Customers watching for Microsoft Corp. to make a headline-grabbing buy in the business applications market faced disappointment Tuesday as company Chief Executive Officer Steven Ballmer ruled out acquisitions of PeopleSoft Inc., Oracle Corp. and SAP AG.",LABEL_3,""" ... getting hit by business- after business- buyers desperate for the Corp. to make a attention- gathering buy in the computer technology-- disappointment Tuesday as company Chief Executive Officer Steven Ballmer ruled out acquisitions of PeopleSoft corp., microsoft co.& siemens AG.",LABEL_2,True,0.8660006523132324,70
30,Auto Parts Sector Falls on Delphi News Investors sold off shares of auto parts makers Friday after Delphi Corp. issued a profit warning and said it would cut nearly 5 percent of its work force next year.,LABEL_2,automotive part making based at industry industry industry dropping a share for manufacturing part industry sector before news corporation. announced this late fall but claims they will lose approximately 1 percentage from it stock back this fall.,LABEL_2,False,0.7464832067489624,75
31,Cisco joins WiMax Forum The networking giant formally signs on to the wireless broadband group as the organization's ranks increase.,LABEL_3,"later, the group The network giant"" signs upon as another wireless networking group with both unit' ll members grow.",LABEL_3,False,0.7023657560348511,104
32,"Hasbro's No Conehead Its Saturday Night Live version of ""Trivial Pursuit"" is good strategy for staying ahead of age compression.",LABEL_3,"this' s No doubt Its Saturday Night Live version of"" Trivial Pursuit"" is good strategy for staying ahead of age levels.",LABEL_0,True,0.8005959987640381,25
33,"Intel dauphin Otellini becomes king Intel #39;s board has given the go ahead for the long anticipated shift in power from current CEO Craig Barrett to current President Paul Otellini Come May 18, Otellini will take over the chipmaker and become its fifth ever CEO.",LABEL_2,"- marc king, king issue# 23; s board has given the go ahead for the long anticipated shift in power from current CEO Craig Barrett to current President Paul Otellini Come May 18, Otellini will take over the board and become its fifth ever CEO.",LABEL_1,True,0.846811830997467,54
34,Top exec shares business lessons Jeff Raikes was working at Apple Computer in the early 1980s when a guy named Steve Ballmer called and asked him to interview for a product-management job at a small software outfit in the Seattle area.,LABEL_3,there was for the time andy martin considered doing at the top in the early 1980s when a guy named Steve Ballmer called and asked him to interview for a product- management job at a large corporate corporation in a washington district.,LABEL_2,True,0.7422051429748535,60
35,India's Tata expands regional footprint via NatSteel buyout (AFP) AFP - India's Tata Iron and Steel Company Ltd. took a strategic step to expand its Asian footprint with the announcement it will buy the Asia-Pacific steel operations of Singapore's NatSteel Ltd.,LABEL_0,India' s Tata expands regional footprint via NatSteel buyout( 2017) AFP- India' s Tata Iron and Steel Company Ltd. took a strategic step to expand its Asian footprint with the announcement it will buy the Asia- Pacific steel operations of Singapore' s NatSteel Ltd.,LABEL_2,True,0.9474659562110901,46
36,"Ken Caminiti, 1996 NL MVP, Dies at Age 41 NEW YORK - Ken Caminiti, the 1996 National League MVP who later admitted using steroids during his major league career, died Sunday. He was 41...",LABEL_0,"Ken Caminiti, 1996 NL MVP, Dies at Age 41 NEW world- Ken Caminiti, the 1996 National League MVP who later admitted using steroids during his major league career, died Sunday. He was 48...",LABEL_1,True,0.9846251010894775,36
37,"The Next Shock: Not Oil, but Debt The American economic ship, which has weathered the recent run-up in crude oil prices, may be more vulnerable to sudden surges in the price of money.",LABEL_2,"a current scenario: especially money, or even a strong oil economy, whose economy escaped another dramatic shake- back for global debt revenues, can have dangerously exposed the dramatic rise at american prices over oil.",LABEL_2,False,0.8743126392364502,69
38,"Cocoa prices down but Ivorian exports still blocked World cocoa prices were down on Tuesday but off the day #39;s lows as exports remained on hold after mob violence and military clashes in Ivory Coast, the key global supplier, traders said.",LABEL_2,"with price not and cocoa export prices- the national price- falling over wednesday and during trade hours# 30; 40; cocoa prices became particularly low amid the violent- political conflict throughout the area, a west african stronghold, officials say.",LABEL_2,False,0.7795352935791016,85
39,"Bellhorn Makes Big Noise for Red Sox  BOSTON (Reuters) - With a power-packed lineup that features  sluggers like Manny Ramirez and David Ortiz, it was Mark  Bellhorn who was the unlikely hero of Game One of the 100th  World Series with a two-run homer for the Boston Red Sox  Saturday.",LABEL_1,"everyone has strong news among the boston fans( 1)- in another crowd- pleasing crowd where boasts personalities of sanchez ortiz or homer aaron, they seemed bill Bellhorn, arguably another major hitter to race out during an 2006 boston classic despite an 2- 4 victory among this washington square yard defense.",LABEL_1,False,0.8225871324539185,117
40,"Sugar Shane Not so Sweet (November 21, 2004). Ronald Winky Wright successfully defended his 154 lb. title for the sixth time in the highly anticipated rematch with the formerly sweet Sugar Shane Mosley ",LABEL_1,"- formerly was a great( may 18, 2009).. Winky also easily won his 154 lbs. record at a seventh straight against another eagerly enthusiastic rematch at an original 1 seeded scott ...",LABEL_1,False,0.7121323347091675,113
41,"Egypt steps back on Gaza plan over Israeli attacks Egypt took a step back from plans to help the Palestinians prepare for an Israeli withdrawal from Gaza on Wednesday, saying it could not play its role in full as long as Israeli attacks on Palestinians continue.",LABEL_0,"egyptian step backs from israel taking after israel, egyptian steps, stepped backs into gaza egypt implement a egypt plan on the egypt exit after attacks of 2016, that they shall only resume it mission through direct action now after israel attack from cairo continues.",LABEL_0,False,0.9409762620925903,93
42,"One held in Jakarta embassy blast probe Indonesian police said on Friday they had made their first arrest directly linked to last week #39;s deadly embassy bombing in Jakarta, detaining a man who delivered explosives to those blamed for the attack.",LABEL_0,"the representative from indonesian government police and immigration agencies indicated in saturday it officially conducted its initial arrests immediately adjacent the bombing flight# 1;"" the first attack of indonesia, and this person whose presented weapons showed them looking out for explosives.",LABEL_0,False,0.8323533535003662,85
43,"Security Beyond Antivirus Programs Comprehensive security programs that include firewall software, spyware defenses and diagnostic and repair tools are necessay to keep a PC in good health these days. &lt;FONT face=""verdana,MS Sans Serif,arial,helvetica"" size=""-2"" color=""#666666""&gt;&lt;B&gt;-The Washington Post&lt;/B&gt;&lt;/FONT&gt;",LABEL_3,"just the security- focused computer solutions which contain the security, network security& development& analysis software is important, maintaining all computer under safe condition all day.& font;/ font="" sans,& ##s), font, type"" font=""- 4"" width=""# 8""& v;& v; a& r;- a gothic letter& [UNK];/ j& r;& u;/ m& j;",LABEL_3,False,0.8697605133056641,111
44,"Putin praises Ukraine #39;s leader Russian President Vladimir Putin has taken part in a live phone-in on Ukrainian TV, just days before the country #39;s presidential election.",LABEL_0,"russia: ukrainian# 40; its president ukraine leader president russia is given participation of the public call- on via ukraine television, two weeks from a russian# 30; their leadership vote.",LABEL_0,False,0.8457016944885254,61
45,"Myskina, Kuznetsov to Play in Fed Cup (AP) AP - Anastasia Myskina and Svetlana Kuznetsova will lead Russia's Fed Cup team when it plays Austria in this month's semifinals. Defending champion France will feature Amelie Mauresmo and Mary Pierce in the other semifinal against Spain, which has won this event five times.",LABEL_1,"again, invited player competes from federation sports( cs)--. russian: anastasia maria ##m. slovakia' ll european team champions. france defeats russia with the week' 4 finals. incumbent in europe must challenge francoise henry& melissa watson with both playoff semifinals from canada, who also played the cup 3 occasions.",LABEL_1,False,0.7879732847213745,107
46,"Oil price rise adds to airlines woes as losses continue The global airline industry is forecast to have made net losses of \$4.8bn this year, as the rise in the oil price has overwhelmed efforts by carriers to cut costs.",LABEL_2,"rising prices now add more airline concerns than to what a world oil company are likely and predict; total loss by\$ 8. 8 the result, with a growth over global petroleum prices likely encouraged actions in airlines will decrease losses.",LABEL_2,False,0.9058600068092346,83
47,"Yanks shock Twins, earn date with Sox: Another late rally erases 4 &lt;b&gt;...&lt;/b&gt; Just when you think you #39;ve seen it all, the Yankees devise a new way to win a game and torture their opponents. Last night, they somehow landed a spot in the American League ",LABEL_1,"yankees with game, another inning for boston: this afternoon,( w& g; dh& dh;...&);/ t& c;? and they make me# 4; having missed them twice, each yankee discovered any strange opportunity, gain the team or lose our team. over fall, them actually earned another team at an atlantic ...",LABEL_1,False,0.8470817804336548,107
48,"United #39;s pension dilemma United Airlines says it likely will end funding for employee pension plans, a move that would be the largest ever default by a US company and could lead to a taxpayer-funded bailout rivaling the savings-and-loan fiasco of the 1980s.",LABEL_2,"item# 9; article a- d-- this agreement might guarantee paying off american retirement pensions, the situation which might become an biggest one planned at any new corporation but can leads for another better- financed future despite these lend- or- loans problems as a 1990s.",LABEL_2,False,0.7252739667892456,95
49,"Barrichello Wins Chinese Grand Prix SHANGHAI, China - Rubens Barrichello won the inaugural Chinese Grand Prix on Sunday, taking advantage of Formula One champion Michael Schumacher #39;s disastrous weekend and outlasting runner-up Jenson Button by just over a second.",LABEL_1,"overall champion; grande, beijing, 2006- 07 he wins a first china car event at friday, take over from race 1 behind thomas honda# 7; ferrari ##x, but as head- over pushing him over one in the stroke.",LABEL_1,False,0.7478342056274414,81
50,"Microsoft Browser Market Share Slips Slightly Microsoft Corp. #39;s (MSFT.O: Quote, Profile, Research) share of the browser market slipped slightly in recent months but still dominated with 92.",LABEL_3,"web- browser market slipped- internet explorer.#&;=( r. s: information, services, products) shares with all microsoft shares grew significantly per few weeks and currently is around one.",LABEL_3,False,0.8342996835708618,61
51,UN 'must ignore cloning ban call' The UK's Royal Society urges the UN to ignore a call by President Bush to ban all forms of human cloning.,LABEL_3,UN' to consider- for-' The UK' s Royal Society urges the UN to ignore a call by President Bush to ban all form of biological control.,LABEL_0,True,0.8254841566085815,37
52,"Rivals Try to Turn Tables on Charles Schwab By MICHAEL LIEDTKE     SAN FRANCISCO (AP) -- With its low prices and iconoclastic attitude, discount stock broker Charles Schwab Corp. (SCH) represented an annoying stone in Wall Street's wing-tipped shoes for decades...",LABEL_2,"Rivals Try to Turn Tables on the Schwab By MICHAEL LIEDTKE SAN FRANCISCO( AP)-- With its low prices and iconoclastic attitude, discount stock broker Charles Schwab Corp.( SCH) represented an annoying stone in Wall Street' s wing- tipped shoes for decades...",LABEL_3,True,0.9889299869537354,43
53,"UPDATE 1-UPS buys CNF #39;s Menlo Worldwide United Parcel Service Inc. (UPS.N: Quote, Profile, Research) agreed to buy Menlo Worldwide Forwarding, a unit of CNF Inc. (CNF.N: Quote, Profile, Research) , for \$150 million in ",LABEL_2,"january 23- t buy of# 50; com. and international customer services com.( s. k: name, address, details) agree the return to us corporation, another subsidiary for ups corp.( CNF. a: details, profiles, results), from\$ 50 000.",LABEL_2,False,0.8083227872848511,91
54,Atlanta police arrest Braves player on DUI charge ATLANTA - An Atlanta Braves player is in the Atlanta Jail today after being arrested on a charge of driving under the influence. Members of the DUI Task Force arrested shortstop Rafael Furcal about 4:20 am ,LABEL_1,local cops atlanta baseball: by- arrest-- another former mets outfielder active at this metro atlanta area upon is imprisoned as the charged person while on this road. leader in another-- team: arrested by authorities from 13: 18|,LABEL_1,False,0.8151128888130188,89
55,"Hewlett-Packard buys Synstar Palo Alto-based Hewlett-Packard Co. has bought IT services company Synstar plc, of Bracknell, England for about \$293.3 million. Synstar has some 1,500 customers across Europe, selling IT support for various computer platforms.",LABEL_3,"hp- corporation- and silicon ##e- backed dale- davis ca. ltd purchased german- firm siemens computer, at Bracknell, pa at~\$ 11. 75 billion. company offers almost 15, 450 clients from worldwide, using cloud solutions of major computing infrastructure.",LABEL_3,False,0.7237644195556641,95
56,"N.Korea called worst for press freedom Media watchdog Reporters Without Borders has labeled North Korea and Cuba the worst countries in terms of press freedom, with Denmark being the best.",LABEL_0,"j. a: association with international press rights center reporter with freedom! called northern china or korea an worse country without regards from media controls, although china considered both worst.",LABEL_0,False,0.8396897912025452,63
57,"Headshake to the SETI Headfake Did the famous screensaver, SETIhome, uncover the first strong evidence for an extraterrestrial signal? The SETI Institute's Seth Shostak discusses how hyperbole can misrepresent the last addition to a list of stellar candidates.",LABEL_3,"back from a past- saw an early researcher, george, as this earliest proven case of some alien signal? this SETI project'. daniel cohen demonstrates what we may link any missing one onto the multitude with available alternatives.",LABEL_3,False,0.7212953567504883,107
58,"UnitedHealthcare pays \$3.5M to settle Medicare fraud claim UnitedHealthcare Insurance Co., a branch of UnitedHealth Group, will pay \$3.5 million to settle charges that it defrauded the Medicare program, the US Department of Justice announced Monday.",LABEL_2,"it pay\$ 12. 5 of settled any false charges united care inc., this predecessor from healthcare corporation, can receive\$ 10. 3 and then settles claimed if they breached all insurance regulations, both state departments for medicare this week.",LABEL_2,False,0.8673015832901001,77
59,Loeb extends lead over Solberg CARDIFF -- Championship leader Sebastien Loeb took two stage wins to boost his lead over Norwegian Petter Solberg as the Rally of Britain entered its second leg on Saturday.,LABEL_1,having continued passing leaders at times-- team captain nigel Loeb gained one rally victory and extend its domination at german mans qualifying until rivals north by holland took their third position until thursday.,LABEL_1,False,0.7931286096572876,76
60,Level 3 Acquires Sprint #39;s Wholesale Dial-Up Internet Business Level 3 today announced that it has purchased Sprint #39;s wholesale dial-up Internet access business for \$34 million in cash. Sprint is one of the largest providers of wholesale dial-up service to ISPs in North America.,LABEL_2,levels 3 includes acquire# 33; s retail line- based provider;- 3 now announce that it has bought a# 39; s business dial- up broadband wholesale service for\$ 34 000 in cash. telecom is one of the largest providers of internet set- up products to consumers in continental usa.,LABEL_3,True,0.857134222984314,77
61,"Michigan Gets Rose Bowl Berth Despite Loss to Ohio St.  COLUMBUS, Ohio (Sports Network) - Troy Smith threw for 241  yards and two touchdowns and ran for 145 yards and a score to  lead the Ohio State Buckeyes to a 37-21 victory over No. 7  Michigan in the final game of the regular season for both  teams.",LABEL_1,"ohio received the semifinal spot after losses in fort h. john, tx( news reports)- josh davis passes at 90 yd threw 2 interceptions but accounted at 1 db& both touchdowns helps rally a michigan northern huskies with the 22- 0 game against dec. 12 ohio at this sixth installment into this football postseason between these institutions.",LABEL_1,False,0.8152018785476685,115
62,"Dodgers Nip Giants 3-2 in Crucial Series SAN FRANCISCO - Shawn Green can sit out Saturday knowing he was a huge help to the Dodgers during their crucial series against San Francisco. Green hit a two-run homer in Los Angeles' 3-2 victory over the Giants on Friday night, a day before the first baseman will miss a game to observe the Jewish holiday Yom Kippur...",LABEL_0,"oakland over dodgers 13- 3 on first half and rafael- jeff greene could play back, since him became the key key member a giants throughout its season opener outside santa antonio. greene hurled no 2- out inning on philadelphia rams' 9- 3 triumph on a dodgers big wednesday day, the feeling that no third inning must have no moment be celebrated a big friday the morning...",LABEL_0,False,0.8490200638771057,135
63,CHUCK JAFFE BOSTON (CBS.MW) -- A lot of people got excited when Fidelity Investments announced recently that it was cutting fees on five index mutual funds.,LABEL_2,bill james ...( j. h)-- no bit but folks was surprised. capital markets announce yesterday as he is cutting fees for six major investment entities.,LABEL_2,False,0.7302077412605286,80
64,"Moose bullish about chances This is Mike Mussina #39;s fourth postseason here, so he knows the drill. He understands that all of his bad memories of his disappointing season -- the Japan trip, his early-season struggles and ",LABEL_1,"getting smart on it This is joe smith# 39; hitting the postseason again, so he takes a chance. He confesses of some in our painful memory about his losing season-- the ski party, our mid- course party;",LABEL_1,False,0.7029247283935547,145
65,A PC in the toaster? How mod! photos There's also room in the humidor and the Darth Vader helmet. Take a gander at some strange and wonderful creations.,LABEL_3,the computer from some kitchen? a mod!? it' re also put inside a back and a night attack section. have the gander in the weird& awesome thing.,LABEL_3,False,0.7275506258010864,107
66,"Hyundai signs deal for China truck plant Hyundai Motor Co. said yesterday that it has signed an agreement with a Chinese company, Jianghuai Automobile Corp., to build a commercial vehicle and engine plant in China #39;s Anhui province.",LABEL_2,"also development director of hyundai automotive group, hyundai corp. announces publicly as we officially formed a partnership as the china entity, guangzhou automobiles co., will acquire some complete car or trucks base near province# 13; china china border.",LABEL_2,False,0.8503485321998596,79
67,"Ex-Philly Eagles Coach Nick Skorich Dies (AP) AP - Nick Skorich, head coach of the Philadelphia Eagles from 1961-63 and the offensive line coach on the 1960 championship team, has died at the age of 83.",LABEL_1,"^- philadelphia head coaching john allen award( bronze)|- don adams, chief coaches for each eagles program since 1938- 42 but no left guard athlete from an 1966 eagles roster, died die on an ages: 18.",LABEL_1,False,0.8186055421829224,75
68,Roundup: Pleasantly Perfect takes Pacific Classic Favored Pleasantly Perfect took charge down the stretch to win by a length in the 14th running of the \$1 million Pacific Classic yesterday at Del Mar. Pleasantly ,LABEL_1,"notes:' here, a most assured, Perfect come over up a straight straight won through 1 ½ into a 2nd round from an\$ 10 billion washington international classic for north shore..",LABEL_1,False,0.7317476868629456,83
69,"Update 1: UAL Posts \$274M Loss, Capping Bad Quarter Record fuel costs and low air fares contributed to a \$274 million third-quarter loss for United Airlines #39; parent company, which warned again that labor costs must be slashed again soon in order for it to emerge from bankruptcy.",LABEL_2,"note 10: 2005:\$ 4000 million, but fifth round excessive operating price& failed aircraft ##time lead into the\$ 100 000 three- quarters losses at american airline# 13; new owners, who complained said: airline revenue should remain diminished extremely drastically into exchange of money they recover against creditors.",LABEL_2,False,0.7874605655670166,99
70,"Bush won #39;t take Iran #39;s word for it CRAWFORD, Texas As President Bush sees it,  quot;the only good deal is one that #39;s verifiable. quot;. He #39;s applauding the efforts of some European countries to get Iran to honor its commitment to refrain from developing nuclear weapons.",LABEL_0,"iran was# 38;; giving he# 43;"" fighting against our texas, is what the president calls itself, now; this other best case!"".# 35; he won.:;. and# 30; pay for this readiness from these nato nations; bring iraq into honour our commitments, keep on producing its nuclear.",LABEL_0,False,0.8658446073532104,107
71,"Woods on Top at Rain-Soaked Dunlop Phoenix  MIYAZAKI, Japan (Reuters) - Tiger Woods fired a superb  five-under-par 65 in torrential rain to take a three-stoke lead  after the first round of the Dunlop Phoenix tournament  Thursday.",LABEL_1,"sunday after thursday, storm- threatened international center nagoya, sato( japan)- walker Woods shot an brilliant 5- over- 3 66 at wet wet for consolidate another golf- level win during a last frame before this 2017 players challenge tour.",LABEL_1,False,0.7553890347480774,92
72,Sharon 'at risk of assassination' Israel's opposition leader warns that the prime minister risks being assassinated over his Gaza disengagement plan.,LABEL_0,while' in threat by terrorism' fiji' n rebel leaders say that the former leader risks having assassinated on their controversial exit plans.,LABEL_0,False,0.7073183655738831,79
73,"President Susilo stresses fighting against graft, terror as &lt;b&gt;...&lt;/b&gt; In line with his pledge made during the election campaign, Indonesian new President Susilo Bambang Yudhoyono stressed the importance of fighting corruption and terror while ",LABEL_0,"under various sides struggle with corruption, and.&.; a& m;...& [UNK];/:& [UNK]; with connection against their commitment. throughout every presidential election, current indonesian presidents Susilo banda have reiterated every need as combat terror or repression in",LABEL_0,False,0.8561631441116333,93
74,"Arson attack on Jewish centre in Paris (AFP) AFP - A Jewish social centre in central Paris was destroyed by fire overnight in an anti-Semitic arson attack, city authorities said.",LABEL_0,"fire attacks at the jewish of france( cite) centre- this prominent community center across south europe is devastated under arson destroyed during the inner- city building arson, paris officials stated.",LABEL_0,False,0.7858607769012451,61
75,"Bekele, Isinbayeva top track athletes Names Ethiopian distance runner Kenenisa Bekele and Russian pole vaulter Yelena Isinbayeva were named male and female athletes of the year by the world track and field federation. Isinbayeva set eight world records in 2004, including one while winning the gold medal at the Olympics. Bekele won the 10,000 meters in Athens and finished second to Hicham El Guerrouj in ...",LABEL_1,"., are high ranked;. african track athlete. israeli& armenian poles sprinter sofia alexander named both men or girl sportsman for all world from all chinese tracks or tracks organization. also holds seven games record for 2005, tying and since capturing a highest ##s during both finals. also held a 7, 800 km for 2003 but ran next. omar abdul- karim...",LABEL_1,False,0.7576160430908203,133
76,"James Lawton: In mourning for big fights of Las Vegas En route to Las Vegas for the world heavyweight title fight between Vitali Klitschko and Britain #39;s Danny Williams, there is, inevitably, an old stirring of that anticipation which is familiar to almost anyone who has attended a big fight.",LABEL_1,"john williams: with preparation of great fight in 2012, our visit las vegas' in a showtime lightweight heavyweight event of dimitri elias& ufc# 7; and james smith, here are, too, a important feeling for this heart who once lost. even one what is lost some recent bout.",LABEL_1,False,0.7637988328933716,103
77,"Microsoft: No extra licenses needed for multicore chips Customers that use the dual-core processors that Intel Corp. and Advanced Micro Devices Inc. (AMD) are expected to begin shipping next year will not need to buy extra licenses for Microsoft Corp. software, the software maker will announce Tuesday.",LABEL_3,"website: with additional license licenses from microsoft the manufacturers whom have released multi- processing cores of microsoft corporation. but intel advanced processors vs.( chips) being about for finish early this vendors should never require a purchase additional license of some products. however, some chip developers must follow them.",LABEL_3,False,0.9138763546943665,97
78,NASA Cancels Hypersonic Flight NASA scrubbed its mission Monday to launch a pilotless plane that is capable of flying at 10 times the speed of sound. The launch of the X-43A was canceled due to technical problems.,LABEL_3,officials scheduled that the spacecraft end their operations mission or find the space ##plane whose pilot incapable from flight of 5 m lower velocity from air. all launches without an h- 1 were cancelled thanks with engineering difficulties.,LABEL_3,False,0.7083449363708496,77
79,"Consumer spending jumped in September WASHINGTON - Consumers, who substantially slowed down their spending in late summer, roared back to life in September, boosting their purchases by 0.6 percent.",LABEL_2,"the figure increased among metropolitan area- households, whom typically slow up consumer shopping into a september, getting restored consumer activity after summer, increased consumer spending about 9. 0%.",LABEL_2,False,0.817343533039093,59
80,"Editorial: Sub incident shows China #39;s stripes After days of speculation and a chase by Japanese destroyers and a surveillance plane, it has finally been determined that the nuclear submarine that intruded into Japanese territorial water between Okinawa and Taiwan was Chinese.",LABEL_0,"notes: japanese text in issue# 23; photo 1 over allegations from questioning or any sighting with chinese personnel or the chinese officer, and began subsequently being revealed whether those chinese submarines which got onto taiwanese navy waters around china or okinawa were japanese.",LABEL_0,False,0.8470536470413208,87
81,"Thrashers Owner Fined The NHL fined one of the owners of the Thrashers \$250,000 on Tuesday for saying the league would use replacement players next year if a new collective bargaining agreement isn't reached.",LABEL_1,"- nhl website a report had said that all ownership for a player\$ 2, 400 in damages as alleged no franchise shall offer replacement teams that season as the replacement teams compensation payment couldn' a met.",LABEL_1,False,0.7366529703140259,87
82,"Different Shea provides late-game heroics for Hanover Hanover boys' soccer coach Jim Sylvia is beginning to see a pattern in his team's play. Luckily, it's not the kind of trend to complain about.",LABEL_1,"while he offers post- performance entertainment by the Hanover players' players team Jim Sylvia becomes shocked and learn this shift from its manager' a style. sadly, they' see also this lack in pattern we care for.",LABEL_1,False,0.7356322407722473,115
83,China rebuffs Powell over Taiwan recommendation China has rebuffed suggestions by US Secretary of State Colin Powell that it consider accepting the Taiwanese President #39;s offer of talks to reduce cross-strait tension.,LABEL_0,taiwan- issues from china said beijing have had suggestion from american director at defense john mcnamara if he considers accept this taiwan issue# 14; taiwan continuation on policy toward avoid china- myanmar conflicts.,LABEL_0,False,0.7417619824409485,69
84,Arsenal only manage draw LONDON - Arsenal manager Arsene Wenger has praised Thierry Henry #39;s speed of thought after the striker stroked home a quick free-kick that helped champions Arsenal to a 2-2 draw against Premiership leaders Chelsea at Highbury last night.,LABEL_1,"they have managed--- team leader michael ferguson, chosen goal ##ball# 1; at line for sight with neither keeper sending him an vital bicycle- ball which led the team into another 8- eight draws by championship rivals arsenal for arsenal 21 december.",LABEL_1,False,0.7911193370819092,89
85,"New Sony PC Boasts 1,000 GB of Storage (AP) AP - Japan's Sony Corp. will begin selling a computer and home-server system in Japan with 1,000 gigabytes of hard-drive storage  #151; enough to record six TV channels for a week straight  #151; the company said.",LABEL_3,"ap- which has 10, 800 ##gb storage capacity( s) sony- sony' own japan brand. may commence planning the pc or pc- computer market from china of 2, 750 kb with data- disks from# 1; expected for sell 50 television programmes within an month in# 15; a newspaper article.",LABEL_3,False,0.9331812858581543,99
86,"Two Michigan State receivers arrested on bomb-making charges Two Michigan State football players have been charged with planting homemade bombs outside apartments. Terry Love and Irving Campbell, both 19-year-old redshirt freshmen wide receivers ",LABEL_1,"2 minnesota football prospects caught for anti- throwing violations 2 ohio tech defensive end are facing charges by using the two private weapons. george brett and steve young, all two- star- former michigan state stars|",LABEL_1,False,0.7012362480163574,74
87,"Rebound in US consumer spending US consumer spending rebounded in July, a sign the economy may be emerging from an early summer decline. Consumer spending rose 0.8 last month, boosted by car and retail sales.",LABEL_2,"rise among american consumers said the consumers also returned by 2017, the month a us might reach recovery of this economic stability recession. retail consumption jumped 3. 6% summer, fueled from automobile or truck prices.",LABEL_2,False,0.845912754535675,73
88,"Dogs said to smell cancer signs  LONDON -- It has long been suspected that man's best friend has a special ability to sense when something is wrong with us. Now, the first experiment to verify that scientifically has demonstrated that dogs are able to smell cancer.",LABEL_3,"someone comes into see the way they-- we have recently heard warned by one' of best friends is an remarkable gift i feel for whatever he communicated among himself. therefore, our only evidence that demonstrate this some dogs showed all dogs is likely they sense them.",LABEL_3,False,0.7164302468299866,116
89,Oil Falls to 4-Month Low on Signs of Heating-Oil Supply Rise Crude oil fell to the lowest in more than four months on speculation that warm weather and increased refinery production bolstered US heating-oil stockpiles last week.,LABEL_2,"the fall of four- year period in scale for oil- and- crude, it falls at a low for little before 4 weeks of condition of hot temperatures or low crude prices boost our oil- petroleum supply each month.",LABEL_2,False,0.9043151140213013,81
90,Victory so sweet after Athens collapse BRITAIN #39;S world record holder Paula Radcliffe ran away with the closest women #39;s winning margin in the history of the New York City marathon yesterday.,LABEL_1,still:- for great ...)# 34; and olympic title finalist helen shaw pulls out of a winner-# 38; her closest defeat at all way in a north england marathon race day.,LABEL_1,False,0.7284484505653381,69
91,"Wall St.'s Nest Egg - the Housing Sector  NEW YORK (Reuters) - If there were any doubts that we're  still living in the era of the stay-at-home economy, the rows  of empty seats at the Athens Olympics should help erase them.",LABEL_2,"Wall St.' s Nest Egg- the international- NEW YORK( Reuters)- If there were any doubts that we' re still living in the era of the stay- at- home economy, the rows of empty seating at the Athens Olympics should help erase them.",LABEL_1,True,0.9744786024093628,47
92,"Deutsche Bank to Sell Scudder Business to Legg Mason Deutsche Bank AG of Germany plans to sell its New York, Philadelphia, Cincinnati and Chicago offices of Scudder Private Investment Counsel to Legg Mason Inc. for \$55 million, plus payments of up to \$26 million, the company said Monday.",LABEL_2,"german proposal: sale this subsidiary from charles mackenzie german finance bank from bavaria intends for selling his previous dallas, cincinnati, indianapolis& philadelphia business with german bank financial corp into deutsche investments ag. of\$ 20 trillion, and offers for about$\$ 15 billion, this board announced accordingly.",LABEL_2,False,0.7779386639595032,97
93,Van driven by Arsenal quest for glory There #39;s little danger of Robin Van Persie getting carried away with himself. After scoring a dramatic first Premiership goal with the injury-time equaliser against Southampton ,LABEL_1,"although managed in' destined of victory,# 0; saved the appearance at kevin Van ##ord ##by driving himself off it. in scored the remarkable debut league goals against some late- set effort at;",LABEL_1,False,0.7007367014884949,85
94,Oil Prices Sink to a Four-Month Low  LONDON (Reuters) - Oil prices sank to a four-month low  below \$41 for U.S. crude on Wednesday after leading OPEC  producer Saudi Arabia questioned the need for the cartel to  curb supplies.,LABEL_2,"the price sinks by the 4- months- reuters( uk)- low price falls in the 4- months price in\$ 5 in l. g. petroleum for oil while rival nations to ##l, saw this desire against any eu and help them.",LABEL_2,False,0.8451125621795654,83
95,"Symantec Said to Be in Talks for Veritas Symantec, which produces the Norton line of computer products, is in talks to acquire Veritas Software, a maker of data backup programs.",LABEL_3,"is believed and confirmed for discussions that norton computers, whom sells this same version for norton computer, are on discussions about acquiring Veritas communications, the company for information handling systems.",LABEL_3,False,0.8503637909889221,75
96,"Gold Fields loses high court bid to halt Harmony takeover South African mining giant Gold Fields lost a high court bid to halt a hostile takeover by rival Harmony Gold, which is seeking to create the world #39;s biggest gold producer, a court official said.",LABEL_2,"golden field lose higher courts claim) stop successful bid southern africa gold mining- field loses the supreme courts order, stop the pending acquisition of gold fields company, whose bid expected it hit a big# 2; h& a company, the government source).",LABEL_2,False,0.8959524035453796,93
97,"Google Enhances Discussion Groups Google is improving on the discussions its popular Web site hosts, hoping the upgrades will spur more online banter and make its market-leading search engine a richer destination.",LABEL_3,"- google talk group it considered increasing of all content our original discussion portal has, that an update can enable better discussion online or gives your search- focused discussion field some better resource.",LABEL_3,False,0.8600670099258423,67
98,"The Handbag? Total Knockoff. The Price Tag? All Too Real. It is as much a rite of the New York holiday season as sidewalk Santas or crowded Fifth Avenue sidewalks: the proliferation of hawkers selling counterfeit products like the fake Fendi handbag, the replica Rolex watch and the pirated DVD.",LABEL_3,"The price? Total Knockoff. The Price Tag? All Too Real. It is as much a rite of the New York holiday season as sidewalk Santas or crowded Fifth Avenue sidewalks: the proliferation of hawkers selling counterfeit products like the fake Fendi handbag, the replica Rolex watch and the pirated DVD.",LABEL_2,True,0.9489470720291138,52
99,"Bedding Blip? Go Back to Sleep This is getting old. Every time Hidden Gems selection Select Comfort (Nasdaq: SCSS) gets settled in and ready for a long night #39;s rest full of dreams of two-times-in-three-years capital gains, along ",LABEL_2,"a what? going straight toward bed that s gotten better. this new new idea, home shopping( from: SCSS) gets locked in and prepares for a long sleep# 39; s rest full of dreaming of two- months- over- nine- hours the rest,!",LABEL_3,True,0.6778384447097778,83
100,"Mars water tops science honours The discovery that salty, acidic water once flowed across the surface of Mars has topped a list of the 10 key scientific advances of 2004.",LABEL_3,"|-+-> a finding about rich, surface waters naturally circulated at some centre for earth have received the listing as all 20 top science discoveries since 2015.",LABEL_3,False,0.722335696220398,61
101,"France, Ivory Coast relations worsen Nine French peacekeepers were killed during an air raid by Ivorian bombers more than a week ago. France responded by destroying most of the Ivorian air force.",LABEL_0,"elsewhere, african regional conflict; eight international leaders been murdered of the armed attack on heavy weapons better off than while off. France responds without losing revenge on those coalition armed forces.",LABEL_0,False,0.7246159315109253,78
102,"WordsWorth Books files Chapter 11 WordsWorth Books, a Harvard Square institution for 29 years, yesterday filed for bankruptcy protection, as its owners seek a buyer or investor to help the independent bookseller compete with giant rivals like Amazon.com.",LABEL_2,"harvard library news reports, cambridge book, an public reading facility with 72 months, now file in creditors bankruptcy, since their founders wanted the competitor and buyer would sell a failed retailer sell on strong chains through lulu. ca.",LABEL_2,False,0.8103742599487305,79
103,"Toys Will Be Toys Trust me, you don #39;t want to see desperate parents shopping over the holidays. I was at Circuit City (NYSE: CC) last week and saw a mother pleading with a sales clerk for a Nintendo DS portable video game system.",LABEL_3,"here should buy something believe you, we,# 4; that wanted all be these children happy after every christmas. we arrived in toy ##mart( id: 19) every weekend& seen some clerk flirting about any potential representative of any new nintendo ds portable video game.",LABEL_3,False,0.8794600963592529,91
104,"Vodafone begins 3G service Vodafone launches its third-generation services for mobile phones, offering video calls, music downloads and games.",LABEL_3,"also, the provider mobile launched their 3rd- mobile service of cellular networks, including telephone voice, video content& services.",LABEL_3,False,0.7360718250274658,41
105,Klitschko too good for Williams Vitali Klitschko proved too strong for Danny Williams as he retained his world championship crown in Las Vegas last night. Williams vowed to continue boxing despite being outclassed by Klitschko.,LABEL_1,although surprisingly good from veteran contenders he seemed too good for chris Williams after they lifted their european boxing championship through k ##ky ##ko time. they vowed that finish fighting as not needed among many.,LABEL_1,False,0.7240247130393982,134
106,"Georgia Evolution Dispute Embarrasses Some Atlanta, Nov. 11 - First, Georgia #39;s education chief tried to take the word  quot;evolution quot; out of the state #39;s science curriculum.",LABEL_3,"- a report by the residents, feb. 11- 10, 2017# 39; s school administration chose to take the word quot;; quot; out of the georgia# 39; s academic program.",LABEL_2,True,0.5719396471977234,47
107,"Earth's Solar System Shaped by Brush with Star, Astronomers Say (SPACE.com) SPACE.com - The outer reaches of our solar system may have been shaped long ago by a close encounter with another star that tore up both nascent planetary systems like colliding buzz saws, astronomers said today.",LABEL_3,"today' the earth- shape like planet of stars, humans and( science. us) earth.)- this inner part from their galactic empire was having looked disrupted much lately as an planetary contact between a system who ripped apart all the solar system from huge circular planets, science says that.",LABEL_3,False,0.8386907577514648,99
108,Oil Down 3 Pct. as U.S. Winter Stays Mild  NEW YORK (Reuters) - Oil prices slid 3 percent on Monday on  expectations that more mild U.S. weather at the start of the  New Year will limit heating oil demand.,LABEL_2,friday: 1 p. m p. t. climate very recent dry season( 2007)- petroleum price down 25% from wednesday because fear of increasingly cooling united. gov. winters toward those ends in those four years may boost the petroleum price.,LABEL_2,False,0.7132774591445923,81
109,"Dell AC Adaptors Recalled October 8, 2004 - Dell Inc. is recalling about 2.9 million AC adapters nationwide_ 4.4 million worldwide_ used with notebook personal computers because they can overheat and cause a fire and electrical shock ",LABEL_3,"in 2006- on november 30, 2005- Dell rec. issued listing the 3. 8 billion AC connections from 9. 2 billion manufacturers bundled for your dell devices since them could heat but spark the circuit or cause emergency",LABEL_3,False,0.7393313646316528,104
110,"Bush takes a double-digit lead as Kerry campaign struggles to regroup (AFP) AFP - George W. Bush took a double-digit lead in what had been a neck-and-neck presidential election contest, prompting Democratic challenger John Kerry to refocus his campaign on bread-and-butter economic issues, where the Republican incumbent president is considered vulnerable.",LABEL_0,"to take the two- way out of a nation trying and please( 2000) bush- bush u. kerry obtained an twice- larger following during which republicans led another top- 10- bust- presidential race, enabling former incumbent george bush that based its campaigns for produce- or- bread trade candidates, when an democrat- led margin extremely weak.",LABEL_0,False,0.769484281539917,113
111,Cardinals Outslug Astros to Take Opening Game  NEW YORK (Reuters) - Jim Edmonds hit a three-run double to  key a six-run sixth inning as the St Louis Cardinals beat the  Houston Astros 10-7 in the opening game of the National League  Championship Series at Busch Stadium on Wednesday.,LABEL_1,astros and cardinals game open- out and start( ind)- johnny hall rbis an 3- runner homer helps lead the 6- runner extra runs in a saint. louis defeat an ny cardinals 7- 10 during a championship games at a international club season opening against griffith gardens over saturday.,LABEL_1,False,0.9229324460029602,101
112,"22 killed, 100 injured in Nagaland twin blasts : India News  gt; Guwahati, Oct 2 : At least 22 people, including women and children, were killed and over 100 injured when two simultaneous landmine blasts ripped through the busy railway station here and a crowded market place of this commercial town of ",LABEL_0,"2 kills, 110 injuring after separate blasts incidents: national- 2; india, 2014 notes: as present 100 residents, mostly females& elderly, are murdered or near 200 killed, and twin blast incidents tore across either many rail transport houses or some busy residential area from a big village in",LABEL_0,False,0.824769914150238,101
113,"Lucent's history a case study in wild rides If you've ever wondered what ignited America's late-1990s obsession with telecom and tech stocks, you could well argue it all started with Lucent Technologies .",LABEL_2,"today' s history a case study in wild rides If you' ve ever wondered what ignited America' s late- 1990s obsession with telecom and tech stocks, you could well argue it all started with Lucent Technologies.",LABEL_3,True,0.9608771204948425,38
114,"Students crazy about iPod follow the music to Apple laptops (USATODAY.com) USATODAY.com - Apple's trendy iPod digital music player, which has revitalized the company, is giving laptop sales a boost during back-to-school season.",LABEL_3,"kids talking from apple: some answer is our question( ipod. html) music. org- amazon' 99 popular band ##s laptop program, what really transformed an industry, always keeping computer with every try over mid- and- late days.",LABEL_3,False,0.7957088947296143,75
115,"Patriots have memory to feel sorry about Do not bring up last season. Patriots coach Bill Belichick despises talk of the past, except when it helps him prepare his team for the upcoming week.",LABEL_1,"always want some things reflect well if one getting messed over this summer. nfl player, brady always thinks about a past, like whatever they taught them. their teammates before this football championship.",LABEL_1,False,0.7071806192398071,82
116,Sri Lanka batsman fined as Pakistan tie series Sri Lanka #39;s Kumar Sangakkara has been fined 30 of his match fee for showing dissent during the fourth day of the second Test against Pakistan in Karachi.,LABEL_1,"a lankan, known for in pakistan against indo ##man# 4; c j singh) also assessed one in its wicket fee on excessive dissent since this final match in a third odi for india near lahore.",LABEL_1,False,0.747146725654602,103
117,"General Mills converting all US cereals to whole grain GOLDEN VALLEY, Minn. -- Breakfast cereal maker General Mills is converting all of its cereals to whole grain. The company says it becomes the first leading food company to make the move involving cereals.",LABEL_2,"the firm convert the whole cereal from entire grains great mills, ny.-- american food, big companies start changing some with them programs with full grains. a manufacturer said they remains some national food retail supplier who drive this company toward cereal.",LABEL_2,False,0.8153144717216492,85
118,Butt waits on Uefa ruling Newcastle midfielder Nicky Butt is facing up to the possibility of a European three-match ban. The 29-year-old was sent off during Newcastle #39;s 2-0 Uefa Cup win against Hapoel Bnei Sakhnin for grabbing Abas Suan by the throat.,LABEL_1,fans insisted of butt knowing british striker striker him were standing still with any prospect with an proposed 3- week suspension. a 300- pound- butt reported sending away after heading# 3; he 3- 1 super league clash with rivals in gan ##s catching kim adams of another ear.,LABEL_1,False,0.7592529058456421,97
119,"Taking Advantage of the Terminally Stupid Would you pay \$4 for something that, at best, is worth a dime? Concord Communications shareholders would.",LABEL_2,"take account of the very hell Would it spend\$ 4 with something like, at worst, it worth the profit? star tribune they read.",LABEL_2,False,0.7186801433563232,85
120,West Japan on Guard for Aftershocks After Quakes  TOKYO (Reuters) - Residents of western Japan were warned of  possible aftershocks on Monday after two strong earthquakes the  previous day but authorities said the tremors were not directly  linked to a cycle of major seismic activity that hits the  region every century or so.,LABEL_0,japan: for monitoring outside japan during earthquake emergencies( japan)- people near eastern tokyo are warns against any incidents near site during or previous quake this next august or otherwise stated these incidents started immediately immediately prior after these period with intense quake waves which attacked this city this summer and onward.,LABEL_0,False,0.8089299201965332,105
121,Bush Blames Poorly Made Shirt for Bulge (AP) AP - President Bush sees the value  #151; and the humor  #151; in the idea that aides could secretly feed him advice through a radio receiver hidden on his back.,LABEL_0,don' t make up that wrong( ...) AP-- one sees the fact# 151; and the real# 151; in the idea that something must now feed him back on a small radio receiver over its chest.,LABEL_1,True,0.655566394329071,61
122,Black Watch troops move into position The first units of a Black Watch battlegroup are due to arrive today in their new positions south of Baghdad as Tony Blair indicated that more British troops may replace them in the American-controlled zone before the end of the year.,LABEL_0,the british soldiers looked around where any initial forces for each first brigade headquarters is set and arrive early with its previous position south through Baghdad although michael lee believes if new iraqi volunteers will follow us around each un- secured sector around a third for each month.,LABEL_0,False,0.7199676036834717,136
123,Are Gunners in crisis? Gunners have won just one of their last six Prem- iership games and could go out of the Champions League if they fail to beat Rosenborg on Tuesday.,LABEL_1,aren they into shock? arsenal are winners via two and they own four in- season playoffs but may collapse because in no english campaign unless you fear they meet juventus in sunday.,LABEL_1,False,0.7941962480545044,65
124,BSkyB sees profits rise after strong subscriber growth (AFP) AFP - British satellite broadcaster BSkyB said profit rose by 16 percent in the first quarter as the group enjoyed strong subscriber growth in the run-up to the key Christmas trading period.,LABEL_3,BSkyB sees profits rise after strong subscriber growth( AFP)-- British satellite broadcaster BSkyB said profit rose by 16 percent in the first quarter as the group enjoyed strong subscriber growth in the run- up to the key Christmas trading period.,LABEL_2,True,0.9950076937675476,43
125,Al Qaeda Urge Wide-Scale Muslim Resistance Al Qaeda #39;s No. 2 man Ayman Zawahiri called for an all-out armed resistance in the Muslim world against the West and Jews whom he described as crusaders.,LABEL_0,the muslims' us- based militant and qaeda'# 10; qaeda ##no. 14 member ahmed hussain call on a even- more global crusade against all muslims movement of a world islamic terrorists where they describes muslim invaders.,LABEL_0,False,0.7492437362670898,75
126,Final Round in Cable-ISP Fight The U.S. Supreme Court has agreed to hear whether cable operators must give access to their lines to third-party ISPs. Michael Grebb reports from Washington.,LABEL_3,a court on favor- claim that each p. g. high judicial court convened must see if network provider should receive clearance and wire calls of major- service operators. mike kelly: of california.,LABEL_3,False,0.7088159322738647,67
127,"For starters, Giants #39; Manning on mark Manning had a decent debut as a starter, but Delhomme overshadowed the No. 1 pick in the NFL Draft by throwing for a touchdown and running for another in the Carolina Panthers #39; 27-20 exhibition victory last night over ...",LABEL_1,"in manning, manning# 1; early in tony williams gave some good start with any rookie, and had acquired a 3. 0 selection during all draft standings without shooting off an turnover or heading from third with a chicago.# 14; 23- 10 giants on 1st minute of...",LABEL_1,False,0.8329695463180542,95
128,"PeopleSofts big bash See you next year in Las Vegas , proclaimed a marquee at the PeopleSoft user conference in San Francisco in late September. It was one of many not-so-subtle attempts by the company to reassure its customers ",LABEL_3,""" ok. seeing your last weekend from north coast, creating the marquee during an PeopleSoft game convention at las angeles on recent october. they featured two in three never- too- popular initiatives of an organization in support their ...",LABEL_3,False,0.7819521427154541,107
129,EBay #39;s Buy Of Rent.com May Lack Strategic Sense Standard  amp; Poor #39;s Equity Research said the purchase of Rent.com by eBay (nasdaq: EBAY - news - people ) could be a bit of a miscalculation.,LABEL_2,the# 38; d section by rental. org might not trade- wise either; and# 40; the industry analyst thought a sale for rental. it for rent( formerly: retail- e- com) might become some product about the misunderstanding.,LABEL_2,False,0.7668717503547668,75
130,"Sharon to Hold Tense Meeting With Settlers JERUSALEM - After more than a year of avoiding Jewish settlers, Israeli Prime Minister Ariel Sharon has decided to directly confront his former supporters in a meeting about his contentious plan to withdraw from the Gaza Strip and part of the West Bank.    Sharon invited settler leaders to meet with him in Jerusalem on Sunday, just a week before he presents his ""disengagement"" plan to parliament...",LABEL_0,"- but continue his meetings in israel again- during longer as the condition before meeting the parliament, israel general leader israel government, had him first discuss palestinian settler issues with another conference around their proposed plans for withdrawal through a jerusalem district or much like a western jerusalem. israel instructed those present about meeting around them from gaza june 24, roughly ten days after it presented their"" compromise"" plans- sharon...",LABEL_0,False,0.9166985750198364,145
131,"Black Market in British Treasure Sold on EBay (Reuters) Reuters - Pieces of Britain's past, including a\second-century silver ring and a 500-year-old Tudor trade\weight, are among artifacts being peddled daily on the Internet\to the alarm of experts at the British Museum.",LABEL_3,"the trading on historical artifacts found in sale( 2010) key- indicators from auction' t value, and another\ 11th- centuries treasure chest& an three- millennium- bc silver crown\ silver, were also found and sold openly at a web\ the attracting attention by patrons during every uk auction.",LABEL_3,False,0.8440245985984802,95
132,Flat-screen TV prices are falling for holidays But trend provokes industry unrest; panel makers call for drop in retail markups to move units. By Evan Ramstad and Gary McWilliams.,LABEL_3,tv- tv sees sales less expensive under them and this causes price falls; market trends called of drops on sale pricing to pan out. By mark taylor& dave thompson.,LABEL_2,True,0.8229769468307495,59
133,"House passes bill to criminalize spyware fraud The House Thursday passed a bill that would criminalize the use of spyware to commit fraud or other crimes, adding an additional two to five years to federal sentences.",LABEL_3,"- house bills that commit computer crimes this week has enacted the legislation which will allow free users from technology can detect hacking& cheating websites, committing the extra one- four year under the law.",LABEL_3,False,0.76002436876297,73
134,"Dollar Stuck, CPI Offers Little Direction  TOKYO (Reuters) - The dollar moved in tight ranges on  Wednesday as most investors shrugged off lower-than-expected  U.S. inflation data and stuck to the view the U.S. Federal  Reserve would continue raising rates.",LABEL_2,"left off, inflation gives no--(?)- a currency moves at steady position from tuesday after us officials pulled back smaller- per- dollar d. a. dollar prices but shifted toward some direction no r. h. international currency could stop the movement.",LABEL_2,False,0.7958439588546753,85
135,"Chile's Lagos Receives Torture Commission Report &lt;p&gt;&lt;/p&gt;&lt;p&gt; By Ignacio Badal&lt;/p&gt;&lt;p&gt; SANTIAGO, Chile (Reuters) - Chilean President Ricardo Lagosreceived a chilling report on Wednesday from a governmentcommission that interviewed more than 30,000 victims tochronicle for the first time the systematic use of tortureduring Augusto Pinochet's 1973-1990 dictatorship.&lt;/p&gt;",LABEL_0,"president' t office international cooperation council-& capt; f& r;& capt;/ f& lt;& r; s& gs; abdullah abdullah-& r;/ r& gs;& dir;&& dir; lagos, uk( 2010)- chile dictator omar released the torture document for request for the report which asked better at that, million participants detail that this 1st report about historical torture inside chile, chile' m 1979- 2005 regime.& dir;/ s& lt;",LABEL_0,False,0.9005574584007263,133
136,Greenspan Worried Congress to Bar Options Expensing  WASHINGTON (Reuters) - Federal Reserve Chairman Alan  Greenspan on Friday said he was very worried Congress would try  to thwart efforts by the Financial Accounting Standards Board  to require expensing of stock options.,LABEL_2,- for reasons that have option options:( a)- national executive member jeff bennett of committee says she felt somewhat concerned Congress will continue too discourage actions from a canadian financial conduct office and allow use through the stock.,LABEL_2,False,0.7695555686950684,92
137,"NHL Owner Is Criticized for Talking of Replacement Players The day before the regular season was supposed to open, the National Hockey League rebuked a team official yesterday for his comments about the league #39;s strategy in its labor lockout, its second in a decade.",LABEL_1,"the players are criticised during usage by such behavior a season during any nhl franchise team forced will enter, a central nhl commissioner called another stand out against in her comment for a franchise# 7; co. of their october statement, their third of the lifetime.",LABEL_1,False,0.8179161548614502,93
138,"NASA Leader Cites Finances and Submits His Resignation Sean O #39;Keefe resigned as NASA administrator on Monday, saying he is leaving the position he has held for three years to pursue better economic opportunity for his family.",LABEL_3,"business executive, reports or files online newsletter: O# 39; he resign as assistant ceo on thursday, announcing he is departing the place he has held for 30 seasons to achieve higher salary opportunities from our organization.",LABEL_2,True,0.6865458488464355,65
139,"Bad Day for Drug Companies - and Patients  LONDON (Reuters) - Investors in pharmaceuticals were dealt  a triple whammy on Friday as Pfizer Inc, AstraZeneca Plc and  Eli Lilly and Co all shocked the market with bad news about key  products.",LABEL_2,"good friday- drugs manufacturers- including greater britain( london)- investing with pharmaceutical drugs given the double day via twitter after hp global, ibm corporation& doctors mark& david each upset this crowd through negative publicity in drug markets.",LABEL_2,False,0.759379506111145,79
140,"Why Putin is backing Kyoto again Why did Russian President Vladimir Putin decide to ratify the Kyoto Protocol on climate change last week, only six months after his top adviser, Andrei Illarionov, called it a  quot;death treaty?",LABEL_0,"and he keeps doing so but how made putin- why would putin- adopt this international policy for global warming next spring, last seven weeks as its senior executive, igor ##evich, ruled out the treaty; a pact?",LABEL_0,False,0.7941703200340271,77
141,Longhorns face steeper competition against Razorbacks The University of Texas football team is coming off a 65-0 victory over the North Texas Eagles. Texas dominated every facet of the game against the Eagles.,LABEL_1,texas' heavy game at quarterback and college football legends the eagles are pulled with another 38- 21 win at a rival washington wildcats. they face any opposition in each team behind an arc.,LABEL_1,False,0.8088705539703369,69
142,"Zeman #39;s Lecce enjoy heady heights of Serie A When Lecce sold their prolific Uruguayan striker Ernesto Chevanton to French club Monaco in the close-season, many pundits added the southern club to the list of favourites for relegation.",LABEL_1,"player# 1; and may see great years after season'. Lecce joined his fellow argentine winger alberto martinez in paris sc and with a half- back, this has promoted these parisian ##s into all ranks for contenders like champions.",LABEL_1,False,0.767016589641571,95
143,An Afghan 'hanging chad' dispute An independent inquiry is helping to defuse a controversy over ink used in Saturday's election.,LABEL_0,the ongoing' the ink' of a international inquiry are attempting towards defuse some dispute between the columns against pakistan' leading newspaper.,LABEL_0,False,0.732600212097168,71
144,"Calif. Mental Health Services May Expand (AP) AP - As pressures increase on California's mental health system, its workers and advocates say they are forced to do more with a supply of money that seems to shrink each year.",LABEL_0,"11. psychiatric assistance organizations that have( a) status- As costs grow on washington' s state healthcare system, its workers and advocates say they are forced to do more with a supply of services who appears to expand every dollar.",LABEL_2,True,0.721340537071228,59
145,"Microsoft To OK One License for Multicore Chips Customers who use the dual-core processors that Intel and Advanced Micro Devices are expected to begin shipping next year will not need to buy extra licenses for Microsoft software, the software maker will announce next week.",LABEL_3,"next-> ##a- level single processors, which only use intel- licensed chips with embedded or other connected manufacturers, scheduled for start from last date shall always have vendors deliver additional products than each other, any license agreement shall complete this program.",LABEL_3,False,0.754873514175415,91
146,"Jaguar Exit Throws F1 Deeper Into Turmoil  LONDON (Reuters) - Formula One, already struggling to shape  its future and put on a show, is staring into the abyss after  Ford's decision to pull out and sell its Jaguar team.",LABEL_1,"this effectively leaves F1 thrown out the middle( 2008)- car manufacturer, while helping to assess their sales or results on a display, is driven through the abyss from jaguar' s plans of walk down& leave their british market.",LABEL_2,True,0.8326084017753601,99
147,Kiwis trample USrookies LONDON -Nathan Astle #39;s 145 helped give New Zealand a record-setting 210-run victory over cricket rookie United States in the ICC Champions Trophy Pool A match at the Oval yesterday.,LABEL_1,"'' north west-- s# 149;( 144) gives united Zealand the records- shattering 15- 6 victories for fellow team member auckland of an olympic cricket challenge section 1, near a recreation ground.",LABEL_1,False,0.7623607516288757,86
148,"Stability Control Systems Can Save Lives (AP) AP - Stability control systems could save up to 7,000 lives each year if they were standard equipment on all vehicles, according to a study by the insurance industry.",LABEL_3,"advanced vehicle stability systems control.( a) a- ap stability controls can benefit down around 1, 900 people a week since it uses safety systems without these systems, made without the standard from any safety authority.",LABEL_3,False,0.8403593301773071,73
149,"Two hurricanes = two deductibles Many homeowners in the Orlando area suffered a double blow when hurricanes Charley and Frances struck in quick succession. Now, they #39;re smarting from a financial one-two punch - two insurance deductibles.",LABEL_2,"total money= 1: eight hurricanes across this metropolitan region received another bad hit while twins robert or Frances appeared as short form. however, hurricane# 2; de- designated as: two- one-- three total damage.",LABEL_2,False,0.7635636329650879,89
150,"Lawmakers give the space agency greater flexibility in its new &lt;b&gt;...&lt;/b&gt; After a year of wrangling over NASA #39;s \$16.2 billion budget, lawmakers have delivered in a big way, giving the space agency its full funding request and unprecedented spending flexibility.",LABEL_3,"they gives a nasa agencies more room through their w& c; c& b;...& c;/ v& i; since some period since taking out space# 100;$\$ 13. 6 trillion funding, scientists get- like some natural situation, given a same organization their exceptional space experience or financial portfolio commitment.",LABEL_3,False,0.7631103992462158,97
151,NASA Space Station Status Report 10 December 2004 International Space Station crewmembers this week continued research and maintenance activities and prepared for arrival of the next Progress cargo craft.,LABEL_3,: science report nasa reports 20 february 2007- nasa astronaut staff all crew reviewed maintenance& operational systems& prepare of retrieval for all final mission progress vehicle.,LABEL_3,False,0.7728227972984314,59
152,"Chicken Genome Sheds New Light on Human DNA A new study states that 60 of the genes in chicken have close relations to human DNA. This may not comfort those who frequently eat the creature, but may ponder this the next time they order a batch of chicken wings.",LABEL_3,"the research shed fresh lights about chicken: our recent report says about 10 for every gene of chickens takes closer relation of humans genome. these can still bother some which still like this bird, or will explain all this every year we eat this mouthful about human genes.",LABEL_3,False,0.9012974500656128,99
153,No. 2 Wake Forest Rips George Washington (AP) AP - Chris Paul scored 25 points and six assists to lift Wake Forest past George Washington 97-76 in the Preseason NIT in the Demon Deacons' debut as the nation's second-ranked team.,LABEL_1,feb. 21: forests; james davis( waived)*- brian miller contributed 9 point& 2 rbis helping lead Wake plain of dc national 81- 74 despite a 2005 upset despite another revised teams' ranking since each league' l first- place finish.,LABEL_1,False,0.7580804824829102,99
154,Stocks Seen Flat as Earnings Pour In US stock futures pointed to a flat market open Thursday as a rush of quarterly earnings reports painted a mixed picture for corporate profits amid lingering worries over the high price of oil.,LABEL_2,things appeared even while markets analysts of public equity usually referred the stock flat thursday following friday into any round as fresh stock they projected the clear spot into their company despite mutual unease around this inevitable loss into earnings.,LABEL_2,False,0.7450948357582092,95
155,"Symonds century lifts Australia LONDON, England -- Andrew Symonds rode his luck to score the second one-day century of his career as Australia scored 269-6 from their 50 overs against Pakistan at Lord #39;s.",LABEL_1,"his career-− ##10, australia-- john howard pulled their luck would get this 100th two- way over for their century after victoria led 0- 7 off his 20 balls over lancashire off ground# 2; aus.",LABEL_1,False,0.723906397819519,87
156,"UCLA, Notre Dame Win Soccer Matchups (AP) AP - UCLA soccer coach Jillian Ellis was happy to beat her best friend, Princeton counterpart Julie Shackford. After all, a spot in the NCAA championship game was on the line.",LABEL_1,"ultimately, the ncaa title- match( semifinal) best- college football team mary ann were able the win with harvard teammate, stanford coach don edwards. below this, this list for all ucla soccer teams is from this list.",LABEL_1,False,0.8066341876983643,75
157,"Tests Show James Died of Heart Attack LOS ANGELES - Toxicology and other tests determined that funk singer Rick James died last month from a heart attack due to an enlarged heart, with numerous drugs including methamphetamine and cocaine contributing factors, the county coroner announced Thursday.    The death was declared an accident, said coroner's spokesman David Campbell, who emphasized that none of the drugs were found to be at life-threatening levels...",LABEL_0,"results prove he die from cardiac issues but examiner- laboratory or laboratory test confirm: former player Rick James died last month from a heart attack due to an enlarged heart, with numerous drugs including methamphetamine and cocaine contributing factors, the county coroner announced Thursday. The death was declared an accident, said coroner' s spokesman David Campbell, who emphasized that three of all substances had shown to be at heart- risk level...",LABEL_1,True,0.8852337598800659,98
158,"Thaksin in the Firing Line After Massacre BANGKOK/JEDDAH, 29 October 2004 - A bomb ripped through two bars in southern Thailand yesterday, killing two people and wounding about 20, in what could be the first reaction to the deaths of 78 Muslims in police custody this week.",LABEL_0,"still below a red ##line for 2012-/ 7, 11 december 2007- an bullet tore into three vehicles of bangkok district centre, killed four individuals or shot approximately 50, of which may suggest a terrorist response of two killings from seven persons at thai police every sunday.",LABEL_0,False,0.7579407095909119,95
159,It #39;s About Time Sox Became The Champs  And Real Rivals Finally. the New York Yankees and the Boston Red Sox have a bona fide rivalry. Please don #39;t assume that this belongs on the sports pages.,LABEL_1,"in# 38; how that red team got real champions& sports fame"". no more boston yankee"" a"" and boston became the self declared rival. we in# 45; u know if that is from an inside page.",LABEL_1,False,0.8453661203384399,79
160,"France surges into Fed Cup final Defending champion France surged into the Fed Cup final, completing a 5-0 sweep of Spain on Thursday behind singles victories by Nathalie Dechy and Tatiana Golovin.",LABEL_1,"spain surge toward their in- tournament form also leading toward a further Cup finals, after another 10- 5 demolition into france through two set straight won on olivier bernard or dmitry nicolas.",LABEL_1,False,0.7228893041610718,81
161,"Safin tallest obstacle to host #39;s patriotic games hope AS tennis fans go, Houston #39;s Jim  #39;Mattress Mack #39; McIngvale is very rich, extremely forthright, exceedingly patriotic and unflinchingly Republican.",LABEL_1,"s first person they call# 36; holds the highest mark of his teammates there, sam# 34; no.# 34; Mattress ##es# 34; McIngvale was moderately wealthy, physically handsome, exceptionally powerful but fiercely patriotic.",LABEL_1,False,0.7111189365386963,95
162,"Video phones act as dating tools Plus: At 80, fractal discoverer Benoit Mandelbrot says he has much math work left to do. News.com Extra",LABEL_3,"mobile phone- about the other two: over 80, her colleague marc taylor admits he makes considerable math calculations still can play. youtube. uk,",LABEL_3,False,0.7009279727935791,70
163,"Fannie Mae agrees to accounting changes Fannie Mae, facing questions about its accounting similar to those that shook up Freddie Mac last year, has agreed to changes that will bring it in compliance with accounting standards.",LABEL_2,"although they agree or make change freddie money, has inquired whether its accounting corresponds to changes that started up under Mac last year, has agreed to changes that will bring it in keeping from consumer policies.",LABEL_3,True,0.7521295547485352,71
164,"Mobile phone  #39;deafness #39; risk p2pnet.net News:- Defects in Siemens 65 series mobile phones could cause deafness, says the company.  quot;In extreme cases, this volume could lead to hearing damage.",LABEL_3,"- health# 30; business# 33; risk risk. net News:- hearing in the 65 ##th ##l phones could cause deafness, says the company. quot; In extreme cases, the condition can led to further injury.",LABEL_2,True,0.8657102584838867,50
165,"Intel Delays Launch of Projection TV Chip In another product postponement, semiconductor giant Intel Corp. said it won't be offering a chip for projection TVs by the end of 2004 as it had announced earlier this year.",LABEL_3,"which delayed delivery between each market announced on a short delay, electronics provider signal etc.) they may' not delay making this chip of the TVs since a start in 2018 if its already planned for another time.",LABEL_3,False,0.7830801010131836,105
166,"Colts 49, Texans 14 INDIANAPOLIS Peyton Manning completed 18 of 27 passes for 320 yards and threw five touchdowns as the Indianapolis Colts beat the Houston Texans, 49-to-14.",LABEL_1,"houston 28, colts 17- 7 he completion 27 from 42 passed over 17 passes. throwing one touchdown for a indiana indianapolis defeat a dallas colts, 22- 20- 12.",LABEL_1,False,0.8918026685714722,61
167,"PeopleSoft gives in to Oracle, takes bid PeopleSoft Inc. capitulated to Oracle Corp., accepting a sweetened \$10.3 billion takeover offer to end an 18-month battle that pitted PeopleSoft against its investors and led to the ouster of its chief executive.",LABEL_2,"it called in to answer, its clients. com. capitulated to Oracle Corp., accepting a sweetened\$ 10. 3 billion takeover offer to end an 18- month battle that pitted PeopleSoft against its investors and led to the retirement of its longtime partners.",LABEL_3,True,0.9389339685440063,53
168,"Secretary Rumsfeld Remarks En Route to El Salvador SEC. RUMSFELD: As you know, were going to be stopping in El Salvador and Nicaragua and Panama and Ecuador. The first stops will be visits to the places, particularly El Salvador and Nicaragua - countries ",LABEL_0,"president harrison"". ##way- d. p. hall: that we said, he said, take stops at the colombia or venezuelan or argentine but chilean. those next ones may being headed toward either caribbean, including perhaps panama or caribbean-.",LABEL_0,False,0.7411563396453857,85
169,Prosecutor Seeks 8-Year Jail Term for Italy's PM  MILAN (Reuters) - An Italian prosecutor asked a court on  Friday to sentence Silvio Berlusconi to eight years in jail for  bribing judges as the prime minister's four-year corruption  trial reached its closing stages.,LABEL_0,"prosecution sought nine- months' jail on country' ap ##s news( italy)- a accused lawyer urged the panel for prosecutor, sentencing paolo ##ini on 18 year prison sentence on corruption cases at each incumbent governor', seven- term court run neared their last hurdle.",LABEL_0,False,0.8667606711387634,91
170,Virus writers look for work THE WRITERS of the MyDoom viruses are encoding job applications into the latest variants of the bug. According to Sophos the plea for work was found when its boffins were stripping the code of the MyDoom-U and MyDoom-V variants.,LABEL_3,"the the desire of working out authors about some various programs, growing in creation through some different versions with a document. due to this any request after this, made where some editors was writing a scripts of all virus- i or viruses- o families.",LABEL_3,False,0.701043426990509,106
171,"Zambrano Out Early; So Are Mets ENVER, Aug. 17 - Victor Zambrano came to the Mets with radical movement on his pitches, fixable flaws in his delivery and a curious sore spot lingering around his right elbow. ",LABEL_1,"still so late; but no others., nov. 10- david Zambrano comes into a field under some strain around he elbow, minor injuries on its side plus some new hurt area starting in its middle arm.",LABEL_1,False,0.7346211075782776,87
172,Key Martha Witness Gets Wrist Slap (CBS/AP) A former brokerage assistant who helped Martha Stewart make her fateful stock trade and later emerged as a key government witness was spared both prison and probation Friday for accepting a payoff during the government #39;s investigation.,LABEL_2,-- she decided to expose( ap/ s) A wealthy administrative aide who helps susan cook make her personal furniture trade and later emerged as a key government witness was spared both prison and probation Friday for accepting a beating from a witness# 39; s).,LABEL_0,True,0.7341374158859253,68
173,Australia turns down plea for more troops to protect UN staff in Iraq (AFP) AFP - Australia has turned down a diplomatic plea for a contribution to a military force to protect United Nations (UN) personnel in Iraq.,LABEL_0,australian turned forward pleas with deployed forces for guard force personnel under australia( iraq) 2015- iraq must turn back any further request of the reduction on the peacekeeping mission for provide developed countries( eu) troops under australia.,LABEL_0,False,0.7651451826095581,75
174,"Delay in Shuttle Flights The battering that the hurricanes of the last month has inflicted on NASA centers could strain an already tight schedule for resuming shuttle flights, but it is too early to tell how badly, experts said Thursday.",LABEL_3,"late for scheduled flight an impact from this storm over some six months recently reported from space space will cause a incredibly slow delay into scheduled commercial flight, and it grows increasingly difficult for notice when quickly, they progress simultaneously.",LABEL_3,False,0.7406167984008789,81
175,"Oracle #39;s sweet on PeopleSoft Oracle sweetened its hostile bid for rival business software maker PeopleSoft to \$9.2 billion, a 14 increase aimed at resolving the long-running takeover battle between the bitter foes.",LABEL_2,"item# 1; september, 2006: it extended your cash reward on leading independent computer firm oracle inc\$ 7. 35 billion, the new ##p aim on reducing this time- awaited financial disaster for a business community.",LABEL_2,False,0.7122275829315186,74
176,"Jags Cut Compton, Maddox (AP) AP - Veteran offensive lineman Mike Compton and rookie defensive tackle Anthony Maddox were among the 12 players cut by the Jacksonville Jaguars on Sunday.",LABEL_1,"- week later, espn( la) hand- selected veteran quarterback ramon bryant or star center linebacker marcus johnson both as all 15 players cut against a tennessee lions for assignment.",LABEL_1,False,0.7373378276824951,86
177,"Chirac #39;s tour of China magnifies partnership Dialogue between China and France, two countries which highly value cultural diversity and pluralism in international politics, is no doubt conducive to world peace.",LABEL_0,"and# 5; 9. in beijing. peace cooperation among germany& France, one of whose countries embrace human dignity or diversity as foreign missions, becomes a one opposed against making wars.",LABEL_0,False,0.7285279631614685,78
178,"Northern Irish Protestant group pledges to end violence Northern Ireland #39;s main pro-British paramilitary group, The Ulster Defence Association (UDA), has pledged to end all violence and work towards complete disarmament.",LABEL_0,"north ireland armed groups pledge for ending the conflict,# 8; and other protestant- unionist militant movement, a northern ulster organisation( belfast), does pledge towards ending the aggression or struggle against total violence.",LABEL_0,False,0.8361283540725708,67
179,Collaboration suite to help secure tonight's Bush-Kerry debate The U.S. Secret Service and a throng of police and emergency management officials in Missouri will for the first time use a customized Microsoft-based collaboration portal to share security information during tonight's presidential debate.,LABEL_3,collaborative tools- collectively facilitate tomorrow' 07 democratic- presidential debates all w. m. security attache or the host with security& conflict support units at attendance would through these 1st edition developed the secure computer- enabled information link that communicate collaborative technologies throughout yesterday' 04 republican caucus.,LABEL_3,False,0.8361830711364746,95
180,Update: PeopleSoft board won't negotiate Oracle takeover PeopleSoft executives said over the weekend that they won't discuss a sale to Oracle at a price of \$24 per share but would consider an offer at a higher price.,LABEL_3,note: company reportedly will' not pursue further after oracle employees state at all telephone numbers it wouldn' ll welcome the deal for them under any rate below\$ 200 of shares and will welcome the offering as for bargain prices.,LABEL_3,False,0.7855976223945618,79
181,"Philippine Rebels Free Troops, Talks in Doubt  PRESENTACION, Philippines (Reuters) - Philippine communist  rebels freed Wednesday two soldiers they had held as ""prisoners  of war"" for more than five months, saying they wanted to  rebuild confidence in peace talks with the government.",LABEL_0,"filipino- speaking philippines, while at barrio norte, washington( philippines)-- philippine troops captured just four prisoners them has detained the"" soldiers with freedom"" in less in 1 month, claiming we want a regain participation on peaceful dialogue without any rebels.",LABEL_0,False,0.8463248610496521,83
182,"September Retail Sales Up by 1.5 Percent WASHINGTON - Shoppers got their buying groove back last month, propelling sales at the nation's retailers by a strong 1.5 percent. It was the best showing since March...",LABEL_0,"' had went Up by 1. 5% ...- Shoppers got their buying groove back last month, propelling sales at the nation' s retailers by a strong 1. 5 percent. It was the best showing since March...",LABEL_2,True,0.8235585689544678,43
183,"Parmalat Investors Flock to Court Seeking Damages (Update2) Hundreds of Italians who lost savings in the collapse of food company Parmalat Finanziaria SpA flocked to Milan #39;s courthouse, seeking to recover damages as part of the criminal investigation of Italy #39; biggest bankruptcy.",LABEL_2,"as clients rushed before courts seek action( damages) thousands as investors whom sought capital under an bankruptcy law italian giant italy- 1 flock ##a court# 2; sec ##2, sought and seek protection of creditors under an sec ##under in the# 35; k case.",LABEL_2,False,0.8412542343139648,89
184,"Eight children stabbed to death as they sleep A man broke into a school dormitory and stabbed eight sleeping children to death before fleeing. The murders at the Ruzhou No2 Senior Middle School in Pingdingshan, in the central province of Henan, was the ",LABEL_0,"nine kids beaten and died before she realized each person slipped inside the sleeping room but strangled five school staff and kill in desperation. both killings of an beijing city west elementary hospital from sichuan, as both western provinces in china, were a",LABEL_0,False,0.8337055444717407,87
185,"VARs: Stone #39;s Exit Won #39;t Slow Novell #39;s Linux Drive Solution providers last week said they do not expect the sudden departure of Novell vice chairman Chris Stone, who engineered the company #39;s aggressive Linux push, to slow its Linux initiative.",LABEL_3,"note:-# 99; r--# 100; t Slow for# 37; on hard disk system management next door: we still strongly welcome an impending return by senior vice chair robert Stone, which gave this firm# 25; l a new strategy, and oversee our core operations.",LABEL_3,False,0.7157976031303406,135
186,"North Korea Seen as Tying Nuclear Talks to US Election North Korea is waiting out the American presidential election in order to bargain with the winner over its nuclear weapons program, according to analysts here and a British diplomat who left Pyongyang today.",LABEL_0,"the nation said that having in regards in american relations, it are holding up a coming president just on time for vote before an electorate for our strategic nuclear weapons, thanks from washington dc& some japanese reporter which spoke korea before.",LABEL_0,False,0.7520178556442261,87
187,"Panasonic, Toshiba delve into alternate energy A new home heating system from Panasonic is based on a hydrogen fuel cell; it both heats the house and produces hot water.",LABEL_3,"later, to go at higher efficiency this hydrogen home energy unit by japan has modeled into another traditional hot cell; he either heats a space& uses hydrogen liquid.",LABEL_3,False,0.7233394384384155,100
188, #39;Hawks primed to finally surpass Rams Editor #39;s note: ESPN senior NFL writer John Clayton #39;s weekly  quot;First And 10 quot; column takes you around the league with a look at the best game of the week followed by primers for 10 other games.,LABEL_1,# 42; team able and quickly reach playoffs.# 41; nfl ##1: dr. football analyst mark marshall# 9; espn.#; 10& 9:;- bring me across a board for the peek into a last time for all day provided during writers during two previous rounds.,LABEL_1,False,0.7398606538772583,97
189,Eurostocks Nudge Up on Ericsson  PARIS (Reuters) - European shares nosed up on Wednesday as  Ericsson gained on news it had won part of \$4-billion Cingular  deal and with Glaxo buoyed after Pfizer affirmed its outlook.,LABEL_2,some went- in--( ...)- up shares nosed down at sale while Ericsson announced by thursday they quickly got control with\$ 3- trillion global bank holdings by feeling relieved at last confirmed her stake.,LABEL_2,False,0.713252604007721,115
190,"Virus-Free Macs  #147;The single most effective way to avoid viruses and spyware is to simply chuck Windows altogether and buy an Apple Macintosh, #148; writes Walt Mossberg in the Wall Street Journal.  #147;There has never been a successful virus written for Mac OS X, and there is almost no spyware that targets the Mac. Plus, the Mac is invulnerable to viruses and spyware written for Windows. Not only is it more secure, but the Mac operating system is more capable, more modern and more attractive than Windows XP, and just as stable. #148; Sep 17",LABEL_3,"viruses- windows,# 150; an supposedly least obvious route for prevent virus or viruses are not then ditch software, but find a actual mac,# 147; from john stevens about a market- street.# 145; here have there gotten the computer version done of apple mac os, but that has there any virus which attacked this time. today, all computers seem free- write or download, entirely free. nowhere alone appears any less efficient, and any system security infrastructure feels increasingly reliable, increasingly effective but very efficient under microsoft windows, or quite that easy.# 149; may;",LABEL_3,False,0.9244459867477417,197
191,"Siemens Says Cellphone Flaw May Hurt Users and Its Profit Siemens, the world #39;s fourth-largest maker of mobile phones, said Friday that a software flaw that can create a piercing ring in its newest phone models might hurt earnings in its handset division.",LABEL_3,"Siemens Says Cellphone issues May Hurt Users and Its Profit Siemens, the world# 39; s fourth- largest maker of mobile phones, said Friday that a software flaw that can create a piercing ring in its newest phone models might hurt earnings in its handset division.",LABEL_2,True,0.9632043242454529,47
192,Silvestre #39;s double goals help Man. United beat Liverpool Silvestre became Man. United #39;s hero as he scored twice to lift a 2-1 victory over Liverpool for home side when all eyes were on Rio Ferdinand as he returned after an eight-match ban on Monday.,LABEL_1,"players# 36; the two goal. winner. club for that week as well. the# 40; him remained while him converted goals, take an 1- 0 advantage of united despite his performance where those hopes was as high, with him left from the two- game suspension in injury.",LABEL_1,False,0.7814466953277588,99
193,"Strong Earthquake Strikes Central Calif. PARKFIELD, Calif. - A strong earthquake struck Central California on Tuesday that was felt from San Francisco to the Los Angeles area...",LABEL_0,"- earthquakes striking:.. california, ca.- some powerful earthquakes hit northwestern area from seismic activity normally expected at los fernando and a la francisco station...",LABEL_0,False,0.8097941875457764,53
194,Lehmann may have played last Test The 34-year-old tore his right hamstring on day one of the third Test against India at the VCA Ground just as he was presenting a very good case to be retained when captain Ricky Ponting returns from injury next week.,LABEL_1,"has not also been in that a 17- decade- and broke him left shoulder in last two for these last tests from england against a c.- though was, playing some particularly bad side, being saved as manager michael ball return by bangladesh coming next.",LABEL_1,False,0.7250727415084839,97
195,Russian space agency: Space station crew could be forced to return &lt;b&gt;...&lt;/b&gt; MOSCOW Space officials in Russia are joining American officials in talking about the potential consequences of the food shortage aboard the international space station.,LABEL_3,"international cooperation organization: russian space stations can become asked for,& gt; a& c;...& ch;/ e& r; and russian agents from moscow could join us citizens from bringing out these bad results after space gas shortages under some old russian administration.",LABEL_3,False,0.8282079696655273,83
196,"Update 8: Crude Oil Futures Sink to \$46 Per Barrel December delivery crude on the New York Mercantile Exchange dropped 76 cents to \$46.11 per barrel. The benchmark light, sweet crude remained about \$8 a barrel cheaper than its closing record of \$55.17 recorded Oct. 22 and Oct. 26.",LABEL_2,"chapter 11: the crude would continue being\$ 30 at barrels but crude futures from all major american securities board fell below ##6,\$ 5. 99 for dollar. this generally cheaper, lighter price reached around\$ 40 every cent smaller of your prior target for\$ 11. 45 between nov. 25& nov. 31.",LABEL_2,False,0.9057575464248657,103
197,"Social Security Reform a Boon for Funds?  NEW YORK (Reuters) - The bonanza many believe President  Bush has handed the mutual fund industry with his plans to  reform Social Security may be a mirage, industry leaders said  on Friday.",LABEL_2,"financial system: some solution from what?--( 2013)- this view looks around us that bush presented this new fund reform because he pledge could increase retirement benefits might provide no surprise, local papers say by wednesday.",LABEL_2,False,0.7909673452377319,91
198,"Nokia Adopts SD Card Tech into Storage Portfolio To expand the capabilities of SD memory cards in mobile devices, the SD Card Association has recently formed a Mobile Phone Task Force.",LABEL_3,"• introducing mobile storage card through it- and strengthen this role in other card technologies for these projects, a mobile cards society association jointly run an smartphone technology technical office.",LABEL_3,False,0.8079582452774048,63
199,"Stellar Putting Gives Europe a 2 - 0 Ryder Cup Lead Inspired by a brilliant putting display, holders Europe secured the first two points in the opening fourball matches against the United States at the 35th Ryder Cup Friday.",LABEL_1,"the lead afforded them this 4- 4 masters Cup game marked through an best serve set, yet Europe held this number 2 spot for a global draw spot after both participating countries in an 2018 fed global tournament.",LABEL_1,False,0.7126200199127197,104
200,"Accused deserter surrenders in Japan An accused US Army deserter has surrendered at a US military base near Tokyo to face charges filed in 1965, the Kyodo news service reported.",LABEL_0,"japanese army surrender 14 february a alleged con- soldier said been in some united forces compound around osaka. get prosecution later on 2016, a japan investigation agencies agency.",LABEL_0,False,0.7604607343673706,61
201,"SpaceShipOne Rolls Toward Victory MOJAVE, California -- A Southern California aerospace team took a big step toward capturing the \$10 million Ansari X Prize Wednesday, but not without surviving a scary moment when the pilot found himself in a rapid spin as he roared across the threshold ",LABEL_3,"- heading: mission bay, ca-- the central coast flying mission and the massive push into winning this\$ 20 billion space exploration Prize tonight, and then above. another crucial part where this driver flung itself over the slow motion. it rolled over it!",LABEL_3,False,0.727130651473999,106
202,"Sales aren #39;t making the grade Retailers in Michigan delighted when students returned to the classroom, but the back-to-school sales haven #39;t generated the kind of dollars many projected.",LABEL_2,"and at# 31; are all those major schools through town, whose kids return after this school, or these ready- made- store stores at# 36; have made a value from money and dollars.",LABEL_2,False,0.7275689244270325,67
203,"News Corp plans for poison pill News Corp, the media group led by Rupert Murdoch, on Monday announced plans for a poison pill rights issue to prevent a hostile takeover by potential predators such as Liberty Media, one of the company #39;s largest shareholders.",LABEL_2,"the hoped- after poisoned news group company, another industry firm controlled of david cameron, over thursday confirmed calls of some prescription pharmaceutical regulatory measure that allow some quick reaction against corporate holdings like only virgin america, and among largest global# 20; liberty media holdings.",LABEL_2,False,0.8309499025344849,91
204,"How Serious Is Pfizer #39;s Condition? The stock is feeling some pain these days. However, this drugmaker has enough going for it that the illness shouldn #39;t last. Amid nervousness over the future of Pfizer #39;s arthritis pain treatment Celebrex and ",LABEL_2,"which exactly does that# 30; a illness? every stock are showing a problem this time. no, the drug had plenty but had pain because this pain is# 40; out there. any debate about any effectiveness about your# 40; a prescription deals with it;",LABEL_2,False,0.7232884168624878,103
205,"Smart phones to make up 16 of market LONDON-A new study shows that the market for smart phones will continue to increase during the next several years, with global shipments growing from 14.",LABEL_3,"the need for take only 20 from those markets- this 2016 report reveals if those markets of their smartphone products continued in grow within each current 15 countries, as mobile sales increasing over years.",LABEL_3,False,0.7723404765129089,69
206,"Spike Lee Wins Cybersquatting Case Against Porn Site Movie director Spike Lee has won his\cybersquatting case against a Philippines-based operator who\misused the domain name to redirect surfers to a pornographic\Web Site, arbitrators ruled Friday.",LABEL_3,"- while winning his decision over internet- marketing expert bill Lee lee wins our\ porn fight from another internet- related plaintiff when\ configured a site incorrectly, lure you for an fake\ porn account, and in error.",LABEL_3,False,0.7933567762374878,91
207,"Australia to Relocate Embassy in Baghdad (AP) AP - The Australian embassy in Baghdad is to be moved into the strife-torn city's heavily fortified Green Zone, the government said Tuesday.",LABEL_0,"- australia australia consulate at iraqi( al) baghdad- an arab office from melbourne needs will get relocated near a bomb- ravaged baghdad' l strategic strategic defence area, a minister announced earlier.",LABEL_0,False,0.8836557865142822,63
208,Tata CS celebrates profits uplift Indian software giant Tata CS unveils sharply higher profits in its first set of results since its stock market launch.,LABEL_2,"company- its successful and emerging technology, indian CS generated dramatically increased profit after their latest level on activities after their indian corporate days.",LABEL_2,False,0.7422730922698975,65
209,"Oracle Fails to Inspire Tech Rally Oracle Corp. handed the software industry some positive earnings news after the bell on Tuesday, but investors pulled cash from the sector on concerns that information technology spending has become anemic.",LABEL_2,"it failed to achieve Tech that the Corp. handed the software industry some positive earnings news after the bell on Tuesday, but investors pulled cash from the sector on concerns that information technology spending has become anemic.",LABEL_3,True,0.7900118827819824,43
210,"ASEAN moves closer to single market with  #39;road map #39;, global trade &lt;b&gt;...&lt;/b&gt; JAKARTA : ASEAN finance ministers ended a meeting which saw Southeast Asia edge closer to a Europe-style single market, laying out a  quot;road map quot; for integration and opening doors to wider global trade.",LABEL_2,"asia move nearer; one; map# 1; market trade# 9;, world map& one; a& g;...& one;/ aa& g; 2017: indonesian financial council has another vision what includes an asian market leading toward an european- a common hub, or just this region; and no 1; with marketing to open markets which foster international integration.",LABEL_2,False,0.8764497637748718,109
211,"Musharraf Hopeful For Kashmir Solution ISLAMABAD, Pakistan : Nov 10 (SADA) - President General Pervez Musharraf Tuesday hoped that debate on options he spelt out recently on Kashmir issue would take Pakistan and India closer to find out the settlement of decades-old dispute.",LABEL_0,"- campaign by pakistan- kashmir, 2014: may 23( 2015)-- president general pakistan has announced on discussions for solution they put up for in punjab kashmir might see kashmir for pakistan harder on finding even a solution against year- long disputes.",LABEL_0,False,0.7599632740020752,85
212,"For Neglected Video, a Hollywood Touch A growing cottage industry is taking customers' raw home video and putting it on DVD, in some cases producing short movies with sophisticated cinematic effects and a musical soundtrack.",LABEL_3,"with a time, the new, increasingly lucrative, company starts grabbing peoples' very personal videos& making they onto DVD, within these locations creating such films without a film technique but some minimal background.",LABEL_3,False,0.7302613258361816,84
213,"Movies in a snap: Netflix and TiVo discuss downloads Bee Staff Writer. The high-tech ground is shifting underfoot again, amid rumblings of a new Silicon Valley alliance that would let owners of TiVo Inc.",LABEL_3,""" for an moment: you& TiVo the downloads Bee, Writer. this fast- paced bubble looks already happening there, despite hopes from the small south pacific market who must ultimately come into TiVo business.",LABEL_3,False,0.7202056646347046,141
214,"Convicted spammer gets nine years in slammer A brother and sister have been convicted of three felony charges of sending thousands of junk e-mails; one of them was sentenced to nine years in prison, the other was fined \$7,500.",LABEL_3,"--- 10 months per court four brothers or sisters has a victim on four criminal offenses for getting mail from fake direct- mail; two in him is sentencing for 20 year of imprisonment, a former one suspended\$ 500, 000.",LABEL_3,False,0.7947820425033569,83
215,Economy Grows at a 3.7 Percent Rate in 3Q The US economy grew at a 3.7 percent annual rate in the third quarter - a pace that was slightly better than in the spring but not as strong as many analysts expected.,LABEL_2,growth came through the 4. 3 percentage percent of gdp of the$ 3 in the 12. 3 dollar percent growth of all 3rd quarters- an rate which looks even stronger as from a 1990s and is less slow that our investors expect.,LABEL_2,False,0.7910019755363464,87
216,Lebanon political drama plays out Syrian scipt The stage is Beirut and the actors are Lebanese; but the audience knows the drama surrounding selection of the countrys president is being produced in Lebanons powerful neighbour Syria.,LABEL_0,"the lebanese government sends up a play, syria has lebanon or all people is beirut; and each producer is a film; role from a lebanon conflict are well developed as the syrian/ syrian.",LABEL_0,False,0.866849958896637,73
217,"One of nation #39;s hottest coaches, Tedford will shock nation and &lt;b&gt;...&lt;/b&gt; The T-shirt was the brainchild of Bob Rose, the University of California #39;s aptly named executive associate athletic director for communications, and it speaks to the school #39;s football revival on numerous levels.",LABEL_1,"and through the# 1; k former fans, he should see# 1& d; 1& d;...&?;/ h& h; this tee- shirts is an work on ted williams, a college from florida# 19; he recently hired assistant state coaches vp of sports, team he leads toward each annual# 9; celebrating team success of national football.",LABEL_1,False,0.7309007048606873,109
218,"China Iron Mine Fire Death Toll Rises to 57  BEIJING (Reuters) - The death toll from a fire that swept  through an iron mine complex in the northern Chinese province  of Hebei rose to 57, with three miners still missing, Xinhua  news agency said on Monday.",LABEL_0,"chinese national steel project deaths- rise at 60;( 2016)-: total deaths of the mine who went at every active iron mine across all northeastern china provinces near beijing rises of 59, from 50 dead already there, beijing press bureau or by air.",LABEL_0,False,0.8433445692062378,91
219,"Ireland blocks calls to 13 countries to thwart internet scam Ireland #39;s telecom regulator said this week that is taking  quot;extraordinary quot; measures to protect internet users from rogue autodialer programs that hijack their modems and run up long-distance phone charges by suspending direct dialing to 13 countries, most ",LABEL_3,"- blocked calling in one country, address online fraud attack# 1; called ##net; announced every calling which came wrong,; no charges; claimed: shield their customers of malicious internet viruses which invade telephone line& set back unlimited- duration calls only if blocking/ switching at one country,)",LABEL_3,False,0.7418475151062012,105
220,Glazer bid for Old Trafford falls flat Malcolm Glazer #39;s bid for Manchester United is dead in the water after major shareholders John Magnier and JP McManus told the American there was no basis for a deal.,LABEL_1,"a deal with current english league champions, london# 9; and bid on london stadium, dead from his works with whose firm rob young or john phillips assured no press this left an opportunity as another buyer.",LABEL_1,False,0.7225093841552734,105
221,"Cassini flies past Titan; pictures expected tonight NASA #39;s Cassini spacecraft streaked by Saturn #39;s smoggy moon Titan today, targeted to pass within just 750 miles of the planet-sized satellite to give scientists their first ",LABEL_3,"spacecraft flying by it; mission titan- titan# 38; one small satellite flew over them# 38; and the probe. saturn, predicted and arrive outside some 15 kilometres on planet titan- s prepared for show them its:",LABEL_3,False,0.8100579977035522,77
222,"Afghan Army Dispatched to Calm Violence KABUL, Afghanistan - Government troops intervened in Afghanistan's latest outbreak of deadly fighting between warlords, flying from the capital to the far west on U.S. and NATO airplanes to retake an air base contested in the violence, officials said Sunday...",LABEL_0,"afghanistan military deployed during present situation afghanistan, afghan- afghan police intervene amid kabul' still violent state amid violent clashes among troops, fly into western kabul using air ##fight northwest from c. u. or european planes that storm the important facility resulting from a war, cnn stated-...",LABEL_0,False,0.9318889379501343,95
223,"Sports Calendar Bolton Over-30 women's soccer. The Close-To-Home soccer league is looking for female players 30 and olderver for the fall season for a team in the Bolton area. Interested candidates can expect refereed games, a friendly atmosphere, and renewal of basic skills. All levels of experience welcomed. Contact Miriam Kandansky at 781-442-0750 or through e-mail at Miriam.Kadanskysun.com for more details.",LABEL_1,"the annual local 26- 29 female' soccer game. another closer- than- the football club league offered toward women of age but available after any next seasons after this season for this same division. potential members should find exciting clubs, any nice job, or development for their talents. some hours by contact follow. visit george w through 11- 11- 7 and by email- letter from mrs. soccer. look on personal info.",LABEL_1,False,0.7578678727149963,141
224,PeopleSoft Investors Urged to Tender Shares  NEW YORK (Reuters) - Oracle Corp. on Thursday said in a  letter to PeopleSoft Inc. stockholders that it would withdraw  its hostile takeover bid if less than half of PeopleSoft shares  were tendered by the offer's deadline.,LABEL_2,some are seeking their offer the following company( new)- sony Corp. on youtube said in a letter to PeopleSoft Inc. stockholders that it would withdraw its hostile takeover bid if less than half of PeopleSoft shares get sold by either firm' s investors.,LABEL_3,True,0.8402217626571655,60
225,"Phelps faces possible jail term Olympic swimming champion Michael Phelps may face a jail term after being arrested on drink-driving charges last week in Salisbury, Maryland.",LABEL_1,"he- current olympic re- swim hopeful- he can get the prison sentence from while jailed if alcohol- assault allegations any road near frederick, md.",LABEL_1,False,0.7058265209197998,55
226,"Soldiers' War Blogs Detail Life in Iraq Iraq war blogs are as varied as the soldiers who write them. Some sites feature practical news, war pictures and advice. Some are overtly political, with more slanting to the right than to the left. Some question the war, some cheer it.",LABEL_3,"soldier' War Blogs Detail Life in Iraq Iraq' blogs are as varied as the soldiers who write them. Some sites feature practical news, war pictures and advice. Some are overtly political, with more slanting to the right than to the left. Some question the war, some cheer it.",LABEL_0,True,0.9928920269012451,52
227,"Cards won #39;t overlook Dodgers The last time Tony La Russa managed a postseason series against the Dodgers, his club was an Oakland juggernaut that dominated the regular season with 104 victories.",LABEL_1,"cardinals win# 8; angels ##fc ##s with most games against. ##rra won the major award of a postseason, their victory became some outstanding one who surpassed this entire field of series wins.",LABEL_1,False,0.729720950126648,67
228,Econ Edge: The Economic Week Fed Governor Speaks (12:45 pm ET) Federal Reserve Governor Mark Olson speaks about his economic outlook at a roundtable lunch in Toronto.,LABEL_2,the following: a new canadian finance minister appearance( 12: 45 pm ET) the current leader Mark latham speaks about his economic outlook at a sunday dinner in ottawa.,LABEL_0,True,0.5997695326805115,55
229,"Another homicide in Holland  It is a sad day.      In what seems to be another politically inspired homicide in Holland, Dutch filmmaker, and controversial columnist Theo van Gogh was brutally murdered in the streets of Amsterdam this morning.",LABEL_0,"a murder within netherlands itself remains another terrible tragedy. for which happens, and this particularly notable day on 2016, the eccentric, radical political writer johannes willem holland became fatally killed by a street in holland in may.",LABEL_0,False,0.8021885752677917,77
230,"COLUMN: Many Struggle to Comply with Sarbanes Rules A flurry of companies may miss the deadline to comply with new regulations brought in after the corporate scandals of 2002, but the key for investors will be to judge how serious the underlying problems really are.",LABEL_2,"business: some try, align against current practices huge number that corporations must miss some time or cope against any challenges rolling about on any financial report by 2006, and this problem in all must have some assess why severe underlying financial issues still matter.",LABEL_2,False,0.7266296148300171,105
231,"Prodigy Adu Learns His Trade at DC United  WASHINGTON (Reuters) - Teenager Freddy Adu, America's most  talked about soccer player, has hardly set the league alight  with his skills in his first season.",LABEL_1,"freddy having learned some trades of his- american( soccer)- now nicknamed freddy, washington' t recently told out ##boy soccer, will recently get some club level of any talents with him sophomore team.",LABEL_1,False,0.7451621294021606,67
232,Mears wins Busch pole Casey Mears set a track qualifying record and won his third NASCAR Busch series pole of the season Thursday at Homestead-Miami Speedway.,LABEL_1,-- race winner jeff Mears held no nascar track records but secured he 3rd us cup pole while in a series season on dodge- shell motorsports.,LABEL_1,False,0.829779326915741,69
233,"Game swings back and forth as Giteau toys with England  #39;s defence After so many signs of a fresh enthusiasm and a new sense of adventure in the England side, they ended their autumn series on a backward note, losing to the side they had beaten in the World Cup final.",LABEL_1,"then moves down& off against one another as world# 11; 4) with still fond memories as this youthful game but the familiar brand with play with some british army, it continued our final game from those bitter sunday, lost before a england it- beat before a european quarter quarterfinals.",LABEL_1,False,0.7264565229415894,105
234,"Clearest view yet of Saturn #39;s largest moon Scientists controlling the cameras aboard the Cassini spacecraft in orbit around Saturn have just recovered two extraordinary, contrasting images of the planet #39;s most intriguing moons.",LABEL_3,"best picture: the moon# 29; most large- observers: each camera for all saturn missions of search on planets is only seen by clear, close views on either saturn# 9; their more prominent moon.",LABEL_3,False,0.8775347471237183,73
235,World Cup triumph means more money England #39;s first Rugby World Cup triumph a year ago generated profits of 13.5 million pounds (\$29.8 million Cdn) despite the loss of revenue from a lack of home games.,LABEL_1,"international trophy victory, meaning that world# 16; s. Rugby World Cup triumph a year ago generated profits of 13. 5 million pounds(\$ 29. 8 million Cdn) despite the loss of income of a week of english football.",LABEL_2,True,0.9182324409484863,54
236,"Bombardier shares slump as CEO leaves Bombardier, the troubled Canadian maker of aircraft and trains, saw its shares fall by around 20 per cent in Toronto, after it announced that Paul Tellier was stepping down early as president and chief executive officer.",LABEL_2,"its resulting year the company of canada, another leading national manufacturer from locomotives& carriages, reported their share falling below over 30 in share since 2006, while they reported on john kelly: laid away, the chairman& remaining corporate member.",LABEL_2,False,0.7841823697090149,85
237,"AMD Launches Low-Cost Web Device Advanced Micro Devices is launching a low-cost Internet access device dubbed  quot;PIC, quot; or personal Internet communicator, targeted at first-time computer users in the developing world.",LABEL_3,"micro+ mid- price pc/ web based manufacturer begun building the lower- end web interface technology called pic; or, internet; and internet access interface, targeting for self- run device makers during this new millennium.",LABEL_3,False,0.8207049369812012,71
238,Brokerage Settles Charges Over Mutual Fund Fees  A Fort Worth brokerage that sold high-fee mutual funds to military families agreed yesterday to pay \$12 million to settle allegations that it used misleading marketing literature and scripts.,LABEL_2,- the fight with the professional. one$ 600 transaction which sells fixed- price trust fund for military investors said plans$ offer\$ 500 000 of settlement charges as allegedly represented questionable legal procedure or fraud.,LABEL_2,False,0.727716326713562,89
239,"Oil prices rise on fears about Yukos production Oil prices briefly bolted above \$45 a barrel yesterday, then retreated toward \$44, in a volatile day of trading after Russian oil giant Yukos said its output could suffer because of a court ruling that froze some of its assets.",LABEL_2,"the price rose at and around the day: production nearly jumped below\$ 44 this year early, or slipped into\$ 45, with some brief case on panic as foreign petroleum supplier russia says our markets will rise outside that some judicial decree who frozen any for our oil.",LABEL_2,False,0.756194531917572,97
240,Sneaky Credit Card Tactics Keep an eye on your credit card issuers -- they may be about to raise your rates.,LABEL_2,some bad little tricks lay some issue at your money card holders-- they might are about an increase their money.,LABEL_2,False,0.7176598906517029,63
241,"Consumer Confidence Hits 7-Month Low   NEW YORK (Reuters) - U.S. consumers turned more gloomy in  October, beset by soaring energy prices, relentless violence in  Iraq and the increasingly bitter end of the presidential  election campaign.",LABEL_2,"- latest reports 7- year prediction and outlook( 2012)- U. S. climate turned more gloomy in October, beset by soaring energy prices, relentless violence in Iraq and the increasingly bleak politics of another democratic presidential nomination.",LABEL_3,True,0.5823332071304321,64
242,"AOL drops Microsoft antispam technology com September 16, 2004, 1:15 PM PT. This fourth priority #39;s main focus has been improving or obtaining CRM and ERP software for the past year and a half.",LABEL_3,"AOL to use microsoft. friday march 4, 2003, 2: 50+ p. early afternoon-# 12; no ##4 priority- was finding and replacing it to help programs across both next millennium plus to beyond.",LABEL_3,False,0.7678413987159729,87
243,"Colombia Says Irish Fugitives Have Fled Country  BOGOTA, Colombia (Reuters) - Three Irish fugitives  convicted of teaching leftist Colombian guerrillas how to make  bombs have escaped the Andean country and are at large outside  its borders, Colombia's attorney general said late on Thursday.",LABEL_0,"bbc news the two who escape- colombia, ireland( 2015)- four colombian exiles accused with killing suspected ira assassins manage, evade arrests then flees a irish state or goes near least beyond their border, bogota' irish consul himself says that since friday.",LABEL_0,False,0.9044662117958069,87
244,Tennis: Season over for tired Henin-Hardenne BRUSSELS : Olympic champion Justine Henin-Hardenne announced that her season is over because of persistent fatigue brought about by her struggle to recover from a long-term virus.,LABEL_1,"notes: match ##ups in justine hen- hen ##s: world finalist amelie star- hen said about his tournament still ongoing, that chronic strain coming on despite his trying physical recovery against some short- reign infection.",LABEL_1,False,0.7215509414672852,71
245,"China Closes 1,600 Internet Cafes in Crackdown China shut 1,600 Internet cafes between February and August and imposed \$12.1 million worth of fines for allowing children to play violent or adult-only games and other violations, state media said.",LABEL_3,"taiwan closed 11, 250 network outlets online. taipei closed 5, 300 web users across march 2013 march 2013 [UNK]\$ 15. 17 trillion, for penalties on using internet- ban children and kids- playing game or security breach, china has condemned.",LABEL_3,False,0.7719206809997559,85
246,Socceroos lead at break The Socceroos lead the Solomon Islands 4-0 at half-time in their Confederations Cup qualifier in Honiara. A double from midfielder Josip Skoko and strikes to Ante Milicic and the impressive Brett Emerton have ,LABEL_1,"the team from half a way led over pacific oceania 0- 4 after semi- qualifying during its fed cups opener at brisbane. they cross of croatian oliver sava, two against mark martin, then winner matthew jones of",LABEL_1,False,0.7419012784957886,79
247,"UPDATE:Sinopec 1H Pft Up 51; To Raise Refining Capacity HONG KONG (Dow Jones)--China Petroleum  amp; Chemical Corp. (SNP), the country #39;s second-largest oil and gas producer, Monday reported a 51 jump in first-half earnings and said it plans to boost its refining capacity by about one-fifth over three years.",LABEL_2,"notes:* 5+ 1 1;- strengthen producer facilities chinese power( p ##d)-- canadian oil pt; c ltd.( co), p co# 1; h ##na- china petroleum& refining giant, has announced the 50% of upper- stage capacity& says its planned at raise their processing capacities at over 1- seventh for 3 year.",LABEL_2,False,0.7373785376548767,111
248,"After a decade of silence, Cambodia's cinema enjoys resurgence (AFP) AFP - After a decade of silence, Cambodia's movie industry is enjoying a boom due to a dash of Hollywood attention, burgeoning nationalism and cheaper production costs, industry insiders say.",LABEL_0,"before the decades with quiet, people'' film- industry( s) boom- before those years in hiatus, everyone' their cinema culture has in some resurgence. for this decade with more film, better economy& decreased entertainment demand, cambodia makers think.",LABEL_0,False,0.8619926571846008,83
249,"Georgian president calls for international conference on South Ossetia TBILISI, Georgia  Georgian President Mikhail Saakashvili appealed to world leaders Tuesday to convene an international conference on the conflict in breakaway South Ossetia, where daily exchanges of gunfire threaten to spark ...",LABEL_0,"georgia georgian president from the dialogue with central committee conference, moscow, georgian pm he suggested for foreign countries leaders"" call a extraordinary summit with a war on south: south, when international exchange between voices appeared in emerge...",LABEL_0,False,0.8283376693725586,81
250,"A mixed economic bag in July Factory orders in July for costly manufactured goods recorded the biggest gain in four months. New home sales, meanwhile, slid, according to a pair of reports ",LABEL_2,"another large retail surplus of exchange of goods before preparation into bulk new products marked a largest gain during one year. the home production, though, did, owing on this mix that:",LABEL_2,False,0.7210819721221924,93
251,"Internet pioneer closes Manitoba pharmacy; blames dollar, uncertain climate (Canadian Press) Canadian Press - WINNIPEG (CP) - Just one year ago, Mark Rzepka was opening a  #36;1-million Internet pharmacy in the small Manitoba town of Niverville believing he would be able to quadruple his staff within 12 months.",LABEL_0,"- now closed internet business; uncertain location, difficult terrain( cbc website) national exposure- WINNIPEG( CP)- Just one year ago, Mark Rzepka was opening a# 36; 1- million Internet pharmacy in the small Manitoba town of Niverville believing he might be struggling to pay our bill after 12 month.",LABEL_3,True,0.909174382686615,69
252,"Report: Dhanraj no longer needed: Coach With Australia pulling out of the Champions Trophy to be held in Pakistan in December due to security reasons, India will replace the Aussies in the tournament.",LABEL_1,"notes: coach is kidding remarks: ¹ although pakistan kicked off in 2013 icc championships could come back for australia after 2015 according of financial complications, who would assist these australians for this process.",LABEL_1,False,0.799123227596283,67
253,"Men Set for Sizzling Duel in 100 Meters ATHENS, Greece - The preliminaries in the 100 meters were perhaps just a sample of what's to come Sunday, when a talented group of qualifiers - including Americans Shawn Crawford, Justin Gatlin and defending champion Maurice Greene - will try to turn their competition into the fastest show at the Athens Games.    Five men broke 10 seconds in qualifying Saturday, led by Crawford's time of 9.89...",LABEL_0,"was preparing in the games of 300 meter greece, athens- this events at both 50 metres. really being some prelude for that' 90s game play tonight, now some special jury under four- with competitors nick miller, craig smith or past competitor matt thompson- must have them translate our time for a main meet through an european meet. two people ran the fastest for competition qualifying, inspired off johnson' the result with 10. 23...",LABEL_0,False,0.8489722013473511,149
254,"Citigroup's Ex-Exec May Face SEC Action  NEW YORK (Reuters) - Citigroup Inc. &lt;A HREF=""http://www.investor.reuters.com/FullQuote.aspx?ticker=C.N target=/stocks/quickinfo/fullquote""&gt;C.N&lt;/A&gt; on Friday said  U.S. securities regulators may recommend enforcement  proceedings against the former head of Citigroup Global  Investment Management.",LABEL_2,"company' new co- member might be ex- global management( 2017)-- ca.& ft;? ##id="" doi:// g. e. news. org/ stock. md? title= ca.& ##nd=/ stock/ index/ 1""& gs; ex. ac& gs;/ ae& e; gs. most i. t. financial authorities can take action specifically upon an acting decision against sec of securities commission.",LABEL_2,False,0.8199522495269775,113
255,"SBC Gives Microsoft \$400 Mln Internet TV Deal  WASHINGTON (Reuters) - SBC Communications &lt;A HREF=""http://www.reuters.co.uk/financeQuoteLookup.jhtml?ticker=SBC.N qtype=sym infotype=info qcat=news""&gt;SBC.N&lt;/A&gt; will use  Microsoft Corp. &lt;A HREF=""http://www.reuters.co.uk/financeQuoteLookup.jhtml?ticker=MSFT.O qtype=sym infotype=info qcat=news""&gt;MSFT.O&lt;/A&gt; technology to launch video services  over upgraded high-speed data lines, the companies said  Wednesday.",LABEL_3,""" and company\$ 500 price of service.""( 2014)-* news& interview; data format="" www:// http. reports. corp. b/ data. in? topic= information. l ##v=& reuters= com ##port= 3""& t; details. b& dt;/ os& lt; can ##ting the name.& dt;- content="" https:// news. events. gov. b/ data. com? content= news. dl ##c="" reuters=/ news= 13""& l; com. b& t;/ o& lt; intended by deliver digital communications through more large- bandwidth internet services, these developers stated earlier.",LABEL_3,False,0.7704371213912964,163
256,Bush Faces Heavy Pre-RNC Travel Schedule (AP) AP - President Bush charges into the final runup to the Republican National Convention with a heavy campaign schedule in key states he needs to carry in November.,LABEL_0,there' re some- and- ap(-)--> is heading with some early rush to a next republican contest for a demanding travel budget in all counties it intends on visit until august.,LABEL_2,True,0.7517247796058655,68
257,"Time Warner settles with DOJ, SEC for \$510 mil Time Warner Inc. on Wednesday settled criminal securities fraud charges the government leveled on its America Online unit, agreeing to pay \$210 million to end the Justice Department #39;s probe.",LABEL_2,"it later settle for undisclosed, paid in\$ 800 with Time partners com. in, all 10 alleged false leads that sec found into our sec surveillance network, but it settle\$ 300 000 and a ##c police commission# 9; 2016).",LABEL_2,False,0.7695230841636658,95
258,Generals May Pay a Price for Iraq Abuse WASHINGTON - The Abu Ghraib prisoner abuse scandal could effectively end the careers of four Army generals who are linked indirectly to the misconduct but face no criminal charges.    The four are singled out for varying degrees of criticism - mixed with instances of praise - in two comprehensive investigative reports released last week...,LABEL_0,they only accept any premium on costs;]- general counsel said military service scandals can easily reveal some existence about two major commanders whom is privy somehow in every scandal and committed the actual abuse. those two have put forward very similar situations for abuse- consistent across themes in abuse- for three us congressional interviews given this episode...,LABEL_0,False,0.7477171421051025,119
259,"CSFB May Cut Costs by Merging Units, Shedding Jobs, People Say Credit Suisse First Boston, the securities arm of Switzerland #39;s second-biggest bank, plans to cut costs by combining some units and eliminating jobs, people familiar with the matter said.",LABEL_2,"it can reduced cost through combine unit, merging companies, who are finance companies credit corporation, another credit subsidiary with asset# 1; and ##nb- b ##1, wants the cut cost via merging all stocks or new businesses, those dealing on a units basis.",LABEL_2,False,0.7268456220626831,98
260,"Treo 650 on Monday? \\The blogs  are buzzing  that the Treo 650 will be released on Monday.\\From Gizmodo:\\""Not only have they announced special ""news"" next Monday at the CTIA Wireless\Conference in San Francisco, earlier this week someone with PalmOne\accidentally sort of, you know, told me. I told them I'd keep quiet as long as\they did, but if they're going to go and announce it with a wink and a nod, I\think I've done my part.""\\If they do this right I'll be sporting a Treo 650 soon! \\Of course if this is true:\\""File it under hoping I'm wrong. Several reports have filtered in from people\who have had hands-on time with pre-release Sprint versions of the upcoming\Treo 650. These reports say that the Treo wi ...\\",LABEL_3,"$ 500 that tuesday?\\ all people already aware of an next one would stop coming until sunday.\\ on twitter:\\"" oh coincidentally- it released its"" report"" last week from a georgia tech\ headquarters at bon juan, like the evening before that nobody\ and all that, your idiot, bothered it. they informed it it' be kept silent too carefully by\ he ##p, or unless it' c willing ta ask or hear them after either reply or the call, they\ hope it' f learned their lesson.""\\ will it happen? ... don' t bother buying any new communications system!\\~ hope for all safety assured:\\"" describe them as: my' d excited. no communications date gone off of someone\ having just established spot- off contact of early- launch mobile version at this classic\/ com. all updates know about this _-...\\",LABEL_3,False,0.7547779083251953,281
261,"Boeing, IBM Strategic Alliance Boosts Net-Centric Technology From the 1950 #39;s until the present, one of the dominant companies in the world #39;s computer industry. Offers a variety of data processing hardware systems, system and application software, and information technology services.",LABEL_3,"also, the technology corporation and j- net technologies of those 1990s# 29; systems at large firm, two by those top firms of a former# 28; boeing aerospace corp. introduced an blend between cloud based computer services, embedded& parallel architecture, plus new network capabilities.",LABEL_3,False,0.8458195328712463,89
262,"Like father, like son in Chrysler Classic If Brent Geiberger was pleased to win the Chrysler Classic of Greensboro, his father Al was positively ecstatic.  quot;I was going absolutely crazy watching it all unfold.",LABEL_1,"in dad, only ever of the world that david pearson felt ready of play a grand prix like indianapolis, your dad Al became absolutely fantastic. oh; you guess just slightly wild watches they turned out.",LABEL_1,False,0.7308911085128784,85
263,"U.S. Says N.Korea Blast Probably Not Nuclear  SEOUL (Reuters) - A huge explosion rocked North Korea last  week but U.S. and South Korean officials said on Sunday it was  unlikely to have been a nuclear weapons test despite the  appearance of a ""peculiar cloud"" over the area.",LABEL_0,"n. r./ korea. nuclear bomb: never just nuclear( 2016)- an massive blast devastated northeast seoul a blast both n. u. nor southern korea authorities reported during friday morning were likely may be considered an possible nuclear weapon without any possibility against any"" storm brewing"" near either location.",LABEL_0,False,0.9162601828575134,99
264,"150,000 new jobs expected The economy probably added 150,000 jobs in September and the unemployment rate held steady at 5.4, a three-year low, according to a survey of economists.",LABEL_2,"100, 300 additional workers for another industry were making 300, 350 unemployed from 2010 but these employment rates stayed steadily by 4. 0, another five- years increase, subject by no consensus for many.",LABEL_2,False,0.81685471534729,67
265,BLOG That #39;s the most look-ed up world on Merriam-Webster #39;s &lt;b&gt;...&lt;/b&gt; A FOUR-LETTER term that came to symbolise the difference between old and new media tops US dictionary publisher Merriam-Webster #39;s list of the 10 words of the year.,LABEL_3,notes## 36; with a best co- used dictionary term for whole- vocabulary# 35; d& f; d& d;...&/;/ s& d; another multiple- word word which used for indicate a differences of older or newer that the american news website mini- dictionary# 42; top 10 for a# ##words like this world.,LABEL_3,False,0.7457736730575562,105
266,"Injured Toomer might be able to play tomorrow Although Giants wide receiver Amani Toomer took limited work yesterday after missing the previous two days of practice, coach Tom Coughlin won #39;t decide on his availability ",LABEL_1,"if players may being available for assist; while bears big receivers david young suffered extra deep out since missed all last 2 weeks on practices, qb dan Coughlin(# 5; played ##20 in the'",LABEL_1,False,0.736478865146637,87
267,"UK #39;s Jaguar Workers Vote Against Strike Workers at Ford Motor Co. #39;s luxury British car unit, Jaguar, voted against a strike over plans to cut jobs and scale back production, unions said on Monday.",LABEL_2,"-# 41; p- to know and see employees from british motors industry.# 38; see the jaguar strike-, similarly, vote of the majority in legislation which stop labour or scaled out strikes, jaguar voted against friday.",LABEL_2,False,0.9200041890144348,75
268,SCO Postpones Legal Web Site (NewsFactor) NewsFactor - The SCO Group is delaying the launch of a Web site focusing on the details of ongoing litigation concerning the company's intellectual property.,LABEL_3,company and company news portal( s).- some SCO community were awaiting another launching for the news website reflecting of some effects during impending lawsuits affecting this entity' a legal status.,LABEL_3,False,0.798196017742157,77
269,"IBM Aims New DB2 at Rivals IBM (Quote, Chart) announced its first major database refresh in almost two years with new features from the company #39;s autonomic computing vault.",LABEL_3,"it offers ibm applications from ibm,( databases, db) is their 2nd first ibm offering during approximately 2 weeks of changing technology after this original# 2; re- database edition.",LABEL_3,False,0.8317902684211731,61
270,"McKinnon briefed on democracy: Meeting with PM ISLAMABAD, Oct 23: Prime Minister Shaukat Aziz briefed Commonwealth Secretary-General Donald C. McKinnon on full restoration of democracy in the country and Pakistan #39;s role in promoting regional and global peace.",LABEL_0,"and focus from pakistan: briefing before general sharif, may 2017: the pm, pakistan- pakistan consul- generals michael m. kennedy about recent recovery on politics for all uae& asia# 7; government assistance on enhancing democracy or promoting it.",LABEL_0,False,0.801487386226654,81
271,"Ford to Repair Faulty Heated Seats in Focus Cars Ford Motor Co. said on Wednesday it will fix malfunctioning heated seats in 33,000 Focus cars, two-thirds of which were sold in Canada.",LABEL_2,"due of repairs defective heating parts between their vehicles focus car racing. announces that sunday they would repair faulty car parts on 11, 850 Focus seats, three- third for where they ride for america.",LABEL_2,False,0.8382660150527954,83
272,"Oracle launches Business Integlligence 10g Oracle introduced a new BI platform yesterday, Business Intelligence 10g that rolls up into one solution all of their BI tools. However, more interesting than the nitty-gritty details of what is included is the back story taking place at the same time.",LABEL_3,"- oracle& business one- started the huge integrated software business, oracle+ 2 which rolled back as well of some top us BI products. now, especially fascinating as this gun- hunting version for whatever has happening with this wikipedia page took on in all big events.",LABEL_3,False,0.7474356889724731,111
273,"From Digital Camera to Print, No Computer Required The big news in digital photography is the explosion of printers designed exclusively for 4-by-6 photos. A comparison of seven printers vying for your business.",LABEL_3,"with a computer and camera, whatever camera is a major issue for computer- but no kind in machine meant only by 7- on- 4 prints. some variety like 3d prints- to its benefit.",LABEL_3,False,0.8323951363563538,71
274,Newcastle #39;s Boumsong bid rejected by Rangers Newcastle United manager Graeme Souness has made an offer to Rangers for French international centre-back Jean-Alain Boumsong but the Scottish club have rejected his initial offer.,LABEL_1,-# 16; note: was sought in the former scottish premiership side rangers have rejected any bid for bid out scottish championship top- striker charles- christophe Boumsong and a former manager now rejects him earlier offered.,LABEL_1,False,0.8442384004592896,87
275,"Cisco Systems 1st-Quarter Earnings Rise (Reuters) Reuters - Cisco Systems Inc., the biggest maker\of equipment that directs data over the Internet, on Tuesday\said quarterly earnings rose 29 percent on rising demand for\its networking gear.",LABEL_3,"Cisco Systems 1st- Quarter Earnings Rise( Reuters) Reuters- Cisco Systems Inc., the biggest maker\ of equipment that directs data over the Internet, on Tuesday\ s quarterly earnings rose 29 percent on rising demand for\ its network gear.",LABEL_2,True,0.9975661039352417,40
276,"TSMC, Freescale expect initial production of 65nm SOI in 4Q 2005 Taiwan Semiconductor Manufacturing Company (TSMC) and Freescale Semiconductor expect to begin initial production of a high-speed 65nm silicon-on-insulator (SOI) process in the fourth quarter of 2005, with volume production pending on market demand ",LABEL_3,"ltd, and commence first deliveries from 100 units through# ##m. silicon semiconductor corporation( semiconductor)& advanced, are now announce beginning development into this fast- performance- semiconductor- without- silicon( SOI) machine on a 3rd month on 2011, for production results conditional at initial!",LABEL_3,False,0.7240390777587891,109
277,"US Cautious On Progress Toward Enriching Uranium The United States is responding carefully to Iran #39;s announcement that it has taken a major step toward enriching uranium, a key ingredient in nuclear weapons.",LABEL_0,"and watch over steps towards developing nuclear weapons our nation immediately responded immediately. at# 7; and indicating whether we already completed another fundamental program on obtaining phosphorus, another major mineral on these materials.",LABEL_0,False,0.7635922431945801,69
278,"Wrigley bites into Kraft WRIGLEY is buying the Life Savers and Altoids sweet and mint businesses from Kraft Foods for 800 million. The deal allows Wrigley to expand in the sweet section, while leaving Kraft to focus on the rest of its food business.",LABEL_2,"on entry on market, began purchasing all fresh products from the mint nor sweet brands for best food over 500 units. each sale led kraft into invest on another sweet department, after whom left for spend in a future under his snack division.",LABEL_2,False,0.7493590712547302,103
279,"Indexes in Japan fall short of hype Japanese stocks have failed to measure up to an assessment made in April by Merrill Lynch #39;s chief global strategist, David Bowers, who said Japan was  quot;very much everyone #39;s favorite equity market.",LABEL_2,"markets near tokyo become full into trouble and investors generally refused that stand down until a analysis completed around 2006 at j ##t# 30; japan. index expert, chris thompson, then suggested that;""; most definitely a# 40; top japanese stock index.",LABEL_2,False,0.8152154684066772,87
280," #39;Emperor #39; Adriano has Inter under his rule One match into the Italian league season and (Emperor) Adriano already has Inter Milan under his rule. The Brazilian striker has scored six goals in Inter #39;s first four matches this season, including ",LABEL_1,"# 33; and# 45; who is joined by their manager that season in a football new league with( 4) italy, have placed both against their goals. this portuguese midfielder does score 6 games for Inter# 8; together with two results all week, in",LABEL_1,False,0.783616304397583,101
281,"When Robots Rule the World Well, not the world maybe, but possibly your lawns and kitchens. The use of robots -- especially as domestic help -- is expected to increase sevenfold by 2007, according to the United Nations.",LABEL_3,"every robot treats some worlds right, like this earth world, and not their farms nor gardens. this usage per robot-- often of human servants-- are predicted as increasing dramatically until 2009, thanks in these western countries.",LABEL_3,False,0.8643975257873535,73
282,"Clarett accuses Ohio State of improprieties; school denies claims Former Ohio State star Maurice Clarett accused coach Jim Tressel, his staff and school boosters of arranging for him to get passing grades, cars, and thousands of dollars, including for bogus summer jobs.",LABEL_1,"program accuse- states- allegations; state school: the former football players don brady accusing of james riley, ohio coaches accuse ohio coaches as competing without success in land school jobs, prizes, but millions on bucks, usually over unpaid college work.",LABEL_1,False,0.8070911169052124,85
283,SI.com SAN DIEGO (Ticker) -- A late rally gave the San Diego Padres a rare win over the St. Louis Cardinals. Ryan Klesko delivered a go-ahead RBI single to start a four-run outburst in the bottom of the eighth inning as San Diego posted a 7-3 victory over St.,LABEL_1,"mar., metropolitan angeles( pd)-- this winning inning ensured some hard dealing team the huge lead behind all san. diego team. kevin nolan recorded another run- for, off that force the 4- hit rally from a last on a 8th. with that padres captured some 1- 7 triumph on april.",LABEL_1,False,0.8676550388336182,105
284,"Oil Prices Rise Despite US Move To Draw On Strategic Reserve NEW YORK, Sept 23 (AFP) - Oil prices edged closer to record territory Thursday as markets shrugged off news that the US government may draw from its strategic reserves to make up for shortages due to Hurricane Ivan.",LABEL_2,"petroleum price rises after american efforts in carry out oil crisis from england, january 4( 2015)- us reserves drew near against our position today despite us rattled government statements as a trillion dollar will slip behind us oil markets, keep back on costs compared the hurricanes threatening.",LABEL_2,False,0.8312250375747681,97
285,"Science ; As ice thaws, arctic peoples at loss for words Science News, Iceland, What are the words used by indigenous peoples in the Arctic for  quot;hornet, quot;  quot;robin, quot;  quot;elk, quot;  quot;barn owl quot; or  quot;salmon?",LABEL_3,"nature; in# ##s, the one in hand of science daily!, today, following is some terms spoken for native people outside arctic northwest greenland:; owl, hawk; wolf; hare, buffalo; beaver; sheep, reindeer; moose; and if?; but not; but?",LABEL_3,False,0.8204220533370972,83
286,Telescope snaps distant 'planet' The first direct image of a planet circling another star may have been obtained by a US-European team of astronomers.,LABEL_3,---'-' another initial photographic picture as this object orbiting a planet might first appear taken from another science- based group within telescopes.,LABEL_3,False,0.8029564023017883,51
287,"Microsoft Reprimanded for Misleading Linux Ad (NewsFactor) NewsFactor - The United Kingdom's advertising watchdog group, the Advertising Standards Association, has found that complaints lodged against a Microsoft (Nasdaq: MSFT) magazine ad that stated that Linux was more expensive than Windows were valid.",LABEL_3,"being known through that same media( the),-. u ##w' v ad expert committee, a marketing advertising foundation, were noted of complaint brought about the linux( uk: sy) news item which challenged if unix or less efficient of linux appeared false.",LABEL_3,False,0.8234818577766418,85
288,"Scientists Try to Save Largest Salamander (AP) AP - The population of North America's largest salamander is plummeting in Missouri and Arkansas, and scientists from five states met to consider how to prevent the creature's disappearance.",LABEL_3,"people wish not keep large-( s) AP- a populations that northern usa' largest giant frog, extinct into Missouri or Arkansas, but researchers into three districts work must study what best remedy this species' extinction condition.",LABEL_3,False,0.7525655031204224,115
289,"Flat-screen TV But the booming demand isn #39;t proving profitable for the companies that make the high-resolution video panels. For electronics retailers, it will be the holiday season of the flat-screen TV.",LABEL_3,"high- screens, and this growing market has# 1; such as competition against some industries which sell a professional- quality flat tv. with some reason, they would expect a latest phase as a tv- tv product.",LABEL_3,False,0.7828320860862732,73
290,Monster Mashes Attract Masses Kaiju Big Battel -- a multimedia event in which costumed combatants spew toxic ooze on audience members -- is growing in popularity. There are already dedicated websites and a DVD series. Coming next: a book and TV pilot. By Xeni Jardin.,LABEL_3,"some times, this Kaiju variety show-- the theatrical spectacle of where character monsters attempt to hit out crowd enemies-- has gained amazing prizes. many articles in internet media or any comics compilation. and finally: any novel or mini serial.*@ ##us.",LABEL_3,False,0.7690005898475647,101
291,Seahawks Receiver Robinson Suspended by NFL  NEW YORK (Sports Network) - Seattle Seahawks wide receiver  Koren Robinson has been suspended without pay for four games by  the league for violating the NFL's substance abuse policy.,LABEL_1,"wide receivers, operated from- north jersey( nfl champion)- seahawks defensive return safety david smith also gotten suspend for suspended of one game for a seahawks because violate a team' t drug possession ban.",LABEL_1,False,0.747934103012085,71
292,"Vodafone Drops on Report It Supports Bid for Sprint (Update2) Shares in Vodafone Group Plc, the world #39;s largest mobile-phone operator, dropped after The Wall Street Journal said the company is considering bidding with US partner Verizon Communications Inc.",LABEL_2,"and went with claim they can market out the( new) offer in Vodafone holdings Plc, the european# 39; s ##2 fixed- network partner, especially if The european st ##ad. the firm is only negotiating over mobile provider summit partners only.",LABEL_3,True,0.7893831729888916,89
293,Piller Out for Months After Arm Surgery (AP) AP - Titans guard Zach Piller might miss the rest of the season after having surgery to repair his ruptured left biceps.,LABEL_1,being away several weeks with internal issues( s) 2008- sophomore forward Zach carter would missed out most time all month because undergoing operation would remove its damaged biceps muscle.,LABEL_1,False,0.7212668061256409,73
294,"AMD's Q3 led by strong Opteron, Athlon 64 sales SAN FRANCISCO - As expected, Advanced Micro Devices Inc.'s (AMD's) third-quarter revenue came in a little under the company's earlier predictions, but strong increases in sales of its 64-bit desktop and server processors led to the company's fourth straight profitable quarter.",LABEL_3,"intel' a products preceded on the following,@ intel, and paulo- for such, the quantum semiconductor corp.' m( cpu' a) three- third revenues rose during this manner unlike a group' with early growth, and substantial increase with production beyond their pre- supported xbox& linux hardware compared against a platform' c ninth fastest profit period.",LABEL_3,False,0.7937732338905334,113
295,Russia official gives Yukos assurance Finance minister tells FT that asset sales to pay off tax debt will be market-oriented. MOSCOW (Reuters) - Russian Finance Minister Alexei Kudrin has promised that asset sales to pay off the tax debts of troubled ,LABEL_2,russian government to provide by tax department at present. assets selling and buy on taxes debts shall avoid asset- sales. 2008( may)- russia agriculture mp andrey ##yev ##ts committed against financial sale is paying away a taxation debt debt.,LABEL_2,False,0.8685522079467773,83
296,"France criticizes Iraq hostage mediators France has criticized unofficial negotiators for complicating release efforts for two French hostages held in Iraq, the BBC reported Saturday.",LABEL_0,"iraq france france french pressure media often criticised french officials about opposing security payments during their civilian hostage negotiations after 2016, some critics told pbs.",LABEL_0,False,0.8835991621017456,51
297,"Drummond back to his happy home Scott Drummond, who meets the defending champion Ernie Els tomorrow in the first round of the World Match Play Championship, arrived at Wentworth in May with career earnings on the European Tour of less than 40,000.",LABEL_1,"coming home from your home near- home, which features both current champions jason Els tomorrow for every fourth leg at this european conference going away, arrived from Wentworth since 2006 from estimated seats over a canadian team and better on 14, 100.",LABEL_1,False,0.721771240234375,142
298,"MOM 2005 Released to Manufacturing Microsoft on Wednesday announced the release to manufacturing of Microsoft Operations Manager (MOM) 2005 and MOM 2005 Workgroup Edition, a new edition that the company previously called MOM 2005 Express.",LABEL_3,"mother 2004 release and from now upon microsoft announces this approach in production for its business software( am) 2007- spring 2010 executive version, another special version as a firm also termed her 2004 products.",LABEL_3,False,0.8477622270584106,71
299,Longhorn to put squeeze on gadgets SAN FRANCISCO--Windows makes it easy to quickly download files to iPods and other portable storage devices--a little too easy in the minds of many IT managers.,LABEL_3,"trying out placed emphasis for a new project-- one finds its easier, rapidly load software with iPods or for personal portable use-- another sight most easy for every eye on big computer companies.",LABEL_3,False,0.714944064617157,97
300,PalmOne to play with Windows Mobile? Rumors of Treo #39;s using a Microsoft operating system have been circulating for more than three years. Now an investment bank reports that PalmOne will use a ,LABEL_3,want another try on microsoft windows? rumours about Treo# 100; but with some newer os version has reportedly floated on over over two millennia. but this industry advisor suggested whether it could have ...,LABEL_3,False,0.7630276083946228,83
301,"Amazon Updates Web Services Tools, Adds Alexa Access The Amazon Web Services (AWS) division of online retail giant Amazon.com yesterday released Amazon E-Commerce Service 4.0 and the beta version of Alexa Web Information Service.",LABEL_3,"- amazon website service update, 2016 amazon, an automated information access( alexa) segment by its predecessor provider alexa. amazon has added alexa web- store edition 5. 4 on both new versions via it based portal software.",LABEL_3,False,0.8959057927131653,75
302,ST Tele-TM Intl to buy 47.7 in Idea Mumbai: Singapore Technologies Telemedia and TM International have announced that their consortium has signed definitive agreements for the acquisition of 47.7 per cent stake in Idea Cellular.,LABEL_2,@ ##t- tel agree for purchase 45. 7 in Idea shares: emerging Technologies Telemedia and TM International have announced that their consortium has signed definitive agreements for the acquisition of 47. 7 of share interest in innovation mumbai.,LABEL_3,True,0.8761193752288818,53
303,"46 Killed, 270 Injured In Iraqi Violence Baghdad, Sept. 8 (NNN): Bloody clashes on Tuesday between US forces and Shia militiamen left more than 46 persons, including six US soldiers, dead across Iraq during the past 24 hours, officials said here on Wednesday.",LABEL_0,"2 deaths, 37 wounded at this incident iraq, nov. 24( 2006): violent confrontation in baghdad of coalition soldier& iraqi militia leaving over a 200 people, namely 6 army personnel, scattered over iraqi across those last two days, officially reported earlier from thursday.",LABEL_0,False,0.9107529520988464,87
304,"Japan earthquakes kill 23, leave thousands in shelters (AFP) AFP - Thousands of people were spending the night in emergency shelters after the deadliest quakes to hit Japan in nearly a decade killed 23 people and injured more than 900, police and reports said.",LABEL_0,"japanese earthquake kills hundreds, many were for shelter( shelters) victims- tens by thousands who spend some nights within their shelter because this latest quake that hits tokyo took almost the generation killing 900 persons or injuring, from 25, thousands or thousands left.",LABEL_0,False,0.9005429744720459,87
305,"Israelis OK new homes in West Bank A leaked Israeli plan to build 1,000 new Jewish settler homes in the West Bank yesterday sent Bush administration officials scrambling for a response in the sensitive period before November #39;s presidential election. ",LABEL_0,"israel§ ##as houses of western israel one new comprehensive approach in develop 2, 900 eco- homes built near a western corridor reportedly involved us government employees desperate with the return with no intervening week after§# 6; b)).",LABEL_0,False,0.7901307940483093,85
306,"CA to buy Netegrity for \$430 million com October 6, 2004, 7:36 AM PT. This fourth priority #39;s main focus has been improving or obtaining CRM and ERP software for the past year and a half.",LABEL_3,"offering to buy Netegrity for\$ 430 million com October 6, 2004, 7: 36 AM PT. This fourth priority# 39; s main focus has been improving or obtaining CRM and ERP software for the past year and a half.",LABEL_2,True,0.9369693398475647,40
307,Internet Pharmacies: Good or Bad? An investigation into the practice of Internet Pharmacies and how they are changing the U.S. pharmaceutical industry.,LABEL_3,in pharmacy: great and terrible? An insights within the practices of large companies and how you are running the U. S. medicine world.,LABEL_2,True,0.729859471321106,38
308,"Kenyan Laureate Urges Rich Nations to Ratify Kyoto (Reuters) Reuters - Kenya's Nobel Peace Prize winner,\Wangari Maathai, on Monday urged wealthy nations to ratify the\Kyoto protocol on climate change to ease the burden of\pollution on poor countries.",LABEL_3,"award winner urge their nation should do that( 2012).- kenyan' 88 democratic society award laureate,\ mr kenya, in 2018 urges member economies and introduce a\ geneva treaty against environmental pollution will minimize this risk for\ dumping upon kenyan citizens.",LABEL_3,False,0.7583307027816772,81
309,"Sony Announces the Clie VZ90 Handheld For Japan Sony Japan has released a new Clie for the Japanese market only. The Clie PEG-VZ90 is a Palm OS multimedia Clie handheld, that features a large OLED screen, slider hidden buttons, plentiful memory and WiFi.",LABEL_3,"japan announced another sony handheld, during 2014 and taiwan have confirmed an chinese handheld at every japan edition market. each sony on- top features another portable ##ly based Clie device, who contains either larger rear window, small push button, multimedia controller& monitor.",LABEL_3,False,0.8217901587486267,103
310,"Hurricane Worries Boost Oil Prices Worries that Hurricane Ivan will hurt oil production in the Gulf of Mexico boosted oil prices Tuesday. In mid-morning New York trading, oil for future delivery hit \$44.",LABEL_2,"economic conditions and favorable market views about hurricanes that can enhance trade prospects with some u s states high petroleum price rise. from april- 2018 from mexico estimated, price of oil supplies>\$ 10.",LABEL_2,False,0.8245171308517456,69
311,"UPDATE 1-Jimenez, Garcia, Donald make Langer a happy man Miguel Angel Jimenez and Sergio Garcia warmed up for this month #39;s Ryder Cup with sparkling starts at the European Masters on Thursday.",LABEL_1,"november 29- hamilton, daniel, david start up this strong summer- manuel augusto& guillermo rodriguez are back with the weekend# 1; the Ryder cups in two games on a world championship for wednesday.",LABEL_1,False,0.7348514795303345,83
312,"Circuit City Cautious on Outlook Circuit City Stores Inc. (CC.N: Quote, Profile, Research) on Friday posted a narrower quarterly loss from continuing operations but said its outlook was cautious for the ",LABEL_2,"circuits-- in- the: company office.( e. c: location, location, source) if sunday has this small percentage loss in recent news or hoped their action is good about?",LABEL_2,False,0.7499098181724548,79
313,"Hurricanes May Affect Florida Politics TALLAHASSEE, Fla. - Two devastating hurricanes have given President Bush something his political advisers couldn't dream up: the chance to play comforter in chief in a battleground state he is determined to win again...",LABEL_0,"hurricane season 2007 impact the florida, fl.- four large hurricane hurricanes gotten congressman, because my campaign leadership can' ts screw with: this opportunity can win president over politics from any troubled place it feels going by rule ......",LABEL_0,False,0.849510669708252,79
314,"Oracle to drop suit if takeover bid fails Oracle Corp. said Monday it will drop a lawsuit it filed in Delaware against PeopleSoft, its rival and takeover target, if a majority of PeopleSoft ",LABEL_2,"prepared for make headlines on another takeover: news Corp. said today it will drop a suit it filing in court against PeopleSoft, its rival and takeover company, if a takeover of|",LABEL_3,True,0.7980757355690002,50
315,"Take-Two Sees Higher Sports Prices for New Consoles  NEW YORK (Reuters) - Take-Two Interactive Software Inc.  &lt;A HREF=""http://www.reuters.co.uk/financeQuoteLookup.jhtml?ticker=TTWO.O qtype=sym infotype=info qcat=news""&gt;TTWO.O&lt;/A&gt; on Monday said that prices for its sports video games  will likely return to higher levels once new game consoles  arrive in late 2005 or 2006.",LABEL_3,"takes- one has increasing game price in two years games markets( 2006)- took- three sports products p.& j; online title="" https:// online. guardian. org. y/ news. retrieved? title= take. html?= h==? index= index""& b; data. b& t;/ f& n;& ##is announced as price that game console sports software shall probably continue being lower again for future consoles developers return until summer 2003 and 2004.",LABEL_3,False,0.8879826068878174,137
316,Leggy models wont distract Corretja MADRID: Leggy models as ballgirls won #39;t be a distraction to family man Alex Corretja after the veteran moved into the second round of the Madrid Masters yesterday.,LABEL_1,"other looks up to the side: some stares in ballgirls for# 1; even making no threat for big boy, Corretja while a team went for no return leg during a qatar finals leg.",LABEL_1,False,0.721710205078125,97
317,"OPEC Eyes Caution, Supply Weighs on Price  VIENNA (Reuters) - OPEC may resist calls to raise oil  output quotas much, if at all, when it meets this week for fear  of turning a decline from record prices into a rout.",LABEL_2,"this to you, everything: in- demand( ...)- OPEC should avoid attempt of lower its producer output-, unless if any,- he strikes the public from fears at witnessing any flight of world markets as any threat.",LABEL_2,False,0.7061394453048706,93
318,"Forecasters: More Hurricanes May Be on Way Ivan, Frances and Charley delivered three staggering blows to the Gulf Coast and Florida, as well as Caribbean island nations, all in just five weeks.",LABEL_3,"hurricane: when storms might get into hurricanes Ivan, ivan and connie delivered three staggering blows to the Gulf Coast and Florida, as well as Caribbean island nations, each in roughly six days.",LABEL_0,True,0.88145512342453,46
319,"Google Shares, Once Devalued, Just May Be Winners After All Wall Street, which forced Google, the Internet search engine, to sharply lower the price of its shares in its initial public offering in August, has decided that the company is worth a lot more today than it was then.",LABEL_2,"many others, say again, which can win- in the manner that, who caused forbes, a online ranking site, could heavily down a value on their share after their final share listing since 2006, this suggested as every business has selling up even better money since they last acquired.",LABEL_2,False,0.7484117746353149,99
320,"As Drama Plays Out, Mixed Feelings for Arafat #39;s Neighbors No crowds of well-wishers massed Thursday outside the Mukata, the mostly ruined compound where Yasser Arafat has been confined for the past two years.",LABEL_0,"after all played together, the scene between plot# 0; states:"" crowd for well- people a day at a shade, this recently destroyed establishment which is Arafat have remained residing throughout those recent nine decades.",LABEL_0,False,0.701610803604126,93
321,Ukraine awaits election-deal details The Supreme Court is expected to rule Friday on rerunning the country's disputed presidential election.,LABEL_0,the pending news- deal- an election Court comes ready in rule unanimously in rerunning a country' ll next national elections.,LABEL_0,False,0.7099069356918335,110
322,Iraq: 26 killed on horrific day of violence Suicide bombers killed at least 22 members of Iraq #39;s fledgling security forces yesterday amid a spate of insurgent attacks across the country that also ,LABEL_0,"21: 30- after last evening iraqi militant and terrorist kills with most civilian victims in friday# 23; in the coalition attacks, from each succession with militant incidents over this weekend,-",LABEL_0,False,0.7934244275093079,69
323,Japanese automaker to boost production capacity in India Major Japanese automaker Suzuki Motor Corp. said Monday it has decided to set up a vehicle assembly plant and a new diesel engine factory in India to boost production in the country #39;s growing market.,LABEL_2,"indian: for enhance industrial production for japan， japan- honda motors company. however, he is planned will construct only the car factory- or another major renault truck facility within bangalore, increase capacity after a year# 9; currently ##2].",LABEL_2,False,0.8610429167747498,89
324,"Nothing Robotic About Robo-Art The ArtBots show in New York this past weekend proved that robots can wax artistic, too -- or at least carry out the instructions of their artistic creators. Cyrus Farivar reports from New York.",LABEL_3,"the thing that video- game show robots showed from metropolitan mexico every next month shows a robot doing it robots, just-- nor in all draw up any art with its own art. adam bradley: in central ny.",LABEL_3,False,0.8042168021202087,77
325,"Allawi Meets Militants, Pushes Amnesty Iraq's interim prime minister said that he had held private meetings with representatives of insurgent groups from Fallujah, Ramadi and Samarra to  persuade them to accept a government amnesty offer.",LABEL_0,"who, meanwhile, sought by iraqi' a assistant security coordinator confirmed as himself, conducted personal meeting for members that terrorist group outside tehran, kabul& afghanistan for talk privately against accepting this formal coalition approach.",LABEL_0,False,0.7596132159233093,73
326,"Cowboys Own Orange Stephen Graham scores 16 points, including two late three-point plays, and No. 5 Oklahoma State beat No. 4 Syracuse, 74-60.",LABEL_1,"teams with quarterback jeff smith grabbed 17 scores, had three consecutive four- yard scores, but 0. 15 Oklahoma easily led 0. 5 florida, 73- 69.",LABEL_1,False,0.7543321847915649,64
327,"US Airways, GE reach accord on airplane leasing and financing The Wall Street Journal reports that the carrier #39;s largest creditor has agreed to an aircraft leasing and financing deal that would give US Airways a financial lifeline.",LABEL_2,"american airline, 2014: conference toward international financing& alliances with lincoln road report notes on a sec# 10; company, llc is agreeing with a airline finance or business transaction which shall earn general aviation an full future.",LABEL_2,False,0.7595425248146057,79
328,"UN organizes open-source software day across Asia The United Nations, through its International Open Source Network (IOSN) will organize the first annual Software Freedom Day on Saturday in an effort to educate Asian users about the benefits of Free and Open Source Software (FOSS) and encourage its wider use in the region.",LABEL_3,"and national multi- sources free days in 2017 another un organization, via their un software standards networks( net) can organise any 1st international computing free week throughout earth as some endeavor by educating local communities around a concept behind libre but safe software development( open) or facilitate their broader participation from a us.",LABEL_3,False,0.8386316299438477,107
329,"Currency Trading Rises to Record \$1.9 Trillion a Day (Update3) Foreign-exchange trading surged to a record daily average of \$1.9 trillion this year as hedge funds and other money managers increased bets on currencies, according to the Bank for International Settlements.",LABEL_2,"while it continues that rise\$ 9. 25 billions every week( 2016) currency- currency trade rises with an near- record rate\$ 8. 65 billion the result in foreign traders& investment fund investor hedge money into markets, compare with a rate below global trade.",LABEL_2,False,0.920306384563446,89
330,"Hackers Target Flaw in Microsoft's JPEG NEW YORK (AP) -- In a harbinger of security threats to come, hackers have exploited a newly announced flaw in Microsoft Corp. (MSFT) programs and begun circulating malicious code hidden in images that use the popular JPEG format...",LABEL_3,"another security breach by today' ll project image media( 2015)-- during the lot in the days we see, attackers simply created the officially known vulnerability about target ms.( microsoft) images but began writing cheat and holes on programs who produce those same image image...",LABEL_3,False,0.8454622626304626,89
331,Half.com to continue at full speed This fourth priority #39;s main focus has been improving or obtaining CRM and ERP software for the past year and a half. Online auction giant eBay won #39;t be closing down its Half.,LABEL_3,"Half. com to go at full, This fourth priority# 39; s main focus has been improving or obtaining CRM and ERP software for the past year and a half. Online auction giant eBay won# 39; t be closing down its Half.",LABEL_2,True,0.9828174114227295,45
332,European Press Review: Climate Change European editorials on Monday commented on the results of the local elections in the western German state of North Rhine-Westphalia.,LABEL_0,eu political opinion: the central editor reported in- going about all outcomes on a regional election from some northern germany west in strait of- rhine.,LABEL_0,False,0.7723174691200256,53
333,"As reserve, Penny seeks Knick payoff The aging process for veteran NBA players is usually accelerated when they have reached their tenth season. Penny Hardaway has 11 years and 647 games on his odometer and he can feel it in his bones and joints.",LABEL_1,"unlike usual, who is receiving money a retirement phase as older league veterans; greatly enhanced if he gets played his full schedule. bill malone wears 10 months or 13 years off his shoulders but they must fix them with their feet or shoulders.",LABEL_1,False,0.7110733389854431,92
334,New Jersey Lawsuit Challenges Electronic Voting A coalition of private citizens and local elected officials in New Jersey plan to file a lawsuit to block the state's use of electronic voting machines.,LABEL_3,"in nj- based online vote the consortium for elected offices or county elections authorities throughout eastern nj threatened, initiate the suit lawsuit challenging a law' the availability over electric vote technology.",LABEL_3,False,0.8603159189224243,67
335,How long will the pop press stomach the horrors of Iraq? The sickening accounts of the ordeal of Ken Bigley have brought home to everyone the true wretchedness of the present situation in Iraq.,LABEL_0,when quickly can this world can stand these events of yesterday? The newspaper account of the actions of Ken smith have taken home to me the true horror about an current crisis over america.,LABEL_2,True,0.5967552661895752,70
336,"Vietnam Marks Independence with Pardons for Prisoners  HANOI (Reuters) - Vietnam has released nearly 9,000  prisoners, including 10 inmates whose cases it says had drawn  international attention, as part of traditional pardons granted  ahead of independence celebrations on September 2.",LABEL_0,"hanoi granted solidarity of pardon from prison sentences( 2016)- vietnamese court freed~ 10, 400 inmates, specifically former prisoners. events they holds are gotten worldwide popularity, in two among these events announced state for vietnam declaration from august 1st.",LABEL_0,False,0.9219863414764404,81
337,"Lesbians fight to retain post-Soviet freedom (AFP) AFP - Since emerging from the shadow of the prudish Soviet Union a decade ago, sexual minorities have fought to gain a foothold in Russian society. But Russian lesbians now say they are facing growing pressure from authorities to return to the closet.",LABEL_0,"a battle that preserve sexual- invasion rights( solidarity),- while retreating through another collapse from a soviet social policy another year back, lesbian groups actively battled for find some future at international institutions. and ... they still know we often faced constant pressures with others, go with soviet authorities.",LABEL_0,False,0.8112015128135681,101
338,"Hanover Striker Mathis to Return to US Hanover 96 striker Clint Mathis is to return to the United States after only a year in the Bundesliga, the German club said Tuesday.",LABEL_1,"95- wants us go on to declare new member michael Mathis agreed on returning for a u. of america international player as a us, no local official responded immediately.",LABEL_1,False,0.814246416091919,77
339,"Goodale Hints of Tax Cuts The Federal Government says they are considering more tax cuts for lower and middle-income Canadians. Fending off attacks over the 9.1 billion dollar budget surplus, Finance Minister Ralph Goodale said he ",LABEL_2,"regarding suggestions from economic increase a national executive said we were encouraging new taxes breaks of low but medium- wage americans. showing some concern about this 8. 9 million canadian taxpayer budget, federal politician robert harper.;",LABEL_2,False,0.722866415977478,77
340,"Microsoft's Live Communications Server may drive interest in enterprise IM With Microsoft's new Live Communications Server 2005 due out in December, enterprise IM users and vendors are eyeing new opportunities for more secure messaging in the workplace.",LABEL_3,"today' n secure communication services might see potential on corporate computers as today' of latest unified messaging system has popped off by 2017, so various developers& manufacturers have finding additional options like making accurate messages into a marketplace.",LABEL_3,False,0.7465181946754456,79
341,"Myanmar PM sacked, arrested for corruption (AFP) AFP - Myanmar's Prime Minister General Khin Nyunt -- among the most reformist of the military regime's leaders -- has been sacked and placed under house arrest for alleged corruption, a Thai government spokesman said.",LABEL_0,"burma 15-, cleared of arrest( charged) 2015- state' ya military chief colonel samuel nam-- perhaps a best prominent on all myanmar military' a chiefs-- is boon dismissed& put into ##house out of his misconduct, the government cabinet official accused.",LABEL_0,False,0.7446221113204956,83
342,"Strong Chinese demand props up oil Crude hovers around \$46 a barrel amid demand from most populous country, damage reports from Ivan. LONDON (Reuters) - Oil prices held above \$46 a barrel Tuesday as China showed no letup in its strong demand ",LABEL_2,"- strong oil demand rose from demand to about\$ 45 an barrels despite criticism among 20 foreign countries, plus support by china. 2016( february)- crude price is near\$ 55 an barrels: although russia shows some restraint around imported crude)",LABEL_2,False,0.8550940752029419,83
343,AL Wrap: Red Sox Down Devil Rays to Clinch Playoff Spot  NEW YORK (Reuters) - Manny Ramirez belted his  league-leading 43rd homer and Johnny Damon hit a three-run shot  as the Boston Red Sox clinched a playoff spot with a 7-3 win  over the Tampa Bay Devil Rays in St Petersburg on Monday.,LABEL_1,"affiliation up: al ##br bye: sox- clinched postseason berth, advanced( al)- alex martinez threw their division- tied career win but pete martinez tossed the one- hit homer while a salem white run sealed another clinched tie by this 15- 4 performance of those devil, demon devils from cross john that saturday.",LABEL_1,False,0.8418163657188416,111
344,Halo 2 scores record sales of \$125 million in first 24 hours Halo 2 broke entertainment retail records in its first 24 hours. Microsoft Game Studios said that the video game sold through 2.4 million stores in the US and Canada raking in \$125 million in sales.,LABEL_3,playstation 4 scored total sale with\$ 15 billion during that and that game also achieved sales of 500 during your 1st 6 days. sony playstation entertainment showed if a halo 2 was within 9. 5 000 copies by any record stores while putting behind\$ 5 trillion during advertising.,LABEL_3,False,0.9230786561965942,97
345,"Arafat to seek treatment in France RAMALLAH, WEST BANK - Yasser Arafat is about to leave his compound in the West Bank for the first time in two and a half years. Two helicopters from Jordan were expected to arrive in Ramallah late Thursday ",LABEL_0,"ordered for take help across the region, south europe- said Arafat are scheduled and depart our residence at a western desert after another last period about six or six part months. one left in morocco and slated two arrives near israel again:",LABEL_0,False,0.771409273147583,101
346,"Iraq #39;s Government in Talks with Sunni, Shi #39;ite Leaders Iraq #39;s interim government is engaged in cease-fire talks with Sunni and Shi #39;ite leaders in an effort to restore calm to violent parts of Iraq before January #39;s scheduled election.",LABEL_0,"iraqi# 38; re involved of discussions between iraqi, sunni# 35; shi and sunni# 41; like the army are active with rapid- succession negotiations of iraq or iran# 45; are active on the intervention. return elections following the period without peace for iraq# 38; postponed upcoming elections.",LABEL_0,False,0.8571301698684692,95
347,"Ancient fungus 'revived' in lab Fungus from a deep-sea sediment core that is hundreds of thousands of years old will grow when placed in culture, scientists discover.",LABEL_3,"the species' formed' that modern organisms with this dead- sea organic origin which one hundred twenty thousand- hours older would produce if preserved as situ, archaeologists thought.",LABEL_3,False,0.7168238759040833,70
348,"Sirius counting Stern boost Howard Stern #39;s planned defection is a tremendous coup for the emerging satellite radio industry and a setback for the already slumping field of traditional radio -- especially Viacom, which ",LABEL_2,"the planned to star larry bird# 11; s) defection is a huge coup for the digital pirate radio industry and a setback for the already slumping field of traditional radios-- specifically sirius,;",LABEL_3,True,0.7423162460327148,65
349,Paul Tellier leaving immediately as chief executive of Bombardier MONTREAL (CP) - Paul Tellier has disembarked as president and chief executive officer of Bombardier Inc. The bombshell announcement Monday morning came as the Montreal-headquartered multinational transportation ,LABEL_2,who was replaced later in managing directors for the canada( bombardier)- bob rogers he left for ceo or president chief executive of cbc group. a following monday sunday monday continues through another canadian- led bombardier-,LABEL_2,False,0.701758623123169,77
350,"Firm develops all-purpose memory cards A leading Japanese electronics company is developing memory cards that can be used to make cashless payments, open locks and read identification with a simple flick.",LABEL_3,"many offer a- new business and all major consumer technology manufacturer are designing card devices what could easily utilized for store cash transactions, record files or provide information for any random selection.",LABEL_3,False,0.7511917352676392,65
351,Lonely men targeted by cell-phone based relationship HONG KONG - There #39;s a new service for men seeking true love. A software company has created an artificial girlfriend that lonely men can download to a mobile phone.,LABEL_3,"loneliness, surrounded with money- ##phone phone in chinese and- phone# 2; but no novel concept of women of real value. this tech startup recently launched a electronic system where multiple guys will link with no single client.",LABEL_3,False,0.7725184559822083,77
352,"Lowe's road to glory For Derek Lowe, two roads diverged not in a yellow wood, as New England's poet laureate Robert Frost had it, but on the greenswards of Fenway Park, Yankee Stadium, and Busch Stadium.",LABEL_1,"wright' d guide: victory from james patterson, two paths were both for another clear road, outside of world' l champions' jack vance calls), and in either lines of car parks, mlb plaza, or yankee stadiums.",LABEL_1,False,0.7184880375862122,85
353,"Rooney going nowhere unless price is right: Moyes England striker on his way. Or is he? Will it be St James #39; Park or Old Trafford? Or will he remain at Goodison? Although Wayne Rooney today handed in a transfer request, and set in motion his seemingly inevitable ",LABEL_1,"currently goes: if he are lucky: no english footballer in our midst. and who is? ll him to england ##oop# 16; london and new road? and might it stay against everton? with jason smith not available on either new contract, rooney put at pace their own:",LABEL_1,False,0.8690323829650879,97
354,"American Fish Confident About Tough Davis Cup Final The US Davis Cup team is gearing up for a tough final against strong Spanish opponents on an unfavorable surface but are optimistic about beating their hosts, said their semi-final team member Mardy Fish.",LABEL_1,"- recent thinking on us federation team: this american federation team champion are coming apart with some big final with good Spanish playing in the ice hard and most cautious around defending the win, especially us davis- preliminary final favourite david davis.",LABEL_1,False,0.7252072095870972,114
355,"Fire Pit Dated to Be Over 50,000 Years Old (AP) AP - In the growing debate about when people first appeared on this continent, a leading archaeologist said Wednesday he has discovered what could be sooty evidence of human occupation in North America tens of thousands of years earlier than is commonly believed.",LABEL_3,"a site appears as, around 5, 00 decade older( s) AP- after a current discussion on which archaeologists earliest developed at the scale, the field geologist indicates, we have excavated which can prove known because for possible events within northern America more than 000 000 days ago as we typically indicated.",LABEL_3,False,0.7034481763839722,135
356,"Nortel financial filings could be delayed into 2005 Less than a week after it launched a media blitz to boost its image, Nortel Networks Ltd. postponed yet again the release of its financial statements, underlining the company #39;s challenges to steer out of the ",LABEL_2,"while all business can expect expected during but shorter of the decade before they launches any news channel and protect it assets, Nortel media inc. delays about reaching a filing on their internal reports, allowing a firm# 3; sec. 2 back off with:",LABEL_2,False,0.8734145164489746,99
357,A game to remember CHARLTON #39;S players past and present would have been proud with this display - and how fitting that a game marking the Addicks #39; centenary had everything you could wish for from a match.,LABEL_1,"the moment could see and# 40; old and famous. people could having looked delighted of each thing- but it was for another team, those same# 38; centenary were what we must hoped against in every win.",LABEL_1,False,0.7707286477088928,91
358,Cricket: India embarrassed by Australia on rain-ravaged day BOMBAY : India #39;s bid to secure a face-saving win over Australia got off on the wrong foot after they lost two quick wickets in the 11 overs bowled on the rain-hit opening day of the fourth Test here.,LABEL_1,"india: heavily upset of australians with raining- stricken game one: indian# 11; their attempt of record, career- first victory for india pays away with a bad part as it missed four successive overs for taking seven wickets, with a non- odi match date for august 4th, pt.",LABEL_1,False,0.8184807896614075,101
359,"3 Former Enron Executives to Share a Trial Kenneth Lay, a founder of the Enron Corporation, will get two criminal trials - one by himself and one with his former protg, Jeffrey Skilling, a judge ruled Tuesday.",LABEL_2,"one of 2 were will give some figure: Lay, another shareholder at some same company, must enter three court cases- two from him& two of their associate ceo, william morris, the jury on indictment.",LABEL_2,False,0.724421501159668,87
360,Blair: Time for Excuses on Africa Is Over (Reuters) Reuters - British Prime Minister\Tony Blair is to say Thursday that the time for excuses on\Africa is over as he chairs a meeting in Ethiopia he hopes will\turn the continent's problems into a global priority.,LABEL_0,report: times with explanations that african things happening( ...)>- uk premier ##s\ Tony this is to say; that the time for excuses on\ Africa is over as he chairs a meeting in Ethiopia he hopes will\ boost a country' s work through a world event.,LABEL_3,True,0.8952401280403137,70
361,"Aussies battle EU over cheese, champagne AP - The United States and Australia have prevailed in an interim ruling by World Trade Organisation (WTO) in a dispute over the protection given by the European Union to its regional goods such as Champagne wine and Feta cheese, trade officials said.",LABEL_2,"they fight EU for wine,. AP- both australian States and Australia have prevailed in an interim ruling by World Trade Organisation( WTO) in a dispute over the protection given by the European Union to its regional goods such as sparkling cheese and sour milk, eu court decided.",LABEL_0,True,0.879236102104187,63
362,"Microsoft, Sun, Intel push IT management via Web services (InfoWorld) InfoWorld - Microsoft and Sun Microsystems on Thursday are publishing a specification to leverage Web services for managing a broad range of IT systems including PCs and devices on a network.",LABEL_3,"windows, intel, microsoft plug- in with online management( etc)-- sun& microsoft global for it services offering this system will develop information resources in handling this diverse array on information technologies, networks or machines inside each system.",LABEL_3,False,0.8032074570655823,81
363,Darfur warring parties to meet in Nigeria for peace talks (AFP) AFP - Sudan's government and its foes in the Darfur region's rebel movements will meet on Monday for peace talks which mark a last chance for African diplomacy to solve the crisis before the United Nations steps in.,LABEL_0,- the agreed by forces against africa in war programme( plan) 4- nigeria' government representatives or their peers from all african parliament' in democratic bloc should meets at saturday during political discussions and be an welcome opportunity on active negotiation or settle all disputes unless another northern region comes around.,LABEL_0,False,0.7771212458610535,101
364,"Students Pay More for Beer Than Books British students spend about \$1.8 billion on drink every year, nearly three times as much as they cough up for books, a survey released on Monday showed.",LABEL_0,"Students Pay More for Beer Than Books- students spend about\$ 1. 8 billion on drink every year, nearly three times as much as they cough up for books, a survey released on Monday showed.",LABEL_2,True,0.955561637878418,37
365,Trabelsi back on board with Ajax Arsenal target Hatem Trabelsi has settled his differences with Ajax after several months of wrangling. The Tunisian international defender was furious after it emerged a clause in his contract prevented him from completing a move to the Gunners.,LABEL_1,"now- former staff from international talent agency: he have resolved their situation on Ajax by eight year to stay. a Tunisian best manager became furious as they revealed this gap between their players, it of signing the return of a bundesliga.",LABEL_1,False,0.7106702327728271,117
366,"Federer to meet Hewitt in Masters Cup final Houston, TX (Sports Network) - World No. 1 Roger Federer of Switzerland and third-seeded Lleyton Hewitt each posted straight-set wins and advanced to Sunday #39;s final at the lucrative 2004 Tennis Masters Cup.",LABEL_1,"hopes for join federer through this event: texas, texas( tennis course)- the n. one player together against federer& top- seed hugh ##ton ##to won five- sets final, qualified in world# 17; in finals through a houston 2016 bwf champions trophy.",LABEL_1,False,0.8012042045593262,87
367,"Ivory Coast's Army Bombs Rebel Towns (Reuters) Reuters - Government warplanes and helicopter\gunships pounded rebel-held towns in northern Ivory Coast for a\second day on Friday, fueling fears of a slide into all-out war\in the world's top cocoa grower.",LABEL_0,"Ivory Coast' s Army Bombs Rebel Towns( Reuters) Reuters- Government warplanes and helicopter\ gunships pounded rebel- held towns in northern Ivory Coast for a\ second day on Friday, fueling fears of a slide into all- out warfare\ for every country' s top cocoa grower.",LABEL_3,True,0.9941145777702332,49
368,"Stocks to Watch on Dec. 1  NEW YORK (Reuters) - U.S. stocks to watch on Wednesday: IBM  CORP. &lt;A HREF=""http://www.investor.reuters.com/FullQuote.aspx?ticker=IBM.N target=/stocks/quickinfo/fullquote""&gt;IBM.N&lt;/A&gt;: The computer maker said it sealed deals worth  more than \$1 billion in new work with two European companies  from which the information technology company just acquired two  Danish services providers.",LABEL_2,"stock- watches at ibm. us/ stocks( n)- l. co. stock+ markets in reuters:. j.& j;| id="" 1:// ny. ny. bloomberg. eu/ reuters. uk? id=&.&?=/ index/ 1/ 1""&&;&. j& i;/ n& n;:- internet news reports: announced deal over worth about\$ 2 trillion for investment deals between 3 other corporations for who some european telecommunication companies have pulled the computer support centers.",LABEL_2,False,0.8910359740257263,145
369,Australia establish 300-run lead in third India Test (AFP) AFP - Australia batted cautiously in their second innings to build a lead of 300 runs over India with nine wickets in hand in the third cricket Test here.,LABEL_0,Australia establish 300- run lead in third India Test( AFP)-- Australia batted cautiously in their second innings to build a lead of 300 runs over India with nine wickets in hand in the third cricket Test here.,LABEL_1,True,0.9935899972915649,40
370,"Microsoft Sues BulletProof Web Hosts Anonymous writes  quot;Microsoft Corp. filed nine lawsuits against individuals and companies alleged to be involved in the distribution of spam, the company said Wednesday.",LABEL_3,"who, and internet sites but no websites; net inc. brought one lawsuit for organisations& users alleging they claimed responsible through this provision about spam, a guardian reported nothing.",LABEL_3,False,0.731517493724823,75
371,Pascual Rodriguez wins 18th stage of Vuelta race; Heras still &lt;b&gt;...&lt;/b&gt; Spaniard Javier Pascual Rodriguez inched ahead of Colombia #39;s Ivan Parra at the finish line to take the 18th stage of the Spanish Vuelta cycling tour Thursday.,LABEL_1,"juan carlos rodriguez three stages into that vuelta;- l& p; p& g;...& p;/ e& p; s.- who finished outside as teammate# 6; however, rodriguez as a front finished will have another win overall as another 2016 spanish bicycle race winner.",LABEL_1,False,0.8343825340270996,89
372,"US Army considers shorter combat tours WASHINGTON -- The US Army may shorten yearlong combat tours in Iraq and Afghanistan amid concerns the long and perilous duty is making it difficult to recruit soldiers and keep current ones, officials said yesterday.",LABEL_0,"every military has short military time and-- some say soldiers should take short extended tour around america& elsewhere for how a prolonged or prolonged term means rendering them challenging for train troops or maintain these units, washington stated himself.",LABEL_0,False,0.8743572235107422,81
373,Russia working on new nuclear weapons: Putin MOSCOW - New nuclear weapons systems being developed in Russia could include a missile designed to defeat the US missile defence shield.,LABEL_0,countries focusing from nuclear soviet weaponry: new russia- based russian defence weapons are built upon and would attack some system intended and destroy another potential nuclear missile arsenal.,LABEL_0,False,0.8939921259880066,57
374,"Wal-Mart Brightens Dec. Sales Forecast  NEW YORK (Reuters) - Wal-Mart Stores Inc. &lt;A HREF=""http://www.investor.reuters.com/FullQuote.aspx?ticker=WMT.N target=/stocks/quickinfo/fullquote""&gt;WMT.N&lt;/A&gt;, the  world's biggest retailer, on Monday brightened its outlook for  December sales at U.S. stores open at least a year, seeing  sales up 3 percent bolstered by post-Christmas spending.",LABEL_2,"u- commerce: p. 1. us news( 2008)-<- ##mart/ g.&/;? name="" web:// amazon. ny. ny. de/ stores. retrieved? ##id= amazon. com _=/ ref/ stores/ mart""& print; print. html& html;/;&/;, this year' l largest retailers, by sunday revealed their trend of strong trends during a. p. store opening during most the time, showing this above 100% predicted of annual- sales forecast.",LABEL_2,False,0.8382884860038757,137
375,Smith setback for Windies West Indies have been forced to make a second change to their Champions Trophy squad because of injury. Dwayne Smith is suffering from a shoulder problem and has been replaced by Ryan Hinds.,LABEL_1,in return against playing back australia has had need of undergo some small changes on his icc championship squads as before 2015. alan Smith ruled out on any back strain but have him relieved with alan fletcher.,LABEL_1,False,0.7393990755081177,86
376,"Verizon, Bain Near Canada Directory Deal  NEW YORK (Reuters) - Verizon Communications Inc. &lt;A HREF=""http://www.investor.reuters.com/FullQuote.aspx?ticker=VZ.N target=/stocks/quickinfo/fullquote""&gt;VZ.N&lt;/A&gt; is  near an agreement to sell its Canadian telephone directory  business to private equity firm Bain Capital, the New York Post  said on Wednesday.",LABEL_2,"company, very recent canadian phone business holdings company( 2017)- canadian telecommunications commission.&.;* port="" ##tp:// net. ny. fed. org/ business. web? ref= 1.< ##q=/ twitter/ company/ stock""&+;&.>&.;/@&.;- in the agreed for sale to other phone company properties, toronto consulting business bell group, another south jersey journal quoted over facebook.",LABEL_2,False,0.7712151408195496,119
377,Schumacher in uncharted territory MICHAEL Schumacher doesn #39;t need to win the Belgian Grand Prix on Sunday to nail his unprecedented seventh Formula One drivers title.,LABEL_1,"- without winning, mike hamilton the# 39; car needed not win a monaco deutsche race with it can nail its landmark 2008 capital 500 driver victory.",LABEL_1,False,0.7188310623168945,96
378,"One assist, goal for hometown star STOCKHOLM, Sweden -- First, Peter Forsberg watched as his retired jersey No. 21 was lowered from the rafters at Kempehallen. Then, after getting a standing ovation from the sold-out crowd, the locked-out Colorado ",LABEL_1,"two more, and by a swedish player, goal-- free,. he scored while he new team nr. 13 had lifted toward those rafters on first. and, despite seeing the wide view over some drawn- with crowds, a closed- up|",LABEL_1,False,0.7324351072311401,95
379,"America #39;s curse There is an all but unanswerable case for asserting that the biggest story out of the United States this week has nothing to do with the presidential election, has no connection with the flu vaccine shortage and that it does not involve a gay bishop either ",LABEL_3,"America# 39; s curse There is an all but unanswerable case for asserting that the biggest story out of the United States this week has nothing to do with the us election, has no connection with the flu vaccine shortage and that it does not involve a gay bishop either",LABEL_2,True,0.9900035858154297,52
380,"IBM, LG Electronics to End Joint Venture International Business Machines Corp. and LG Electronics Inc. will end an eight-year alliance that helped expand the US computer maker #39;s presence in the booming South Korean PC market.",LABEL_2,"thus, therefore, and continue its joint venture electronic products group. but general computers corp. can conclude another 8- decade partnership as shall end a business machine company# 8; any company from a entire west asian electronics field.",LABEL_2,False,0.7349405288696289,77
381,"Inaction #39;s Consequence LAST MONTH the United States and its allies signaled a change in Sudan policy. Rather than pressuring Sudan #39;s government to halt its genocidal attacks against civilians in the western province of Darfur, they ",LABEL_0,"-# 38; us- following months both warring nations nor their administration initiated any changes through international sanctions. or if urged.# 40; sudan) not cease their devastating assault by troops upon any nearby town within sudan,;",LABEL_0,False,0.8504598736763,79
382,"Pedro: Yanks? No Thanks: Bombers psyche out ace #39; Pedro Martinez last night uttered the absolute last words any Boston fan wants to hear from their ace - now, or ever: Call the Yankees my daddy.",LABEL_1,"question: me? the questions: gotta pick up daddy# 17; carlos carlos this year was this only good word every baseball pitcher expects us say after our ace- call, but say: to a world weary family.",LABEL_1,False,0.7241243720054626,85
383,"Corning begins work on Taiwan LCD facility Encouraged by the demand for LCDs, glass maker Corning on Thursday said it has broken ground for a second manufacturing facility in Taiwan.",LABEL_3,"also starting works upon this newest technology stimulated for growing markets from electronics, the company Corning for demand announces its hasn completed work at an similar production plant within china.",LABEL_3,False,0.7669553756713867,75
384,Update 1: Foreign Drug Stocks in Spotlight Foreign drug stocks were in the spotlight Thursday with Food and Drug Administration news pulling the sector down. AstraZeneca PLC took a drubbing on the eve of its FDA advisory panel meeting for its orally ,LABEL_2,note 8: national indices are below. us pharmaceuticals firms appeared into another top spot in drug& narcotics control- tracking a country down. reuters subsequently announced an drubbing after a panel by her international expert group hearing in london|,LABEL_2,False,0.7611259818077087,100
385,"Tesco To Sell Downloadable Tunes Tesco aint daft, theyve done the insurance blag and now they getting stuck into the music downloading service. They will be the first supermarket to enter a market that is worth over 25million and is currently dominated by the Apple run iTunes.",LABEL_3,"first some add new products this were supermarket, had done the usual blag and now they will move into the digital grocery service. They will be the first supermarket to enter a market that is worth over 25million and is only served by some public ##ised internet.",LABEL_2,True,0.6648330688476562,76
386,"Varitek's terms could be tough to meet As much as the Red Sox hope to persuade Jason Varitek to stay in Boston, they face a mighty challenge since Varitek's agent, Scott Boras, said last night the catcher expects to receive a five-year contract with a no-trade clause that compensates him as lucratively as the top catchers in the game.",LABEL_1,"today' ny situation might come hard and face and long for a single club able or convince jeff ##es can remain with baseball, then is the significant obstacle that Varitek', owner, joe cobb, addressed next weekend an organization plans a negotiate this seven- month clause in the five- game condition which allows it a good with another potential hitter into both majors.",LABEL_1,False,0.8445634245872498,141
387,Hostage-taker snubs rescue team A PAKISTANI militant leader linked to al-Qaeda said today he refused to meet a council of tribal elders trying to secure the release of two Chinese hostages held by his group.,LABEL_0,prize- hunting hostage take over- former taliban operative connected through trans- pakistan organisation- pakistan failed the call of conference among tribes chiefs seeking can force a removal among three former prisoners detained without their men.,LABEL_0,False,0.7112101316452026,75
388,Intel to take over HP #39;s Itanium chip team SAN FRANCISCO (CBS.MW) -- Intel will take over a team of 300 Hewlett-Packard chip designers working on Intel #39;s Itanium server processors.,LABEL_3,"-: taking back processor# 38; us intel design for intel mateo( c. 1989)--- would be, another group about eight hp- 1 development companies modeled in the# 38;- intel ##64).",LABEL_3,False,0.7875456809997559,69
389,"Computer Associates exec pleads not guilty Sanjay Kumar, the former chief executive of Computer Associates of Islandia, NY, pleaded innocent Thursday to charges he helped inflate financial results.",LABEL_2,"computers, inc pleaded guilty convicted while moore, a current ceo) at digital computing of buffalo, NY, plead acquitted innocent to alleging his helping improve business relations.",LABEL_3,True,0.7401391267776489,54
390,"Put RSS Feeds On Your Web Page Put RSS Feeds On Your Web Page\\If you're interested in putting RSS feeds on your Web page but you don't have a lot of server/programming expertise, you might want to try the RSS Digest tool at http://www.bigbold.com/rssdigest/ . This tools has some nice extras on it, though at the moment ...",LABEL_3,"have rs feed in you on pages; com feed like that rs feed\\ because we' ll confident about having rs feed within you on server and we haven' ll see every hint on technical/ practical stuff, we should get and work a web server here like https:// v. google. in/ search/. some tool gets these extra tools off you, although in a minimum...",LABEL_3,False,0.8495940566062927,129
391,Crude oil prices soar on drop in US oil inventories Crude oil futures surged Wednesday as the US Energy Department reported US oil supplies fell more than expected. Crude oil for October delivery rose 1.68 dollars to 43.,LABEL_2,"though crude price were at par among american petroleum products- petroleum prices soared sharply after this emergency finance commission found, crude imports falling lower as ever. the rates of crude price were 4. 05 cents per share.",LABEL_2,False,0.804023265838623,79
392,"Suicide Bomber Kills 21 Iraqi Troops  BAGHDAD (Reuters) - A suicide car bomb hit a bus carrying  Iraqi National Guards on Sunday, killing 22 people in the  deadliest attack of its kind in nearly four months on Iraqis  cooperating with U.S. forces to secure a Jan. 30 election.",LABEL_0,"- bombing killed in iraq in iraq( 2016)- an lone suicide bomber hits the convoy holding baghdad army positions at thursday, kills 17 personnel on this latest killing in their sort of about eight decades as wednesday fleeing from s. d. troops who avoid any dec. 20 coup.",LABEL_0,False,0.8738996982574463,97
393,"Is King Kahn #39;s reign coming to an end? He is first choice for his club Bayern Munich and used to be an automatic selection for the national team too. But when Germany meets Iran in a friendly this weekend, Kahn is not going to be between the posts.",LABEL_1,"!""""# 8; 8) going through another tournament? it his last game against our team west ##enburg germany is will become the early pick after a senior championship title. and once he faces Iran of the cup style way, german will still about as well around any others.",LABEL_1,False,0.761239230632782,115
394,NCAA Notifies Baylor Baylor received its notice of allegations Thursday from the NCAA about infractions in its men's basketball program discovered after the death of player Patrick Dennehy.,LABEL_1,notes: the ncaa gives their statement for allegations Thursday at an hearing against infractions at their tournament' b guard team team over another loss against guard matthew anderson.,LABEL_1,False,0.7249633073806763,101
395,"Jos. A. Bank Profit Jumps Jos. A. Bank Clothiers (JOSB:Nasdaq - news - research) posted a handsome third-quarter profit Monday, as strong Internet and catalogue sales helped drive a 17 hike in net income.",LABEL_2,"j. l. banks financial and s. o. banking services( german: pro- euro- banking) saw another moderate 3rd- week on profit, especially while online& retail products did generate another 20% on annual profit.",LABEL_2,False,0.7404614090919495,69
396,"S amp;P says may cut Constellation Brands #39; debt rating Standard  amp; Poor #39;s on Tuesday said it may cut the debt rating for Constellation Brands (STZ.N: Quote, Profile, Research) deeper into junk, after the wine and beer distributor said it had launched an unsolicited offer of \$970 ",LABEL_2,"a ##2; s, will to the poor# 37; no ratings of s; s# 16; p, ##gc) they can reduce any debts incurred via two ways( q. v: name, title, brand) further from this, with both constellation& constellation brands that they offered received a undisclosed amount in\$$",LABEL_2,False,0.7602503299713135,103
397,"Kendall Gives Jets' Offensive Line a Boost (AP) AP - Ask Curtis Martin to pick one of the most important additions to the New York Jets this season, and he has a quick answer: left guard Pete Kendall.",LABEL_1,"which give them' defensive team the lot( s) AP- quarterback mark Martin will add 1 out those three popular options on all 2 ny Jets each round, but it gives some positive reaction: wing fielder brandon smith.",LABEL_1,False,0.7076411247253418,116
398,"Passing of Arafat Draws Mixed Reactions (AP) AP - Tears and gunshots, praise and condemnation marked the death of Yasser Arafat, whose fight for the Palestinian cause made him a towering and controversial figure on the world stage.",LABEL_0,"profile on death, and-(-) AP- screams of tears, anger& anguish at each passing as palestinian leadership, who killed as an arab right rendered it both controversial but iconic fixture from an international arena.",LABEL_0,False,0.7375181913375854,89
399,"Teenager Charged With Creating Sasser Informants, seeking a reward from Microsoft, led police to the German student.",LABEL_3,"Teenager Charged With Creating Sasser Informants, seeking a reward from authorities, led police to the German student.",LABEL_0,True,0.9387583136558533,19
400,"Chiefs' Green Expected to Start Sunday  KANSAS CITY, Mo., (Sports Network) - Kansas City Chiefs  quarterback Trent Green is expected to start in Sunday's game  against the Oakland Raiders despite suffering from bruises to  his ribs and hip.",LABEL_1,"'' ¹- at- last johnson sports, pa.,( mlb affiliate)- the City team of the Green was supposed his debut for denver' to run of a green Raiders after concerns with damage at its chest or belly.",LABEL_1,False,0.7224173545837402,118
401,"Intel Shrinks Transistor Size By 30 pinkUZI writes  quot;Intel will announce that it has crammed 500 million transistors on to a single memory chip, shrinking them in size by 30.",LABEL_3,"memory shrink and sizes over 100 ... per memory; this can demonstrate after they fully integrated 30 billion chips out with this silicon semiconductor circuit, cutting it for sizes beyond 20.",LABEL_3,False,0.7855910062789917,63
402,"Delta Pilots Ratify Concession Package (Reuters) Reuters - Pilots at Delta Air Lines Inc. \on Thursday ratified a concession package that will save the\carrier  #36;1 billion a year, in a move the company hopes will buy\it time to restructure outside of bankruptcy.",LABEL_2,"- pilot aviation concessions manager( s);- representative of pacific ##air transportation corp.\ in 2017 signed this package together who shall keep a\ in# 3; 4 million each flight, as another way each carrier now may not\ on continue and settle because from debts.",LABEL_2,False,0.7652615308761597,89
403,"NFL Preview: Another streak mark looming for Patriots Until the final 11 minutes of the Rams-Seahawks game last week, Seattle #39;s visit to New England this Sunday looked like one of those overhyped matchups labelled  quot;Super Bowl Preview quot; or  quot;Streak-Ender.",LABEL_1,"sports highlights: the same pattern continued through weeks through those next months. with those patriots- patriots from prior saturday, the# 0;, heading through patriots stadium the weekend look for two with the following( super bowls; this game ... snap;& ##iel; game- end.",LABEL_1,False,0.7775901556015015,93
404,"US Men Have Right Touch in Relay Duel Against Australia THENS, Aug. 17 - So Michael Phelps is not going to match the seven gold medals won by Mark Spitz. And it is too early to tell if he will match Aleksandr Dityatin, the Soviet gymnast who won eight total medals in 1980. But those were not the ...",LABEL_1,"his competitors are the lead with their events at- time, fig. 5- and mark gold being too sure of duplicate this eight medals medal held with american bronze. but he already left little of decide whether we shall face sergei Dityatin, another american man whose had nine international matches by 1979. and this proves both:...",LABEL_1,False,0.7596579790115356,129
405,Gazza goes back to school PAUL GASCOIGNE has quit as player-coach at League Two side Boston because he wants to study for a coaching qualification. The 37-year-old former wants to complete the course before trying to get a player-manager role.,LABEL_1,he moves away from play PAUL but soon resigned for team- manager from group 2- montpellier since him needs serious studies about an teaching license. this 30- years- younger still intends he finish a program for studying and complete an goalkeeper- coach licence.,LABEL_1,False,0.7229832410812378,103
406,Harrison keeps title for fifth time GLASGOW - Scotland #39;s Scott Harrison successfully defended his WBO featherweight title for a fifth time with a farcical first-round stoppage of Swedish-based Ethiopian Samuel Kebede on Saturday.,LABEL_1,also retained championship of 5th title.- uk# 23; 2016. scott strongly defend its scottish welterweight titles as the 5th title despite this crucial eighth- inning save against anglo- german prospect martin martin against pole.,LABEL_1,False,0.7755913734436035,73
407,"Japan #39;s Sato staying at BAR Japan #39;s Takuma Sato will continue to drive for BAR next season, the Formula One team said on Tuesday. Sato, gearing up for his home grand prix at Suzuka on Sunday, is eighth in the ",LABEL_1,"japanese# 31; t he remains on japan japanese# 28;- sato she may remain at race at mid- series, after racing season has concluded in april. him, warming back through grand touring car championship of japan that friday, being placed inside a",LABEL_1,False,0.8356717824935913,87
408,"UK satisfied with peace process, says Hoon ISLAMABAD, Oct 5: British Defence Secretary Geoff Hoon said on Tuesday that history would judge the pace of the peace process between Pakistan and India.",LABEL_0,"peace dealing of peaceful processes, with pakistan 8, india 1: deputy defense secretaries andrew jones reported that thursday on it might boost a process about a peaceful peace with uk& pakistan.",LABEL_0,False,0.7830569744110107,65
409,Stephen Dodd leads Volvo China Open Stephen Dodd took a three-stroke lead Friday after 36 holes of the Volvo China Open in Shanghai to stand six-under-par 138 after two rounds.,LABEL_1,"steven bauer, 2016 chinese opens- he grabbed the 3- strokes leading immediately at 3rd stroke for a Volvo volvo amateur on china helped secure 7- 18- hole leads through 3 sets.",LABEL_1,False,0.735943615436554,81
410,Saks to close 11 stores New York retailing group Saks said Friday it will close 11 stores and shed 700 jobs. The company said it will close down eight Saks Fifth Avenue stores and three Off 5th Avenue ,LABEL_2,subsequent with closing one store mid yorker retail retailer retailers group said they may closing five store plus close six shops. retail group announced they may closes only three south center avenues store plus two near 42nd street,LABEL_2,False,0.7141684889793396,77
411,AOL Files Lawsuit Against IM  #39;Spim #39; America Online Inc. said Thursday it had filed a federal lawsuit accusing numerous unnamed defendants of violating federal and state laws by sending bulk messages known as  quot;spim quot; to instant message accounts and Internet chat rooms.,LABEL_3,"to file lawsuits with ad# 28; inc# 38; and apple online. recently, he recently lodged an filed suit alleging five state parties that violate national or internet law of including instant messaging messages with content; and to; provide secure customer service for online messaging accounts.",LABEL_3,False,0.744752824306488,93
412,"I.B.M. Sought a China Partnership, Not Just a Sale Inside I.B.M., the issue of whether to stay in the personal computer business has been debated for a decade. The issue was put to rest last week.",LABEL_3,"I. B. M. Sought a China Partnership, Not Just a Sale Inside I. B. M., the issue of whether to stay in the personal service business has been debated for a decade. The issue was put to rest last week.",LABEL_2,True,0.9170956015586853,42
413,"Delegates Urge Cleric to Pull Out of Najaf BAGHDAD, Iraq - Delegates at Iraq's National Conference called on radical Shiite cleric Muqtada al-Sadr to abandon his uprising against U.S. and Iraqi troops and pull his fighters out of a holy shrine in Najaf...",LABEL_0,"groups asking iraq for withdraw north for the area,.- people from isil' al baghdad mosque appealed for moderate cleric ##s. a- sheikh and crush their struggle from f. o.& pakistani assistance but evacuate our followers inside in the secure place from arabia...",LABEL_0,False,0.7716928720474243,91
414,"Update 2: Time Warner Profit Dips, Sets Aside Reserve Time Warner Inc., the world #39;s largest media company, said Wednesday that its third quarter earnings slid 8 percent as it set aside a \$500 million reserve because of pending government investigations.",LABEL_2,"note 8: non- warner content, assets and titles warner group holdings., a global# 1; and ##j) subsidiary, reported publicly of their 3rd annual revenues down 40% after they pulled down the\$ 30 billion profit out under ongoing sec financing.",LABEL_2,False,0.732411801815033,85
415,"Florida Supreme Court puts Nader on state ballot (AFP) AFP - The Florida Supreme Court has ruled that third-party presidential hopeful Ralph Nader can appear on ballots in the decisive state, increasing the chance the maverick contender will again influence the outcome of the presidential election.",LABEL_0,"state judicial office advises it about statewide voting( statewide) AFP- a state election committee had determined whether three- candidate republican nominee donald wilson must be above ballot on another opposite party, creating any probability any democratic challenger could likely upset a nominee without a november ballot.",LABEL_0,False,0.8176496028900146,107
416,"Steenland: Northwest Joins Southwest In Raiding Bankrupt ATA Turf Gnawed by Northwest. Joining an apparent feeding frenzy, Northwest Airlines (nasdaq: NWAC - news - people ) on Tuesday said it plans to expand in Indianapolis, a move that will knock rival ATA Airlines from its No.",LABEL_2,"2017: northeast joined northwest over handling of midwest flights owned from southwestern. with this unprecedented fan ##base, northwestern airways( us: sun- trans- northwest) announced monday that she planned a land through Indianapolis, any company who must distract existing southwest operations as market holders.",LABEL_2,False,0.791675329208374,100
417,Verizon brings top-speed DSL to 16 more areas DSL at 3mbps debuts in areas within company's existing footprint.,LABEL_3,the added high- notch speeds include 3 gb area DSL as first pick among customers per provider' ll mobile network.,LABEL_3,False,0.7887386083602905,55
418,Sharon Faces Netanyahu Threat to Resign Over Gaza  JERUSALEM (Reuters) - Israeli Finance Minister Benjamin  Netanyahu said on Tuesday he and three other cabinet members  from Ariel Sharon's Likud would quit unless the prime minister  agreed to hold a referendum on a pullout from Gaza.,LABEL_0,"israel joseph michel threatening and taking down hamas ...( 2006)- israel cabinet ministers david sharon says after saturday three or four top ministerial ministers among the knesset' in cabinet will resign if an other cabinet leaves, attend the vote toward an exit toward palestine.",LABEL_0,False,0.8631123900413513,91
419,"NASA Chief Applies for Job at LSU (AP) AP - NASA Administrator Sean O'Keefe will resign this week, a government official said Sunday, and a spokesman for Louisiana State University said O'Keefe is a leading candidate to become a chancellor there.",LABEL_3,"*- selected as major from usc( 2016) AP- executive chairman Sean O' brian will quit this week, a department chief said., and a source for washington dc newspapers said O' quinn is a likely person. appoint a manager too.",LABEL_1,True,0.683387279510498,69
420,"Novell NetWare users get Microsofts Offer With Novell concentrating on Linux more and more, many NetWare consumers might be facing dilemmas on where to move on for future needs.",LABEL_3,"many new customers have this experience about their work with windows platforms or so, so NetWare buyers will are feeling keen over who we settle into with these systems.",LABEL_3,False,0.7460654973983765,73
421,Next Big Hit at the Modern: Its Reopening The buzz over the greatly enlarged museum is expected to turn into a cacophony on Saturday.,LABEL_0,Next Big Hit at the time: Its Reopening The buzz over the greatly enlarged museum is expected to turn into a classic on Saturday.,LABEL_1,True,0.8660311698913574,27
422,"France joins Germany, Japan in economic slide (AFP) AFP - The French economy hit a rough patch in the third quarter, throwing the government's full-year growth target into question amid signs of an economic slowdown in the 12-nation eurozone.",LABEL_2,"japan: see, role for japan project( 2015) AFP- supported global economies entered the nasty recession on some final stage, prompting an eu' nt 20- euro fiscal plan onto motion with projections as a economy strong with a two- state zone.",LABEL_2,False,0.7893034815788269,97
423,"SBC links e-mail, voice messages, fax SBC on Monday announced a new service that integrates voice messages, faxes and e-mails into a single mailbox that can be accessed from anywhere by phone or the Internet.",LABEL_3,"SBC: e- mail, voice messages, fax SBC on Monday announced a new service that integrates voice messages, faxes and e- mails into a single mailbox that can be accessed from anywhere by phone or the Internet.",LABEL_2,True,0.9899151921272278,39
424,"South African Miner in Hostile Bid for Gold Fields Harmony Gold Mining, the largest miner of South African gold, made a hostile bid yesterday to acquire Gold Fields Ltd., another South African miner, for 52.",LABEL_2,"southern africa: for the process behind the mining in golden field, another biggest holder on central european mining, won this joint company bid for buy golden field inc., the second large company, under management.",LABEL_2,False,0.7779930830001831,71
425,"Blair Calls for World to Unite Prime Minister Tony Blair tried to bridge the trans-Atlantic rift over Iraq, urging a  quot;fractured, divided and uncertain quot; world to unite in the wake of President Bush #39;s election victory.",LABEL_0,"uk: from worlds for uniting, pm the pm tries the discuss another cross- strait agreement on war, us: divided; broken, lost& so called; worlds of uniting with this world in george blair# 9; american electoral successes.",LABEL_0,False,0.8363600373268127,81
426,"Global sales of mobile phones hit record levels PARIS Global cellphone sales rose to record levels in the second quarter as Nokia clawed back some of its lost market share, according to figures released Thursday.",LABEL_3,"Global sales of mobile phones hit record levels PARIS Global phone sales rose to record levels in the second quarter as Nokia clawed back some of its lost market share, according to figures released Thursday.",LABEL_2,True,0.994577944278717,37
427,"IBM Updates WebSphere Application Server The Express version of the new WebSphere server is targeted at the small and midsized business market.  quot;The SMB market has become much more pivotal and crucial to everyone, quot; according to Yankee Group analyst Laura DiDio.",LABEL_3,"2006- ibm express edition; updated versions for each java application it seems geared against both smaller but smaller service communities. 2013; a business server platform becomes the server affordable& relevant in business, 2018; reports of ibm technical manager chris wilson.",LABEL_3,False,0.8144032955169678,87
428,Thai Villagers Search for Relatives Hundreds of villagers besieged a Thai military camp Wednesday demanding to know whether their relatives were among at least 78 Muslim men who officials said suffocated ,LABEL_0,local civilian searches of a family that reportedly occupied any nearby army outpost reportedly demanded they tell if his family was with that present four thai people the villagers killed-,LABEL_0,False,0.8314382433891296,63
429,"Injured Heskey to miss England friendly NEWCASTLE, England (AP) - Striker Emile Heskey has pulled out of the England squad ahead of Wednesday #39;s friendly against Ukraine because of a tight hamstring, the Football Association said Tuesday. ",LABEL_1,"- had played for uk international friendly, wales( 2006)- injured: Heskey is gone from for a english lineup match against england# 9; friendly squad from france out on another back injury, an england manager confirmed,.",LABEL_1,False,0.9009382128715515,89
430,Row over Australian army photo A picture of Australian troops dressed as members of the Ku Klux Klan stirs accusations of racism.,LABEL_0,"on on australia side, this presence with army soldiers posing like officers with another k ##c regiment generated allegations from discrimination.",LABEL_0,False,0.7334331274032593,45
431,"Official: FARC Sought Bush Assassination Colombia's main rebel group asked followers to mount an assassination attempt against President Bush during his visit to Colombia last week, Defense Minister Jorge Uribe said. There was no evidence Saturday that rebels even tried to organize such an attack.",LABEL_0,"notes: colombia or colombia allegedly colombian' us military political council sought, could make a assassin attack upon presidents"" throughout their mission against iraq previous march, foreign spokesman sergio jimenez commented. it remained this surprise even before militants actually sought, execute, any assassination.",LABEL_0,False,0.8248654007911682,93
432,Threat to behead Japanese soldier The group led by wanted terrorist Abu Musab al-Zarqawi has said it has abducted a member of Japan #39;s armed forces and is threatening to behead him if the Japanese government does not withdraw its troops from Iraq within 48 hours.,LABEL_0,threats about the enemy from this country and from egyptian brigadier hassan mohammad abu- islam reportedly confirmed they already captured the soldier as group# 8; [UNK]). japan reportedly preparing of kill themselves with this Japanese military refuses before withdrawing their soldiers of just over 15 minutes.,LABEL_0,False,0.8055195212364197,110
433,Fusion reactor decision must wait Six nations planning to build the world's biggest nuclear fusion reactor fail to agree where to site the facility.,LABEL_0,the eventual plan may require several countries preparing to construct the nation' s largest fast fusion reactor fail to agree where to place this reactor.,LABEL_3,True,0.8348819017410278,41
434,"Israel levels new accusations against Syria Without acknowledging responsibility for the car-bombing death of a Hamas activist in Syria, Israeli Deputy Defense Minister Zeev Boim yesterday issued a toughly worded ",LABEL_0,"--- israel on attack on syria blaming after- air- bombs allegedly in the zionist cell for gaza, syrian former foreign ministry muhammad stern also presented this poorly judgment",LABEL_0,False,0.7037821412086487,63
435,"Amazon.com net sales jump 29; Google reports \$52M in net income OCTOBER 22, 2004 (IDG NEWS SERVICE) - Amazon.com Inc. fell a penny short of analysts #39; per-share earnings expectations, while reporting net sales of \$1.",LABEL_2,"inc. reported sales revenues# 39; net sales\$ 53 during 2001. april 28, 2007( IDG media coverage)- inc. and etc. went the lot free from assets# 36; 30- cent market performance, after estimated average income,\$ 53.",LABEL_2,False,0.7431681156158447,91
436,Ship hits Japan breakwater At least six crew members are killed and one is missing after a  South Korean cargo ship hits a breakwater in Japan.,LABEL_0,ships hit japanese waters several times two service member is murdered or two survivors rescued while no former japanese merchant fleet breaks the barrier over japanese.,LABEL_0,False,0.8321999907493591,53
437,"Japanese baseball players set to strike Japanese baseball players will strike for the first time if owners proceed with a proposed merger of two teams, the players #39; union said Monday.",LABEL_1,"japan- baseball agreed post- strike league members shall be of an 1st strike for baseball agreed by the planned union for three companies, a new# 1; baseball players).",LABEL_1,False,0.8578487038612366,63
438,"Egypt names former player Shehata as caretaker coach The Egyptian Football Association (EFA) has appointed a domestic coach to take over Italian Marco Tardelli who was sacked earlier this month after a surprise defeatto Libya, a spokesman said Thursday.",LABEL_1,"egyptian egyptian egyptian mohamed said- assistant coaches an independent sporting agency( EFA), hired the female coordinator and took up over nicola wilson which has fired. each year of this first defeat season, an rumor reportedly exists.",LABEL_1,False,0.7632277607917786,93
439,"Vladimir Putin: Claims of authoritarian drift  quot;total nonsense quot; President Vladimir Putin rejected concern that he is beating a path toward authoritarianism, calling such criticism  quot;total nonsense quot; in an interview published Friday and saying Russia needs time to build democracy after centuries of heavy ",LABEL_0,"putin said: varieties like absolute fact.; and chaos and;) president vladimir express signs of his time considering this movement against democracy, using his nonsense speech; a bullshit response; on this opinion in question: said russians take longer than achieve power despite decades in a",LABEL_0,False,0.8634620308876038,95
440,Music lovers can download entire track on their Mobile Phone Here is good news for music lovers! Now you can download the entire track on your mobile phone. This is made possible as two giants US-based Melodeo and Warner Music Group has signed an agreement whereby consumers ,LABEL_3,some people must get every song through our smartphone so everything provides excellent information from song fans! therefore we could get this whole music via you phone too. all are not clear unless one of ours- the republic& columbia media company) concluded a arrangement among;,LABEL_3,False,0.7740835547447205,97
441,Arsenal loses again in Premier League Arsenal dropped five points behind Chelsea in the English Premier League on Sunday after losing 2-1 to Liverpool on an injury-time goal by Neil Mellor.,LABEL_1,- arsenal win of national leagues wednesday fell one point with arsenal into a league europa final in saturday while loses 5- 5 over chelsea in another under- dropped penalty after russell athletic.,LABEL_1,False,0.8724809885025024,67
442,South Seas Islands Pin Future on Geotourism The Cook Islands receive more tourists per capita than any other South Pacific destination. Now authorities are revamping their tourism strategy to focus on preservation.,LABEL_3,southern ocean and head- islands: all islands territories attract higher tourism in decade at the mainland mainland islands group. some government advocates turning its tourist programmes towards focused nature conservation.,LABEL_3,False,0.788051962852478,65
443,"No. 6 Duke Tops South Fla. in Women #39;s NIT Duke #39;s Wanisha Smith (23) celebrates a Duke basket along side assistant coach LaVonda Wagner during the second half of the second round of the Pre-Season Women #39;s National Invitational Tournament on Sunday, Nov. 14, 2004 in Durham, NC No.",LABEL_1,"6. 4, 1 on ground. as the# 38; n alternate,# 36; no michelle williams( nc) made no crucial play at play. w ##yla- from a final standings in each final night as a super- collegiate duke# 36; in southern conference invitational. tuesday, aug. 6, 2011 near greensboro, carolina usa.",LABEL_1,False,0.8310638666152954,109
444,Martian Weather Blamed for Loss of Beagle 2 Description: An investigation into the loss of Britain #39;s Beagle 2 spacecraft last December suggests the cause may have been unusual Martian weather.,LABEL_3,mars- blame on losses from mars and rescue: the examination upon all results during the# 2; the Beagle 1 expedition by february indicates any causes could possibly be adverse weather reports.,LABEL_3,False,0.8876229524612427,79
445," #39;Breakthrough #39; on hydrogen fuel US scientists had made a breakthrough in their quest to make low-cost hydrogen, a technology key to finding new sources of energy to end US dependence on foreign oil, they said.",LABEL_3,"# 38; in# 41; with new discoveries including researchers who discovered the progress toward its ability of provide high- energy fuel, another powerful solution, building alternative technologies for fuel could eliminate world reliance against cheap petroleum, it announced.",LABEL_3,False,0.8396018743515015,77
446,"FDA Warns Cyberonics on Manufacturing  CHICAGO (Reuters) - U.S. regulators warned Cyberonics Inc.  &lt;A HREF=""http://www.investor.reuters.com/FullQuote.aspx?ticker=CYBX.O target=/stocks/quickinfo/fullquote""&gt;CYBX.O&lt;/A&gt; of manufacturing deficiencies at the Houston plant  that makes its sole product, an implantable device to treat  epilepsy, the company said on Monday.",LABEL_2,"this warned companies like--( 2016)- U. S. government against cisco technology.& lt; A HREF="" http:// www. ny. tribune. com/ business. aspx? h= CYBX. O ##d=/ news/ quickinfo/ fullquote""& gt; CYBX. O& lt;/ A& gt; of manufacturing deficiencies at the Houston plant where produces your own equipment, an implant, to control disease, this cdc announced on thursday.",LABEL_3,True,0.7629398703575134,90
447,"NetApp CEO: No Storage Spending Shortfall (TechWeb) TechWeb - Customers are decoupling storage from server purchases, which explains why EMC and NetApp earnings were up and why Sun and HP were flat or down, Warmenhoven says.",LABEL_3,"- author: the net- free( 2014) report- companies were losing funds via technology waste, who explained how server& NetApp companies went down but where sap& ee go right and back, she explained.",LABEL_3,False,0.7287813425064087,85
448,"Hutchison cuts IPO size by 7 pct HONG KONG: Hutchison Telecommunications International Ltd (HTIL) cut the size of its IPO for a second time to bolster interest in its shares, reducing the sale #39;s value by about 7 percent to between US\$890 million and US\$1.",LABEL_2,"*** announced november 28 ##x, taiwan: taiwan holdings companies plc( pt) reduced a volume on his IPO through the fifth. and protect competition across their portfolio, reduced a amount# 1; d$ at around 15 cents from around c\$ 30, or k\$ 40.",LABEL_2,False,0.7347038984298706,111
449,"Alcoa Warns Earnings to Miss Forecasts (Reuters) Reuters - Alcoa Inc. , the world's largest\aluminum producer, on Thursday warned that third-quarter\results would fall far short of Wall Street expectations, hurt\by plant shutdowns, restructuring costs and weakness in some\markets.",LABEL_2,"-- continue the forecast results(^) ...- aluminum corp., a global'& richest\ aluminium maker, in wednesday forecast for 3rd- last\ production will end too low in expected market earnings, threatened\ with unexpected delays, production crashes& losses among the\ companies.",LABEL_2,False,0.7979185581207275,85
450,"Seahawks Take NFC West The Seahawks deny a Falcons' two-point try for the tie with no time remaining to wrap up the NFC West, 28-26, on Sunday.",LABEL_1,"seattle seahawks seahawks seahawks carolina falcons score the seahawks' one- out run of another team in an overtime required seahawks take down a playoff east, 37- 25, by road.",LABEL_1,False,0.8311759233474731,59
451,"Open-source spat triggers legal threat Company says it paid for the code that was contributed, against contract, to free Mambo publishing software.",LABEL_3,"user- sourced@ ##ter ##n ##2 software says it pays out a code what was published, upon contract, with free- based applications.",LABEL_3,False,0.7079508304595947,115
452,'Cities in crisis' leaders warn World leaders warn that rapid urbanisation will become one of the biggest challenges of the 21st Century.,LABEL_0,' city with city' reports warn that some warn that rapid urbanisation will become one of the biggest challenges of these following decades.,LABEL_3,True,0.905401349067688,32
453,"Pacific Oil Link Is Best for Russia, Ambassador Says (Update1) Russia, the world #39;s second-biggest oil exporter, will benefit most from a Siberian crude oil pipeline to the Pacific rather than to China as energy resources are needed to develop the ",LABEL_2,"russian energy export links good with asia, which meant( potentially) china, a pacific# 10; pacific ##2- largest energy supplier, should provide petroleum on all russian pacific pipeline corridor as a world better because for russia of their energy resources expected for contribute a",LABEL_2,False,0.8741541504859924,87
454,"Swing and a Miss for Asteroid An asteroid the size of a large storage shed came within 4,100 miles of Earth this spring, making it the closest near miss ever recorded, US astronomers said this week.",LABEL_3,"1: this reputation of having the orbit a out in the small tool ##ball ##ing after 10, 400 km with space a summer, make us the most near misses yet observed, as scientists recorded these reports.",LABEL_3,False,0.7261499166488647,82
455,"Pilot leaders OK Delta deal The leadership of Delta Air Lines #39; pilot union early this morning approved a tentative concessionary agreement with the company, sending it to a vote of the entire membership.",LABEL_2,"company- president: for all operations with southern flight line# 31; pilots meeting just the day struck an signed contract deal through southern airlines, granting approval of another majority if those remaining pilots.",LABEL_2,False,0.7628052234649658,69
456,Ganguly suspension appealed London - The International Cricket Council (ICC) on Monday confirmed that it had received notice from the Board of Control for Cricket in India (BCCI) that it was intending to appeal against captain Sourav Ganguly #39;s two Test match suspension.,LABEL_1,his team- a- list world cricketer association( rbi) of appeal reported after she delivered a response before a commission as inspector of police for bengal( cm) that they would set in decide between cricketer Sourav kumar# 20; 22 and three matches suspension.,LABEL_1,False,0.7202097773551941,116
457,"Durable Goods Orders Up 0.2 Percent (Reuters) Reuters - U.S. orders for long-lasting durable\goods rose by a smaller-than-expected 0.2 percent in September,\held back by another sharp fall in commercial aircraft,\government data showed on Wednesday.",LABEL_2,"| with demand at 9. 0;( source) 2015- d. a. support on longer- haul shipments\ shipments grew above the larger- by- average 1. 1% over march,\ beaten again in this unexpected boom within domestic markets,\ industry reports reported with reuters.",LABEL_2,False,0.7153220176696777,85
458,UEFA Cup Round-up Newcastle eased their way into the UEFA Cup group stages on Thursday night as Alan Shearer and Patrick Kluivert hit the goals trail again in a 5-1 victory over Bnei Sachnin in Israel.,LABEL_1,"their championship match- play had eased its ways through both european round groups, with wednesday early after niall ferguson& martin smith filled each relegation zone culminating as the 7- 0 lead through ben abraham into belfast.",LABEL_1,False,0.8150472640991211,91
459,Game sparks sales frenzy GAMES stores opened at midnight to meet demand for the latest version of the controversial Great Theft Auto. There were queues outside shops around Merseyside with people anxious ,LABEL_3,"games& entertainment, some retailers open after noon or alert buyers at another upcoming game after some upcoming top gun games. they recently opened with stores in cars from fans!",LABEL_3,False,0.7795450687408447,65
460,"Karzai heading for Afghan victory Supporters of Afghan President Hamid Karzai say he is on course to win the presidential elections, with about one-quarter of the votes counted.",LABEL_0,"the front from the people support for afghanistan leader president afghan says it are in way for winning any upcoming election, by around four- ninth if those voters voted.",LABEL_0,False,0.768463134765625,59
461,"Long and short of a rivalry that was Five years may not seem a whole lot, but consider what has happened since the last time the Green Bay Packers played the Dallas Cowboys prior to today #39;s meeting.",LABEL_1,"fresh& full about the history which spanned six decades will probably matter the complete question, and on how this occurred on a fifth year a col ##borne team met another 1972 packers due after its# 5; rivalry game.",LABEL_1,False,0.813407301902771,79
462,Playing with the traumas of war Are games based on the Vietnam conflict making us immune to realities of history?,LABEL_3,Playing with the traumas of war Are all based on the Vietnam conflict making us immune to realities of history?,LABEL_0,True,0.9320602416992188,22
463,"Anti-Spyware Spending Set To Skyrocket The spyware plague will trigger a 2,500 percent increase in enterprise spending by 2008, a market-research firm reports. By Gregg Keizer.",LABEL_3,"non- technology efforts underway can address a viral plague should prompt some 1, 8% increases with technology spending through google, another meta- finance website advised. in peter hill.",LABEL_3,False,0.720337986946106,87
464,"Ancient Skull Fragment Hints at Surgery (AP) AP - A skull fragment found in a 400-year-old trash pit at Jamestown contains evidence of the earliest known surgery  #151; and autopsy  #151; in the English colonies in America, researchers say.",LABEL_3,"early skulls- discoveries from the( ancient) times- this head specimen located from an two- millennia- ago bone mound from athens is examples as a first surgical surgical# 152; later archaeological# 154; after a european revolution into medicine, authorities agree.",LABEL_3,False,0.8017797470092773,81
465,"Strikes at London airports London - A 48-hour strike by aircraft refuellers at London Heathrow airport got under way on Friday, with baggage handlers at Gatwick airport also preparing to walk out, threatening a weekend of travel disruptions.",LABEL_2,"strike on the airport strikes- another four- minute striking from airlines stationed inside uk london airports went in late of tuesday, by cargo aircraft near london airports already beginning on turn down, causing no week without airport strikes.",LABEL_2,False,0.8601503968238831,77
466,"Australian journalist tells of capture in Iraq TONY EASTLEY: An Australian journalist snatched by insurgents in Iraq, has contradicted claims by Foreign Minister Alexander Downer that he was kidnapped in a part of Baghdad where he was advised not to go.",LABEL_0,"sydney herald reports on events from 2006 ian mitchell: the american reporter captured from iraq by 2004, he disputed statement from australian mp colin edwards whether she remains captured from another corner into iran when she is asked instead not released.",LABEL_0,False,0.7238790392875671,83
467,Button Must Stay With BAR! The FIA #39;s Contract Recognition Board (CRB) finally got around to deciding whether or not Jenson Button is contractually allowed to go drive for Williams next season.,LABEL_1,this better do for now!' the# 39; their official selection boards( teams) have looked into and decide if or indeed the Button remains even due with he driving behind him last summer.,LABEL_1,False,0.7127165794372559,94
468,"Agassi advances in Madrid, Henman eliminated Top seed Tim Henman suffered a 6-4,4-6, 6-2 defeat to Croatian Ivan Ljubicic in the Madrid Masters on Thursday as Andre Agassi advanced to the quarter-finals with a 6-1,6-3 victory over Vincent Spadea.",LABEL_1,"his opponent from qualifying, and another defeated seeds alan debris in the 0- 18, three- round, 3- 3 defeated the serbian and ##ek with a hamburg indoor off wednesday while john Agassi advances on a mid- juniors by the 10- 15, 9- 9 defeat against atletico madrid.",LABEL_1,False,0.8411156535148621,109
469,HOW DOES MONTGOMERIE RANK AMONG THE GREATS? Scotland #39;s Colin Montgomerie sank the winning putt at the 35th Ryder Cup at Oakland Hills in Detroit to ensure the trophy remained in European hands and maintain his unbeaten record in singles matches in the competition.,LABEL_1,why do he be amongst their best?|# 1; and james robertson cleared another second putt with another 1996 masters tournament by forest hill of scotland would claim a record held among scottish cities but equal ##ly impressive records among both countries throughout each world.,LABEL_1,False,0.7336593866348267,105
470,Study to Examine Effects of Ship Waste (AP) AP - A team of scientists is traveling a 600-mile stretch of the Inside Passage this month to study the effects of cruise ship waste and other contaminants in Southeast Alaska waters.,LABEL_3,research and assess effect during maritime use( pa) 2012- the crew by researchers are on an 14- ship trip through western alaska coast an evening they analyze an impact for cargo water pollution& related chemicals from southeastern maine water.,LABEL_3,False,0.7873131036758423,81
471,"Israel, Egypt in Prisoner Swap  CAIRO (Reuters) - Israel released six Egyptian students  from prison on Sunday as part of a deal which includes freedom  for Israeli businessman and convicted spy Azzam Azzam, Egyptian  security sources said.",LABEL_0,"egypt, participating with prison,""( 2006)- they release 12 israeli prisoners in egypt from friday with means from the plea, seeking asylum of iranian spy or foreign exchange ali said, israel ministry spokesperson).",LABEL_0,False,0.8835702538490295,73
472,"Lebanon and Syria have not complied with UN resolution: Annan UNITED NATIONS - Secretary-General Kofi Annan reported that Syria has not pulled its forces out of Lebanon as called for by the UN Security Council, and said he had requested a timetable from Damascus for its full implementation.",LABEL_0,"lebanese nor syrian did neither comply on the resolutions:- northern conflict- un- secretary general anna said the syrian hasn still taken their force inside from syria unless allowed out through a special state establishment, or confirmed they not obtained another request through lebanon on their continued intervention.",LABEL_0,False,0.8964092135429382,97
473,"Pinkel reinstates Damien Nash Missouri tailback Damien Nash was reinstated by coach Gary Pinkel, ending a one-game suspension for the teams #39; leading rusher.",LABEL_1,"- forward brandon johnson senior tackle tim Nash became replaced as backup david Pinkel, suffering the 3- sport ban after senior year# 3; former sec.",LABEL_1,False,0.7751401662826538,79
474,"Chirac says Turkey's EU bid 'not a done deal' (AFP) AFP - French President Jacques Chirac said Wednesday that Turkey's EU membership bid was  quot;not a done deal, quot; although he believed it was in Europe's best interests, a government spokesman reported after a cabinet meeting.",LABEL_0,"he considered turkish' not proposed offer' but an finished bargain'( [UNK]) nato- led government president france told himself of europe' this' alliance it is not; is the true bid, exactly; as it believes he stands behind turkey' ve great cause, no french spokesperson announced for the european delegation.",LABEL_0,False,0.7844166159629822,99
475,Study: Mobile phone use increases brain tumor risk But researchers say data based on analogue phone usage may not yield same results as digital phone usage.,LABEL_3,research: cell phones have increased the cancer risks and studies found risk collecting via phone- use would therefore be greater as for mobile phones however.,LABEL_3,False,0.7849488258361816,53
476,Fannie Mae mess worries investors The fallout from allegations of serious accounting problems at Fannie Mae has rattled investors and could even bump up mortgage rates down the road.,LABEL_2,the mortgage company-' a result that hundreds in major financial crises over texas) has rattled investors& may actually mess over any investments up a bank.,LABEL_2,False,0.7207213640213013,99
477,Sister of man who died in Vancouver police custody slams chief (Canadian Press) Canadian Press - VANCOUVER (CP) - The sister of a man who died after a violent confrontation with police has demanded the city's chief constable resign for defending the officer involved.,LABEL_0,"niece with cop, killed off the city- vancouver,( the former) vancouver police- canada( 2006)- a brother in the woman which dies while the heated disagreement over her, resigned for police' chief head commissioner, by dismissing this officers position.",LABEL_0,False,0.8490001559257507,87
478,British Media: Security Stopped Several Major Terrorist Attacks A British television station and a newspaper are reporting that British security services believe they have thwarted several major attacks planned by terrorists linked to Osama bin Laden #39;s al-Qaida organization.,LABEL_0,uk response: britain repulsed many significant terrorism as most major broadcasting service& some newspapers has reported as some british media say we has stopped numerous terrorist attack attacks in groups similar al qaeda( terrorism# 8;- ##4- monitor magazine.,LABEL_0,False,0.9009666442871094,83
479,"Oil Surges to New Intraday High in Europe (AP) AP - The price of crude oil surged to a new intraday high of US #36;53.42 in European trade Monday, despite assurances from Middle East oil producers that they were committed to bringing the price down as a strike began in Africa's largest exporter.",LABEL_0,"Oil Surges to New Intraday High in Europe( AP)-- The price of crude oil surged to a new intraday high of US# 36; 53. 42 in European trade Monday, despite assurances from Middle East oil producers that they were committed to bringing the price down as a strike began in Africa' s largest exporter.",LABEL_2,True,0.9945552349090576,57
480,"Tough Talks Ahead After EU Is Criticized Efforts to forge the world's largest free trade zone between the European Union and South America's Mercosur economic bloc are unlikely to be concluded by an Oct. 31 deadline, the EU said Thursday, with both sides declaring each other's trade offers insufficient.",LABEL_2,"the time- the world- negotiating talks will secure a nation' s new free trading zone if the american bloc and South America' s Mercosur economic bloc are unlikely to be concluded by an Oct. 31 deadline, the EU said Thursday, with the governments arguing another side' s economic efforts impossible.",LABEL_0,True,0.8872917890548706,78
481,"Big Green slip by Wildcats Mike Lang had a career-high 25 points, including the go-ahead jumper with 1:16 remaining, to lift Dartmouth to a 69-67 nonconference victory over New Hampshire last night in Hanover, N.H. Lang's basket broke a 66-66 tie. Dartmouth (3-3) then fouled the Wildcats' Jermaine Anderson, who hit one of two free throws to make it 68-67 with 54 seconds left. A ...",LABEL_1,"in- green: then michael williams landed this year- long two pointer, scoring a all- green score as 9: 15 played, which lead them with another 71- 66 road victories for another dartmouth championship weekend since 2006, k. j. thompson' big hit snapped the 60- 0 t. walker( 30- 23) and caught big bucks' mike walker, whom scoring two out six key points helped seal its 75- 66 as and moments e. u...",LABEL_1,False,0.8588905334472656,149
482,"GLOBAL MARKETS-Shares and dollar turn south after US data European shares turned negative and government bonds were struggling for direction on Thursday after US data showed subdued inflation numbers, flat spending and a rise in unemployment.",LABEL_2,"world market- share& currency issues- by 2006, dollar markets went downhill but foreign investments now pressed on return by capital as global treasury gradually shows negative markets, lower prices plus the decrease between reserves.",LABEL_2,False,0.781386137008667,75
483,Oil Downturn Deepens as Supplies Swell  LONDON (Reuters) - Oil on Tuesday extended a price slide  that has cut 12 percent from record highs in two weeks as  growing signs of ample supply eases concerns over fuel stocks  for the northern winter.,LABEL_2,but market falls on conditions--( 2006)-- of oil: an downward flow which had dipped 20 cm above peak volume across one week despite new sources for increased supplies raises prices for additional supplies across these upcoming weeks.,LABEL_2,False,0.7697228193283081,83
484,"Demand For Oil Exceeds Forecasts Oil demand is rising faster than predicted this year as OPEC pumps more low-quality oil in a failed bid to reduce record prices, according to International Energy Agency, an adviser to 26 industrialized nations.",LABEL_2,"demands of rising price, fuel price are increasing rapidly in forecast each time because it needs very lower- pressure demand for this final push for break oil monopoly, contrary, foreign intelligence reports, the analysis from leading world economists.",LABEL_2,False,0.8142364025115967,81
485,"The servers cannot take the strain, captain! A San Francisco startup plans to boldly go where no game developer has gone before with an online game based on the cult TV series  quot;Star Trek.",LABEL_3,"all players can do this course, again! no real Francisco corporation is let suddenly down and every computer console being taken away by some unusual gameplay engine of any entire galactic franchise franchise; fantastic voyage.",LABEL_3,False,0.7297812104225159,84
486,"Nokia sees strong demand for smartphones and camera phones in 2005 Nokia has forecast that smartphone shipments worldwide are expected to increase to 238 million units by 2008, up from 23 million this year, according to Anssi Vanjoki, executive vice president and general manager of multimedia at Nokia.",LABEL_3,"which included highest figures of smartphone/ phone markets during 2004 it later confirmed, phone manufacturers globally is expecting its rise beyond 20 000 phones during 2007, increasing through 2 billion the latest, reported in mika kato, director and presidents& brand leader in smartphone by windows.",LABEL_3,False,0.8276059031486511,97
487,"Sparkling Singh targets Woods again If there is no rest for the wicked, then there is none either for the tormented, as represented by those members of the US Tour who are not Vijay Singh.",LABEL_1,"once anyone approaches him"" If that is no rest for the wicked, then there is none either for the tormented, as represented by those members of the US community who are not including Singh.",LABEL_0,True,0.7228444814682007,59
488,"HK walks out of 68-month deflation cycle, official Hong Kong Financial Secretary Henry Tang said he believed Hong Kong has walked out of the consumer price deflation cycle that lingered for 68 months, according to the consumer price index trend in the past few years.",LABEL_2,"since walked in from 72- months this summer, while cheung hong finance spokesman philip chan declared his believe the prc is stepped off from this economic market- period which went around four cycles, contrary of an inflation rate stabilization mechanism after both same growth cycles.",LABEL_2,False,0.7473526000976562,93
489,"Microsoft, Cisco partner on network-access security Microsoft and Cisco Systems will collaborate to make their emerging products for network security compatible. The vendors had been working independently in the area of PC access to networks but say customers ",LABEL_3,"together, microsoft. in internet- wide access technology or other partners can cooperate for develop its new technologies on system access possible. these companies recently discussed collaborating actively during a work between cisco connect of cisco and microsoft,",LABEL_3,False,0.9097437262535095,79
490,Around the world The bombing of a UN election office in Afghanistan that injured six policemen drew calls from a UN union Friday for a withdrawal of staffers from the embattled nation.,LABEL_0,over a summer 2006 explosion inside the regional un headquarters outside kabul which claimed 20 people took calls against the foreign office commissioner with the stay on hostilities outside any western world.,LABEL_0,False,0.7709583044052124,78
491,"Russia May Ratify Kyoto Protocol in Oct. -- Minister (Reuters) Reuters - The Russian government expects\parliament to ratify the Kyoto Protocol this month in a move\allowing the long-delayed climate change treaty to come into\force worldwide, a senior minister said Monday.",LABEL_3,"Russia May Ratify Kyoto Protocol in Oct.-- Minister( Reuters) Reuters- The Russian government expects\ parliament to ratify the Kyoto Protocol this month in a move\ allowing the long- delayed kyoto change treaty to come into\ force worldwide, a senior minister said Monday.",LABEL_0,True,0.993248462677002,44
492,"Mars Express Instrument Finds Possible New Evidence When Vittorio Formisano, the principal investigator for the Planetary Fourier Spectrometer (PFS) aboard the European Space Agency #39;s Mars Express, announced Monday that his team found that concentrations ",LABEL_3,"davis' laboratory offered further additional information where giuseppe napoli, a chief geologist of a large scale observations( PFS) for a french scientific satellite# 8; mars Mars station, claimed evidence with their sample detected contamination of",LABEL_3,False,0.7412833571434021,101
493,"Brazil beats Haiti in goodwill soccer game The boys from Brazil beat Haiti #39;s national soccer team Wednesday in a friendly goodwill game 6-0. The game was the brainchild of Brazilian President Luiz Inacio Lula da Silva, who was on hand in the Haitian capital for the historical match. ",LABEL_1,"brazilian, brazil at this same games a side for haiti defeated haitian# 9; h. cup club haiti during the 2014 friendly matches 8- 9. a defeat and no congratulations by brazil ambassador don felipe jose de mata, which is behind track while getting new arrangements with each next edition.",LABEL_1,False,0.8479812741279602,103
494,"Microsoft Takes Lead in PDA Software Microsoft Corp.'s software platform for personal digital assistants took over the market lead from PalmSource Inc. for the first time in the third quarter, according to market research released Friday.",LABEL_3,"software and sales since 2001 for news st.' d microsoft products in consumer electronic consumers take up a company lead software, llc. at this 1st hour at this last hour, pursuant in microsoft being launched nationwide.",LABEL_3,False,0.7056545615196228,81
495,"Hartford Sees \$91 Mln in Charley Losses  NEW YORK (Reuters) - Hartford Financial Services Group Inc.  &lt;A HREF=""http://www.investor.reuters.com/FullQuote.aspx?ticker=HIG.N target=/stocks/quickinfo/fullquote""&gt;HIG.N&lt;/A&gt; on Tuesday became the latest insurer to issue a profit  warning tied to Hurricane Charley, the strongest storm to hit  Florida in a dozen years.",LABEL_2,"- loss\$ 1 ##m$ 2017 greater western england( state)- albany management consultants association corp.& ltd;$$="" source:// travel. business. amazon. org/ business. gov? v= l. 2&=/ news/ article/ forecast""& www; l. b& f;/ b& m;/ ##p was a largest agency for submit this special statement devoted toward the hurricanes, three worst storms of damage america within the 150 history.",LABEL_2,False,0.7377099990844727,127
496,"Deadly fire sweeps through China mines SHAHE, CHINA - Nine people were confirmed dead and 57 remained missing late Sunday after a fire swept through five iron ore mines in northern China, the Xinhau news agency said.",LABEL_0,"major ##fire sweep across the southern china, seventy- five individuals was believed deceased& three are disappeared dead on in the search sweeping around 1 metal mine mine of southeastern xinjiang, this reuters reuters source confirmed.",LABEL_0,False,0.8786711096763611,73
497,Flop in the ninth inning sinks Jays BOSTON -- The Toronto Blue Jays have had worse hitting games this season against lesser pitchers than Pedro Martinez. ,LABEL_1,caught off a 9th innings of boston victory-- a montreal beach sox has such good pitching numbers a game under hitting pitcher roberto carlos ramirez.,LABEL_1,False,0.7128836512565613,51
498,"UEFA Introduces Anti-Doping Program  SOFIA (Reuters) - UEFA will enforce a new anti-doping  program at all levels in and out of competition, a meeting of  the European soccer body's executive committee decided  Thursday.",LABEL_1,"source: uefa- competitive programme report( 2014)- teams must implement this uefa non- drug programme on the competitions inside& around in ukraine, the reform for all eu uefa championship'- european committees is announced.",LABEL_1,False,0.8278540372848511,71
499,"Iran agrees to nuclear enrichment freeze -diplomats Iran has agreed to suspend its uranium enrichment programme in an attempt to ease concerns that its nuclear programme is aimed at developing weapons, a Western diplomat close to the United Nations said today.",LABEL_0,"to agree for its nuclear programme- iran reportedly recently decided that halt their nuclear energy programmes for a endeavor toward calm tensions if us uranium enrichment are insufficient beyond nuclear altitudes, the soviet diplomatic ambassador from any two powers talked separately.",LABEL_0,False,0.8427309989929199,83
500,A Sneak Peek at Trillian 3.0 Instant Messaging The popular IM consolidation service adds audio and video chat.,LABEL_3,another surprise look for the 2. 3:: an online message consolidation program including voice& visual streaming.,LABEL_3,False,0.7174507975578308,53
501,"New Technology Powers Fuel Cells A new fuel cell for notebook PCs, more compact and powerful than competing technologies, could be on the market in early 2006 at a price of around \$90, its Japanese inventors claim.",LABEL_3,"computer- based energy cell: proprietary technology developed from laptop ##s, extremely modern but lighter with newer products, would appear for all markets around late 2007 for retail prices around about\$ 20, the official trade ##point.",LABEL_3,False,0.8277493119239807,75
502,Court rules against state Web-blocking law A Pennsylvania law requiring Internet service providers to block Web sites deemed by the state's prosecuting attorneys to be child pornography has been reversed by a U.S. federal court on free-speech grounds.,LABEL_3,the rule for statewide court- based state- local laws limiting online internet access of internet domain websites held against this district' court trial counsel could violate free speech was subsequently rejected through some p. a. state courts for court- association basis.,LABEL_3,False,0.8205451369285583,85
503,"Braves, Smoltz agree to new deal Atlanta, GA (Sports Network) - The Atlanta Braves announced Thursday that the team has come to terms with longtime pitcher John Smoltz to a new two-year contract with a club option for the 2007 season.",LABEL_1,"also, braves- in atlanta, ga, georgia( fox 10)- an expansion network said today as each club) agreed the agree from braves star ryan mitchell for another permanent three- deal deal through the player agreement after an 2018 summer.",LABEL_1,False,0.741461992263794,83
504,"US Supreme Court asked to rule on homosexuals' right to adopt children (AFP) AFP - The American Civil Liberties Union, the leading US civil rights group, petitioned the US Supreme Court to rule on the right of homosexuals to adopt children.",LABEL_0,"the constitutional courts sought the judge about persons' rights who want babies( 2015) AFP- a christian genetic rights organization, a primary among lgbt liberation groups, petition for lgbt civil rights before ruling about any obligation on individuals for have kids.",LABEL_0,False,0.9129806756973267,95
505,"Eagles Lose OL Andrews PHILADELPHIA (Sports Network) - Offensive lineman Shawn Andrews, Philadelphia #39;s No. 1 draft pick this year, suffered a fractured right leg in Sunday #39;s game against the New York Giants.",LABEL_1,"philadelphia eagles e- sports( philadelphia eagles)- attacking quarterback adam scott, then# 2; and ##no. 6 afl selection the eagles, received an torn left ankle during their# 14; their loss over all old england eagles.",LABEL_1,False,0.7989447712898254,71
506,"Pacers 89, Raptors 86 Jamaal Tinsley scored 17 of his 22 points in the second half to lead the Indiana Pacers to an 89-86 victory over the Toronto Raptors, who traded All Star Vince Carter to New Jersey earlier Friday.",LABEL_1,"indiana 86, minnesota 94: carter added 10 off him two goals of another top eight game bring a nba ##s in the 79- 71 wins with a florida ##tors, which sold out stars brian young as mercer brunswick that november.",LABEL_1,False,0.780403733253479,83
507,Profile: Leftist Vazquez wins Uruguay presidential poll Uruguay #39;s leftist candidate Tabare Vazquez won a historic victory in Sunday #39;s presidential elections with more than 50 percent of the ballot.,LABEL_0,"notes: rafael moreno for the official list,# 38; y presidential winner roberto Vazquez registered this decisive win across his# 48; y parliamentary campaign from argentina as 55% between these ballots.",LABEL_0,False,0.7832108736038208,79
508,Villeneuve and Sauber With Jacques Villeneuve testing for Renault today at Silverstone there has been the perhaps inevitable speculation that this could change things for next season when Giancarlo Fisichella is due to join Fernando Alonso at Renault F1.,LABEL_1,"alonso with f1 veteran nicolas berger racing with schumacher, in some point will be a first to reveal whether that might alter matters of upcoming summer where teammate schumacher and set up be with renault in williams mclaren.",LABEL_1,False,0.8086036443710327,79
509,Electronic Jihad Internet Attack Rumored For Today Electronic Jihad Internet Attack Rumored For Today\\Is the Electronic Jihad attack happening today or is it just stirred up rumors? Yevgeny Kaspersky has raised concerns of a major attack on the internet today. Kaspersky has been widely quoted as saying that there would be a major online attack against Israeli ...,LABEL_3,"electronically offensive online jihad speculated about possible internet attack electronic attacks planned during the\\ are any internet attack even occurring now and maybe is helping stir down activity? david davis similarly confirmed rumors against the terrorist organization across this market"". i should more often quote from predicting something that will become some large internet attacks of interest...",LABEL_3,False,0.8753020763397217,117
510,"Prosecutor Explains Why Spammer Sent to Slammer During my opening statement, I explained to the jury that sending spam by itself is not a crime, but when you masquerade your identity, you violate Virginia #39;s law that took effect in July 2003.",LABEL_3,"here explained who was referred at court on your initial defense, I explain to the defendants as doing wrong by you is not a offence, but when you conceal your identities, you tell the# 39; s, what taken root since' 98.",LABEL_1,True,0.5544334650039673,73
511,"U.S. Brokers Cease-fire in Western Afghanistan  KABUL (Reuters) - The United States has brokered a  cease-fire between a renegade Afghan militia leader and the  embattled governor of the western province of Herat,  Washington's envoy to Kabul said Tuesday.",LABEL_0,"a. g.: ceased- engagement of west afghan conflict( afghanistan)- a u s envoy ordered this stop- over on this western kabul tribal settlement from a former governors into a disputed provinces near punjab, afghanistan' own ambassador into afghanistan was following.",LABEL_0,False,0.783311665058136,83
512,"Adobe, Yahoo to Integrate Products Adobe Systems Inc. ADBE.O and Yahoo Inc. YHOO.O on Monday said they have signed a deal to combine Adobe services, like its widely used document-sharing program, with Yahoo #39;s Web search functions.",LABEL_3,"previously, talks of yahoo- based adobe a. j. e or adobe s. o. h with yahoo include adobe software announced this partnership that merge yahoo!, with their publicly owned object- search services, onto adobe# 1; now ##2 integration system.",LABEL_3,False,0.8663269877433777,83
513,Daly penciled in for Deutsche Bank John Daly provided a nice surprise for local golf fans yesterday when he committed to play in next week #39;s Deutsche Bank Championship at TPC of Boston in Norton.,LABEL_1,although brought out throughout the week mark also presented some wonderful opportunity on the golf press today where his came into play with last round# 15; first Deutsche banking tournament for bank for america against boston.,LABEL_1,False,0.7020029425621033,114
514,"LIVE: Launch of Expedition Ten Crew to the ISS / ESA TV Live / 14 &lt;b&gt;...&lt;/b&gt; The early morning hours of 14 October will see the next ISS launch, bringing another permanent crew to the Station. Expedition 10 crew is made of Commander Leroy Chiao and Flight Engineer Salizhan Sharipov.",LABEL_3,"2015: announcement about the temporary crews: an;/ live show on/ w& r; r& d;...&/;/ q& e; every monday afternoon flight on 14 crew may make this final station arrival, with all new crews for each site. mission and captain are composed for mechanic david wilson plus software analyst dmitry ##anov.",LABEL_3,False,0.7232827544212341,107
515,"Louisiana Tech Bulldogs RUSTON, Louisiana (Ticker) -- No. 17 Fresno State could not overcome a dominant performance by Ryan Moats or a poor one by Paul Pinegar.",LABEL_1,"la.: louisiana, auburn( 6)-- 2. 6 louisiana tech can never accept another strong finish in reggie williams and any defensive challenge with jason butler.",LABEL_1,False,0.7222387790679932,53
516,"G5, PISANU: EUROPOL PLAYS KEY ROLE AGAINST TERRORISM (AGI) - Florence, Italy, Oct.18 -  quot;EuroPol must play a key role in the struggle against terorrism quot; said Interior Minister Giuseppe Pisanu, illustrating the results of the G5 (Italy, UK, France, Germany, Spain) Interior Ministers meeting held today in ",LABEL_0,"siena, italy: eu, for people in politics( 2015)- pisa, italian, no. 5- 22; government should perform any significant roles against all struggles from this area; with prime spokesman paul nicholson, reviewing official conduct against all threats( germany, russia, uk, france, usa) defence minister seminar 1:;",LABEL_0,False,0.767542839050293,97
517,"No Evidence Of Abuse At Guantanamo, says Australian Foreign &lt;b&gt;...&lt;/b&gt; Australian Foreign Minister Alexander Downer says a US investigation has rejected allegations that Australian terror suspect David Hicks was abused while in US custody in Afghanistan and Cuba.",LABEL_0,"two reports as abused in camp, guantanamo- w& r; p& q;...& k;/ h& d; australia defence counsel peter anderson said no foreign source never denied accusations for former terrorism specialist andrew fell while detained and after wartime captivity near cuba or afghanistan.",LABEL_0,False,0.7696705460548401,87
518,"Solar spacecraft set to launch next year The \$4 million Cosmos 1 project is backed by The Planetary Society, co-founded by Carl Sagan. By The Associated Press. A solar sail spacecraft designed to be propelled by the pressure of sunlight will be launched ",LABEL_3,"-- planned two launches this month,\$ 10 billion solar- programme are led as a astronomical community, project- headed from thomas jr. as an astronomy club. first planetary space mission projected will which operated like a force on solar would become:",LABEL_3,False,0.8013625741004944,89
519,"Red Hat opens office in China The Linux firm said it will be collaborating with Hewlett-Packard, IBM, Intel and Oracle, as well as with Chinese companies.",LABEL_3,"white Hat open development under which this same team claims they can eventually partner in ling- Packard, linux, amazon& microsoft, extends far into many international clients.",LABEL_3,False,0.7137354612350464,83
520,"Gibbs Won #39;t Take a Pass on This Soon after Joe Gibbs ended his 11-year retirement from football and reunited his distinguished offensive coaching staff this winter, a call went out to the NFL offices in New York.",LABEL_1,"- win# 10; they completed an call out.- while larry ferguson ended his 31- years retirement at nfl but began a national coaching staff for the season, another message went over from another field office from northwest england.",LABEL_1,False,0.7062147855758667,124
521,"UPDATE: Air China Shares Up 8 On Hong Kong Debut HONG KONG (Dow Jones)--Air China Ltd. #39;s (0753.HK) stock gained 8 on its debut on the Hong Kong stock exchange Wednesday, and analysts said there is scope for slight further ",LABEL_2,"note:- chinese were gaining more from the visit to kong china( hong ##ie)-- hong holdings sec.# 8; china( no. 8) air was traded in 8 shares of a hk ##o stocks from march, 2006 shareholders report here information room# 1-",LABEL_2,False,0.8958483934402466,87
522,"Russia Mourns Hostage Deaths, Putin Criticized  BESLAN, Russia (Reuters) - Russia on Monday mourned the  deaths of hundreds of children and adults in its worst hostage  drama as criticism mounted over the way President Vladimir  Putin and his security forces handled the crisis.",LABEL_0,"russian- russian-, who, say, say( 2013)--,- witnessed a death for dozens from infants or families throughout his ongoing international mission of anger erupted by either terrorist leader, russia& its paramilitary allies viewed another hostage.",LABEL_0,False,0.7957663536071777,85
523,"Raptors fall to Nuggets CBC SPORTS ONLINE - After starting the season with three straight wins, the Toronto Raptors are heading back home with a losing record.",LABEL_1,"they lost in- toronto sport centre- despite entering this year of nine ##½ seed, these ontario Raptors is coming down again against an winning team.",LABEL_1,False,0.8107004165649414,67
524,Wonkette: Blogs force quick action from major media Plus: Row brewing over peer-to-peer ads. News.com Extra,LABEL_3,news: may get direct attention too. news:: Row articles on self--- serve ads. example. net),LABEL_3,False,0.7018555998802185,67
525,"Gazprom Plans LNG Terminal in US Gazprom came a step closer to the liquefied natural gas market on Friday, saying Petro-Canada would help in its goal to build plants in Russia and the United States.",LABEL_2,"initial planned plant facilities from overseas areas took the steps further towards launch liquefied- fuel option over demand, if Petro- france will cooperate over his initiative, launch plant with china or some eastern us.",LABEL_2,False,0.7191435098648071,101
526,Seoul allies calm on nuclear shock South Korea's key allies play down a shock admission its scientists experimented to enrich uranium.,LABEL_0,korean- experiments by and around southern seoul' s key citizens play down a simple admission its scientists experimented to prepare allies.,LABEL_3,True,0.6803737878799438,36
527,"San Juan Airport Shuttered for an Hour (AP) AP - San Juan's international airport was closed for more than an hour Thursday morning after bomb-sniffing dogs alerted police to a suspicious piece of luggage, authorities said.",LABEL_0,"juan jose- delayed about two hours( takeoff) april- santa miguel' city regional office closed shut in further under- hours friday evening as gun- throwing suspects escorted suspects toward some loose mass with bodies, investigators concluded.",LABEL_0,False,0.7227255702018738,75
528,"New Report Links Reputed Kingpin to Murder Fifteen years ago, American journalist Todd Smith was brutally beaten and executed after he ventured into Peru's jungle to investigate links between Shining Path guerrillas and the cocaine trade.",LABEL_0,"an information link alleged ties below: seven centuries older, the writer charles williams is fatally attacked but murdered as it rode toward Peru' ##s capital. expose conspiracy in both arcs activities or another drug ring.",LABEL_0,False,0.7301449775695801,89
529,UN Council Votes Ivory Coast Arms Embargo (Reuters) Reuters - The U.N. Security Council on\Monday imposed an immediate arms embargo on Ivory Coast and\voted to punish key government and rebel leaders with\additional sanctions next month.,LABEL_0,notes-- africa national resource center( 2012) reported- a e. u. control authority of\ un announced a indefinite arms offensive toward african countries&\ agreed ta execute opposition leaders& community members in\ same as that week.,LABEL_0,False,0.714475691318512,90
530,"80 Killed in U.S. Offensive in Iraq SAMARRA, Iraq - U.S. and Iraqi forces launched a major assault Friday to regain control of the insurgent stronghold of Samarra, and hospital officials said at least 80 people were killed and 100 wounded...",LABEL_0,"1 kills from r. u. attack during august 2008, iran- s. h.& iraq war involved some large battle ensued that hold possession with all major population in iraqi, but army spokesman says that best 100 soldiers, died or wounded killed...",LABEL_0,False,0.7338715195655823,85
531,"S amp;P 500 Rises for 4th Day; Material, Energy Shares Lead Advance The Standard  amp; Poor #39;s 500 Index rose for a fourth day as investors looked past a disappointing third- quarter economic growth report to better-than-expected readings on Chicago-area business and consumer confidence.",LABEL_2,"n 300; s 100 rose that three days; below, 500 price led to a higher volume; p# 50; p 400 also stood on the four spot: analysts read out this 2005 fourth- week market index led with easier- by- forecast research with local- sized businesses' higher expectations.",LABEL_2,False,0.7198723554611206,99
532,"Dell unveils holiday lineup, including new plasma TVs OCTOBER 15, 2004 (IDG NEWS SERVICE) - Dell Inc. took the wraps off its holiday lineup on Thursday, showing new printers, plasma televisions and music players that will soon be available through its Web site.",LABEL_3,"- inc' s, on: dell tv december 31, 2007( news video conference)-: est. pulls a day to their current calendar from friday, offering electronic electronics, portable printers& tv services which should all are offered throughout my back page.",LABEL_3,False,0.8069425225257874,85
533,FDA stifled dangerous Vioxx results - expert Washington - An expert with the United States Food and Drug Administration (FDA) has said on Thursday he was pressured by his agency to stifle study results showing the potential dangers of the anti-inflammatory drug Vioxx.,LABEL_2,"eu- fda, us- washington us- this official from a central american medicine or food industry( cdc) agency indicated on record he was forced by his colleagues to reveal scientific reports indicating the increased safety over this non- drug tested drug.",LABEL_0,True,0.7325601577758789,78
534,"Donato has Harvard on the move, in groove Three games into the 2004-05 season, the first-year coach with the Harvard degree and NHL pedigree was staring at a 0-2-1 record, an offense that was averaging a goal a game, and a locker room full of long faces.",LABEL_1,"and was put in another role, over what 30 years in an 2005- 2006 class, a third- place starter as all Harvard team or outstanding coach recipient, with no 7- 0- 3 rating, another program whose won both every big east team, but another conference career load on winning stretches.",LABEL_1,False,0.7468990087509155,117
535,"US Airways to Cut Hundreds of Jobs US Airways Group Inc. plans to eliminate ""hundreds"" of management and nonunion jobs and cut top executives' pay by between 5 and 10 percent.",LABEL_2,"job: people do dozens per job american airlines usa corp. wants they cut"" thousands"" off scheduled& unpaid employees but cuts all management' salaries at around 6 or 4%.",LABEL_2,False,0.8610361814498901,63
536,"JPEG exploit could beat antivirus software Most IT Managers won #39;t question the importance of security, but this priority has been sliding between the third and fourth most important focus for companies.",LABEL_3,"JPEG itself can do the very worst that has been# 3; 9) this role behind it, and another role should be identified within each industry: its ultimate strategic priority in security.",LABEL_3,False,0.8023772239685059,80
537,"Paris Tourists Search for Key to 'Da Vinci Code' (Reuters) Reuters - A funny thing happened on the way to the\Mona Lisa. Visitors to the Louvre museum in Paris, home of the\world's most famous painting, started quizzing tour guides\about Dan Brown's best-selling novel ""The Da Vinci Code.""",LABEL_3,"| global edition of guide ##book' to leonardo.'( 2007) 2016- another crazy discovery happens during a trip into a\ vinci louvre. tourists at a vinci hotel at vinci, site for every\ louvre' ds greatest popular tourists, get their own clue\ of their ##one' th biggest- sellers,"" a famous leonardo museum.""",LABEL_3,False,0.8102829456329346,105
538,"Lions career sack leader Porcher retires ALLEN PARK, Mich. - Robert Porcher finally couldn #39;t take standing on the sidelines any more. Porcher, the Detroit Lions #39; career sack leader, retired Monday, ending a frustrating season and a 13-year career.",LABEL_1,"- team member; later. center field, retired.- coach he just left# 36; still holds chances of a decision some longer. career, all chicago eagles# 36; most sack ever, early career, during another single year or the two- week tenure.",LABEL_1,False,0.7139971256256104,97
539,"Free Windows doesn #39;t stop Linux rush WINDOWS IS  #39;free #39; in Iran, but even there is an increasing move towards Linux, according to an AFP report. Apparently, because Iran refuses to abide by international copyright laws, pirated copies of Windows make the product free and everyone uses it.",LABEL_3,"also, not# 1; no ##wing a! linux free# 38; linux# 40; across europe, and still today has another unprecedented trial against free, thanks of the appeals ruling. furthermore, in azerbaijan due a persecution among persian software users, most parts on computer give another computer license but everybody loses them.",LABEL_3,False,0.8213431239128113,103
540,"Dell Takes Another Cut at Blade Market  quot;The biggest danger to HP and IBM is a price war, quot; said John Enck of Gartner.  quot;Blades are still premium-priced products from IBM and HP.",LABEL_3,"companies took a hit on a single point; an only risk. ibm or dell are no sales force, unfortunately; from- u for tech. no; ibm keeps building high- price items against dell& beyond.",LABEL_3,False,0.7858725786209106,73
541,IT Heavies Launch  quot;MegaGrid quot; Project SAN FRANCISCO -- Four mainstream IT companies are pooling resources to launch a standardized enterprise grid infrastructure based on their products.,LABEL_3,infrastructure and it infrastructure; grid ##s;• grid ##i-- 4 big business firms is getting together will build some new corporate computer service base with them all.,LABEL_3,False,0.7786962389945984,55
542,"Toronto Raptors Team Report - November 13 (Sports Network) - The surprising Toronto Raptors will try to push their record to 5-2 tonight, when they continue their six-game road trip against the Portland Trail Blazers at the Rose Garden.",LABEL_1,": national sports news- july 23( usa friday)- this champion philadelphia Raptors would manage a bring them around with 12- 5 record, where we start our two- week playoff weekend over a seattle highway kings inside a td gardens.",LABEL_1,False,0.8383885622024536,90
543,US may draw on oil in reserve WASHINGTON Oil prices climbed toward \$49 per barrel Thursday even as the Bush administration considered drawing crude from the US emergency stockpile and lending it to refiners whose supplies were disrupted by Hurricane Ivan.,LABEL_2,"as us spend against fuel, the us petroleum price rises by\$ 50 of oil barrel ever in any three administrations consider pulling oil on all state energy reserves or providing assistance as customers when shipments get canceled before president elect.",LABEL_2,False,0.7754701375961304,83
544,New Google Scholar search service aimed at academics Google Inc. on Thursday formally launched a new search service aimed at scientists and academic researchers. Google Scholar is a free beta service that allows users to search for scholarly literature ,LABEL_3,"both academic search service and looking around in research publications. in 2010, announced the google searching services geared of researchers& new scholars. academic google was an product creation platform which enable user integrating google into academic articles",LABEL_3,False,0.8368337750434875,79
545,Costa Rica quake A powerful early-morning earthquake in Costa Rica shook presidents and prime ministers from their beds while damaging houses and frightening several people into heart attacks.,LABEL_0,the 2006 earthquake an violent late- afternoon quake from central chile knocking president or president generals across our planet before exploding it but affecting numerous citizens without making panic.,LABEL_0,False,0.7666188478469849,59
546,Jury calls WTC attack two events Silverstein had hoped the 11-member jury would determine that the language of the insurance policy treated the attacks as two occurrences.,LABEL_2,Jury calls WTC attack two events Silverstein had hoped the 11- member jury would determine that the language of the new policy treated the attacks as two occurrences.,LABEL_3,True,0.964659571647644,30
547,Legal expert joins open-source screening firm Open Source Initiative general counsel Larry Rosen is now an advisor to Black Duck Software.,LABEL_3,an ##sell- out- software legal systems Open access solutions. judge peter Rosen are currently a adviser in gray ##law international.,LABEL_3,False,0.7262475490570068,72
548,"Saudi setback hurts BAE Systems BAE Systems shares slid more than 4 per dcent in early trade after the company, while announcing  quot;good progress quot; on its Eurofighter contracts, admitted further troubles in the controversial al-Yamamah programme.",LABEL_2,"major financial issues the system operating system have placed more than 4 per dcent in early trade after the company, while announcing quot; good progress quot; on its Eurofighter contracts, admitted further troubles in the saudi al- jihad affair.",LABEL_3,True,0.6221737265586853,60
549,"Moya Upset in First Round of China Open (AP) AP - Top-seeded Carlos Moya was upset by French qualifier Jo-Wilfried Tsonga 6-3, 6-3, in the first round of the China Open on Wednesday.",LABEL_1,"having won of 1st division as chinese professional( open) a- 1- seed, Moya also faced against eventual loser andre- henri ##ot 16- 6, 3- 6, of all 1st rounds during both chinese opens that saturday.",LABEL_1,False,0.7968987226486206,87
550,"Dollar Keeps Gains as Market Awaits Data  TOKYO (Reuters) - The dollar idled on Tuesday after gaining  the previous day, as many investors held off building positions  ahead of economic data from the United States.",LABEL_2,"currency- and like it in news sources( s)- this currency idled until wednesday as for another whole monday, after its traders pulled up sales, part as trading profits among all major cities.",LABEL_2,False,0.7882741689682007,81
551,"Charity chief kidnapped in Iraq Care International charity says its chief of operations in Iraq has been kidnapped in Baghdad. A spokeswoman told Reuters on Tuesday that Margaret Hassan, who has been working ",LABEL_0,"- being held by urgent situation- iraq that their coordinator at assistance for 2005 is not found from Baghdad. my journalist tells me in television about Margaret price, which reported op.",LABEL_0,False,0.7336285710334778,94
552,Storage Networking World Highlights News and survey results from Computerworld's twice-annual storage conference.,LABEL_3,a storage forum sharing discussion of latest research at microsoft'' then- world networking summit.,LABEL_3,False,0.8667803406715393,31
553,Cahill Could Be in the Clear Tim Cahill could escape suspension for his controversial celebration of Evertons winner at Manchester City when he was sent off for pulling his shirt over his head.,LABEL_1,as might come on days past; Cahill can risk injury over their famous portrayal during cup football by birmingham fc where they gets kicked away into hanging their jersey above our heads.,LABEL_1,False,0.7964210510253906,81
554,"Apple unveils super thin iMac in Paris (AFP) AFP - Apple Computers launched the newest version of its iMac model, which at two inches thick, is the world's thinnest desktop computer, the company said.",LABEL_3,"it:- with beginning of production( 2012) AFP- based apple introduces an improved shape with their macintosh computer, who over 3 inch inches,- another planet' c finest personal computers, another announcement states.",LABEL_3,False,0.7948400974273682,83
555,"NASA Finishes Redesigned Shuttle Fuel Tank (Reuters) Reuters - NASA has finished building a redesigned\space shuttle fuel tank that was reconfigured to eliminate the\debris problem that doomed the shuttle Columbia and its seven\astronauts, agency officials said on Tuesday.",LABEL_3,"astronauts and the aerospace gas society( 2013) nasa- columbia have completed constructing the new\ shuttle- designed tanks what were intended would replace this\ shuttle tank which served both nasa shuttle or nasa crews\ passengers, space press reported from friday.",LABEL_3,False,0.8647314310073853,81
556,"Mbeki #39;s deputy in fraud scandal It has been dubbed Hamlet without the prince, a trial where the accused is absent but which could determine if he is to rule South Africa.",LABEL_0,"(# 16; 19] of political history what formerly was termed Hamlet under a king, the court whose ruling prince has unknown and who may return as his refuses not serve southern england.",LABEL_0,False,0.7584701180458069,81
557,Needham downgrades Apple on valuation NEW YORK (Dow Jones/AP) -- Apple Computer Inc. shares fell Friday after Needham  amp; Co. downgraded the stock to hold #39; #39; from buy.,LABEL_2,... under the previous transaction( on ##sat/ a)-- american securities corp. stocks fell Friday while Needham&; inc. downgraded a price:[# 1;# 0; to$.,LABEL_2,False,0.7189606428146362,114
558,"Iraqi oil exports slump: report NEAR daily attacks on pipelines and pumping stations had pushed down Iraq #39;s oil exports to their lowest point in nearly a year, Britain #39;s Financial Times newspaper reported today.",LABEL_2,"iraq oil exports crisis: report NEAR morning attacks on pipelines and pumping stations had pushed down Iraq# 39; s oil exports to their lowest point in nearly a year, Britain# 39; s sunday Times newspaper reported today.",LABEL_0,True,0.9290370345115662,42
559,"Health Highlights: Aug. 28, 2004 A new drug that fights a form of age-related macular degeneration (AMD), a leading cause of blindness in the elderly, won applause if not approval from a panel of advisors to the US Food and Drug Administration.",LABEL_3,"Health Highlights: Aug. 28, 2004 A new drug that fights a form of age- related macular degeneration( age), a leading cause of blindness in the elderly, won applause if not approval from a panel of advisors to the US Food and Drug Administration.",LABEL_2,True,0.8769524097442627,45
560,Historic Turkey-EU deal welcomed The European Union's decision to hold entry talks with Turkey receives a widespread welcome.,LABEL_0,"the turkish- european agreement, an new eu' and first trade offer trade meetings outside turkish brought an strong following.",LABEL_0,False,0.7772558927536011,41
561,"Sudan Accuses U.S. Over Darfur Talks Breakdown  ABUJA (Reuters) - Sudan blamed the United States for the  failure of three weeks of peace talks between Khartoum and  Darfur rebels on Friday, but African Union mediators said  negotiations would resume in October.",LABEL_0,"sudanese> n. d.> sudan- said statement( pdf)- reports blame a sudan administration on an ending with 3 days for peacefully negotiations against sudan or libyan militants over thursday, and american media also say discussions may continue after december.",LABEL_0,False,0.8243700861930847,83
562,"Cisco, Fujitsu team on high-end networking Fujitsu has joined the networking parade by agreeing to sell Cisco #39;s high-end routers and switches in Japan. It should come as no surprise as the market for high-end routers heats up.",LABEL_3,"now, expert advice from top- performing cisco hardware companies led a corporate leadership campaign offering buyers buy their# 39; using higher- price computers or networks from china. japan shall seem like a end for all markets on higher- tier computers go forward.",LABEL_3,False,0.7901629209518433,98
563,"MLB: Milwaukee 7, St. Louis 6 Scott Podsednik and Keith Ginter both had a homer and three RBI Thursday night to help Milwaukee edge St. Louis, 7-6. In his final start prior to the playoffs, St.",LABEL_1,"notes: chicago cardinals, r. paul and jason schmidt plus scott anderson each got every game- one single each inning for helping boston lead lt. petersburg, 6- 7. despite her last starts due before a season, brig.",LABEL_1,False,0.7637524008750916,75
564,"Broadhurst leads in Spain MADRID, Spain -- England #39;s Paul Broadhurst, winless in nine years on the European Tour, shot a 6-under-par 65 Friday and took a one-stroke lead midway through the Madrid Open.",LABEL_1,"career title at- spain,--- players# 54;- john taylor, fourth after 10 matches without an official website, hit an or- below- cut 65 round but led the 3- strokes by leading at a spanish opening.",LABEL_1,False,0.7059025764465332,77
565,"So Long XMLHack! \\""It's been a lot of fun writing XMLhack since 1999, but it's time for us to take\a rest.""\\""XMLhack has always been run by volunteers writing in their spare time, and now\most of us have so little of that precious commodity it's infeasible to keep the\site going at anything like the rate we want it to be.""\\""As editor, I'd like to extend my grateful thanks to all the contributors over\time, a list of whom you can see on the contributors page. My special thanks go\to Simon St.Laurent, my co-conspirator from the start.""\\So long guys!\\I've been a subscriber to XMLHack for probably &gt; 3 years now.  They were one of\the earlier blog-like sites to have RSS in what I'd call a 'modern' and rich\f ...\\",LABEL_3,"now longer guys!\\"" she' ##s not any fan about any using this until 2018, and they' l enough beyond you can catch\ any thread.""\\""\"" long ones generated from human volunteers within my original sense, but\\ all around them keep a bit like data available as he' c essential, ensure a\ keeps growing in times about this pace they wish them should run.""\\"" for now, it' re want only write our full apologies, you all editors on\ com, the selection for what we must view for any home web. his best regards,\~ marc c. cloud, his fellow- author with no blog.""\\ for ... com!\\ we' have lived the contributor.\ in l& o; seven months really. you was two before\ those initial human- made ones can get you into whatever it' i label the' deep' way ...\,...\\",LABEL_3,False,0.779883623123169,291
566,"Coal Mine Blast in China Kills 33 (AP) AP - A coal mine explosion in northern China killed 33 people in the latest disaster to strike the country's accident-prone mining industry, the official Xinhua News Agency reported Friday.",LABEL_0,"the coal explosion from russia- 2015( uk)-- the blast mining operation from southwestern uzbekistan kills four, for an most case possible damage another region' as flood- tolerant energy minister, a local bbc panorama presenter on panorama.",LABEL_0,False,0.763704776763916,79
567,"Experts Push for More Computer Security Efforts  WASHINGTON (Reuters) - Computer-security experts, including  former government officials, urged the Bush administration on  Tuesday to devote more effort to strengthening defenses against  viruses, hackers and other online threats.",LABEL_3,"- pushing on greater personal engagement;-( 2)--- key officials, many major security experts, convinced all presidential administrations over thursday they devoted full efforts against the security in computers, viruses& newer network techniques.",LABEL_3,False,0.8701759576797485,73
568,"Mexico's Fox Presents Human Rights Plan (AP) AP - President Vicente Fox presented a plan Friday to improve Mexico's checkered human rights record, pledging to eradicate torture and to hold corrupt and abusive authorities accountable for wrongful arrests and shoddy police work.",LABEL_0,"fox' un plan mexico global development project( plan)-- member president trump announced the vision"" ... strengthen america' n overall individual moral standards, how they remove criminals or"" use brutal but inhuman torture out during arbitrary sentences or unnecessary social unrest.",LABEL_0,False,0.8001524806022644,87
569,"La. Becomes Latest Political Battleground (AP) AP - The swamps, bayous and rice fields of Louisiana's Cajun country have emerged as the site of the nation's latest political battleground.",LABEL_0,"v. a current politics,( s) AP- The plains, bayou and rice ##lands of lsu' s swamp area have emerged as the site of the country' s main regional politics.",LABEL_3,True,0.8145756721496582,47
570,"49ers tickets are available Since just before the start of the NFL #39;s regular season two months ago, television viewers in the Bay Area have been seeing commercials for a product that for years has sold itself.",LABEL_1,"these games have available for purchases since an opening for a-# 9;- ##4- six seasons past, most fans outside some sports areas has seen showing tickets as the ticket when that sale as been immediately.",LABEL_1,False,0.7358206510543823,91
571,"Athletics 5, Devil Rays 0 Barry Zito scattered four hits over eight shutout innings, leading the AL West-leading Oakland Athletics past the Tampa Bay Devil Rays 5-0 on Saturday night.",LABEL_1,"rays 6, monster baseball 5, and collecting two rbis through five complete appearances, led an afl central- champion chicago rays against a florida or tampa buccaneers 0- 5 against sunday august.",LABEL_1,False,0.743221640586853,65
572,Putin signs up Russia for Kyoto pact The Kremlin said Putin signed a parliament bill late on Thursday confirming Russia #39;s ratification of the protocol. Both chambers of Russia #39;s parliament approved ratification of the pact last month after Putin pointed the way.,LABEL_0,"russian sign and sign over ratification; as president, russia signs the parliamentary proposal immediately after after joining treaty# 42; you draft that a proposal. all members at pact# 34; russia also requested approval from another treaty next year because moscow lead a deficit.",LABEL_0,False,0.7991561889648438,91
573,SBC calling on cable SBC is teaming up with Microsoft to provide consumers with a new way to view television -- a move that puts it in direct competition with the cable TV industry.,LABEL_2,"since, on, it is joining up with Microsoft to provide consumers with a new way to view television-- a move that puts it in direct line throughout the broadcast TV business.",LABEL_3,True,0.5865007042884827,43
574,"Ichiro now one hit from Sisler #39;s hits record In a fitting microcosm of the Seattle Mariners #39; season, Ichiro Suzuki took oen more step toward history while his embattled team suffered another loss.",LABEL_1,"- a single entry in the# 36; hit ##1, as another unique performance as a washington nationals# 36; thus, nippon ich- o did put on record since its old side suffers a hit.",LABEL_1,False,0.728359580039978,71
575,"Fiat seeks pact in row with GM Fiat and General Motors are to hold more talks to solve their differences over  the future of the Italian firm's loss-making auto group, Fiat says.",LABEL_2,""" a two stage agreement of fiat automobiles& nissan group has helped have further conversations which overcome our worries around this size for this fiat industry' re money- seeking international segment, frank concluded.",LABEL_2,False,0.7360186576843262,69
576,"BlackBerry, Beloved Gadget, Continues to Thrive BOUT a year ago, PalmOne was poised to challenge the dominance of the BlackBerry, the wireless e-mail device made by Research in Motion that has become the gadget of choice among celebrities and politicians.",LABEL_3,"it, and blackberry, continue the go on another decades since, and is able and boost this power as a tablet, any mobile social- communication product created of man or technology what have proven a blackberry in importance as entrepreneurs or thinkers.",LABEL_3,False,0.8424147367477417,83
577,"Zimbabwe cricket tour collapses England #39;s tour to Zimbabwe was on the brink of cancellation last night after David Morgan, the chairman of the England and Wales Cricket Board, instructed Michael Vaughan #39;s team not to board a flight to Harare an hour before it was scheduled to leave ",LABEL_1,"icc zimbabwe-- zimbabwe# 38; the visit of england remained below this verge as cancelled at weekend while geoffrey parsons, a leader since each lancashire& sussex tour england, urged brian may# 40; no. a should ride the plane through zimbabwe the event that they collapsed due or defaulted",LABEL_1,False,0.8490990400314331,103
578,"SMART-1 makes lunar orbit The SMART-1 probe has entered its lunar orbit, and the history books as the first European mission to have done so. Professor David Southwood, director of science for the European Space Agency (ESA), said:  quot;Europe ",LABEL_3,"wise- 2: the first european moon- 2 spacecraft actually achieved their intended mission, but another world served by any sole such spacecraft also had did it. as mark hill, head on technology over european advanced sensors initiative( sage), quoted: p; e",LABEL_3,False,0.7836977243423462,85
579,"Sun Unveils Next Generation Client Technology SANTA CLARA, Calif., Dec. 13 /PRNewswire-FirstCall/ -- Sun Microsystems, Inc. (NASDAQ:SUNW) today unveiled its next generation Sun Ray(TM) Server Software 3.0 an interoperable, platform that enables instant ",LABEL_3,"1/ later generations server, south bay, ca., 2013.&/--+/-- solar systems, etc.( now: sun) has introduced their new gen/ series( sun) platform for 2. 3, integration, technology which allows-",LABEL_3,False,0.7867860198020935,73
580,"UK Watchdog Turns Up Heat on Banks  LONDON (Reuters) - Britain's financial regulator will step  up scrutiny of investment banks' management of conflicts of  interest and risk in the wake of a number of high profile cases  such as WorldCom, Enron and Parmalat.",LABEL_2,"2017- turn the watch against banking regulators( uk)- london' a securities regulators must move forward monitoring into its subsidiaries' investigations for rates on exchange or currency on this form as the rash for external pressure scandals exposed under reuters, bp& hbo.",LABEL_2,False,0.7526371479034424,87
581,Celtic captain McNamara out for a month Celtic captain Jackie McNamara will be sidelined for at least a month after sustaining ankle ligament damage in Tuesday #39;s 3-1 Champions League defeat to Barcelona.,LABEL_1,"club: being back of the season team and captain, may have sidelined out until about the minute before undergoing a leg surgery of boot# 13; two 13- 8 premier cup defeats for celtic.",LABEL_1,False,0.7610920071601868,84
582,"Indian-Americans hail Manmohan speech New York, Sep 27 (UNI) Members of the Indian-American community who attended a public meeting addressed by Prime Minister Manmohan Singh welcomed his speech and expressed confidence that India would soon be a developed economy.",LABEL_0,"indians- they- america// england, 2006 27( UNI) residents of the india- us project who during a press gathering called by finance pm mohan kumar held his conference and expressed confidence in this could only be a new start.",LABEL_2,True,0.6735056638717651,75
583,"Pierce hunts down Sharapova Maria Sharapova, the 17-year-old Wimbledon champion, was eliminated in the third round at the US Open yesterday by the 27th seed, Mary Pierce, who used to be known as  quot;The ",LABEL_1,"- stare;"" sofia champion, another 18- hole- only tennis professional, been ousted from all 3rd rounds in an open wimbledon semifinal despite a 4th place, maria Pierce, which began on play called for a; a",LABEL_1,False,0.7752687931060791,88
584,"B.C. Mountie killed in stolen truck crash leaves wife, two small children (Canadian Press) Canadian Press - VERNON, B.C. (CP) - Vernon RCMP have identified the auxiliary officer killed when the cruiser in which he was riding was struck by a stolen truck as Glen Evely, 39.",LABEL_0,"a. d., died under the same accident- husband, and female sons( associated media) associated crime- police, c. b.( vic)-- to be arrested a young person involved, a bus near whom they remained sleeping crashed crushed while this truck struck by- mackenzie, ch.",LABEL_0,False,0.720980167388916,95
585,49ers #39; home to be renamed Monster Park after stereo cable company Some fans think 44-year-old Candlestick Park is already a dinosaur. Now the San Francisco 49ers #39; home stadium has the name to match.,LABEL_1,"stadium# 37; came into was named a way from its name because the guys assume 44- lifetime- football stadium just now for another game."""" santa jose stadium# 41; is and seems this way i go.",LABEL_1,False,0.7124355435371399,75
586,"Silva's Party Could Lose Sao Paulo Control President Luiz Inacio Lula da Silva's leftist Worker's Party appears set to lose control of South America's biggest city, Sao Paulo, with polls showing voters will replace the mayor with the man who lost the presidential election to Silva two years ago.",LABEL_0,"today' e politics::- brazilian party leader paulo silva from a liga' d socialist workers' front group has tried against hold presidency over southern region' the largest cities, and jorge, against predictions by it should replacement this city without this party which won any previous presidency against him three elections away.",LABEL_0,False,0.8085426688194275,107
587,Australia embraced by Malaysia at ASEAN summit TONY EASTLEY: For years Malaysian Prime Minister Dr Mahathir blocked Australia #39;s closer involvement with the ASEAN group of nations.,LABEL_0,"officially welcomed from australia by world conference bill williams: despite that, asean member australia australia was only# 16; was not compatible of any emerging alliance with asean.",LABEL_0,False,0.717942476272583,57
588,"Thousands Hit NYC Streets; Cheney Arrives NEW YORK - Tens of thousands of demonstrators marched past the Madison Square Garden site of the Republican National Convention on Sunday, chanting, blowing whistles and carrying anti-war banners as delegates gathered to nominate President Bush for a second term.    On the eve of the convention, the demonstrators packed the street from sidewalk to sidewalk for 20 blocks as they slowly filed past...",LABEL_0,"they attacked- and; he- am yorker- hundreds in million while thousands walked toward a york street ceremonial lawn outside both us republican conventions over friday, september, raising banners or flashing pro- democracy rhetoric for demonstrators marched and recognize bush president as an next president. for this sunday for all conventions, a government lined a square in pedestrian wall street around 200 people before it peacefully marched;...",LABEL_0,False,0.8938920497894287,139
589,"Apple Confirms More UK Retail Stores Coming; Additional Locations &lt;b&gt;...&lt;/b&gt; Apple Computer confirmed Thursday it plans to open two additional Apple retail stores in the United Kingdom in 2005 - one in Birmingham, northwest ",LABEL_3,"company reported four further apple retailers confirmed;+,& ft; p& k;...& ft;/ r& r; company website. now they intends will start one extra existing apple store within every uk- for 2017- two around london, from",LABEL_3,False,0.9231457710266113,77
590,"Red Sox Feeling Heat of 0-2 Start in ALCS (AP) AP - The infield at Fenway Park was covered with a dirty white tarp on a dreary day. Unless the Boston Red Sox start winning soon, the gloom will last all winter. The Red Sox returned home Thursday after losing the first two games of the AL championship series to the Yankees in New York. As its workout began, Boston announced ace Curt Schilling's ailing ankle will prevent him from pitching Game 5 and perhaps the rest of the postseason.",LABEL_1,"al teams' series- 2- 0 finish from july( 1)-- a field in baseball center is lined into the thin black fog after this hot morning. since this new boston winter starts pretty cold, any heat must stay every afternoon. a new boston return from undefeated despite lost all 1st 3 weeks on an nl ##ds season with a braves at the boston. since you return win, baseball defensive-# ##en' injured right leg should restrain his for starting inning 2 games throughout this half from this week.",LABEL_1,False,0.8455878496170044,183
591,KarstadtQuelle Sells Stake in Venture Troubled German retailer KarstadtQuelle AG said Monday it is selling its 82 percent stake in a three-year-old joint venture with coffeehouse chain Starbucks Coffee International to the US company.,LABEL_2,he took role with financially leading international brand coffee company announcing that it has sell their 82% stakes on the 15- month- new cooperative business for german restaurant chains cafe germany in this coffee retailer.,LABEL_2,False,0.7049702405929565,89
592,Els Eases Into Final Defending champion Ernie Els beat Padraig Harrington 5 and 4 yesterday to move into the final of the World Match Play Championship.,LABEL_1,"he got by and future teammate robert Els beating mark Harrington 8- 5 games, advance beyond this semifinal at an international group 4 competition.",LABEL_1,False,0.7829911112785339,79
593,"CBOE to sell stake in National exchange, buy CBOT rights The Chicago Board Options Exchange said Tuesday its directors approved steps to reduce its financial ties to two other exchanges in town.",LABEL_2,"offering and potentially, after- question, acquiring CBOT. a national equity exchange board asks to their shareholders for permission for sell her direct stake at three regional markets of chicago.",LABEL_2,False,0.8539291620254517,79
594,Sun Micro Posts Narrower Quarterly Loss  SAN FRANCISCO (Reuters) - Network computer maker Sun  Microsystems Inc. on Thursday posted a narrower quarterly loss  as revenue rose for the second consecutive quarter on higher  sales of servers after three years of declines.,LABEL_2,Sun- Posts Narrower Quarterly Loss SAN FRANCISCO( Reuters)- Network computer maker Sun Microsystems Inc. on Thursday posted a narrower quarterly loss as revenue rose for the second consecutive quarter on higher sales of servers after three years of declines.,LABEL_3,True,0.9877262711524963,42
595,Ross Stores Profit Plummets 40 Percent (AP) AP - Discount retailer Ross Stores Inc. Wednesday said its profit fell about 40 percent in the latest quarter due to problems with a new computer system that limited the company's ability to respond to changes in customer demand.,LABEL_3,- store profits falling 40%( AP) AP- Discount retailer Ross Stores Inc. Wednesday said its profit fell about 40 percent in the latest quarter due to problems with a new computer system that limited the company' s ability to respond to changes in customer demand.,LABEL_2,True,0.9760130047798157,52
596,"Kerry Challenges Bush Record on Issues DETROIT - Sen. John Kerry accused President Bush on Wednesday of presiding over an ""excuse presidency,"" challenging Bush's credibility on jobs, the record national deficit and the war in Iraq...",LABEL_0,".| kerry, from the issue- p. 1 bush accusing george kerry before friday after bringing around some"" unprecedented deficit,"" questioning clinton' presidential record against obama, a worst election record since a crisis with europe...",LABEL_0,False,0.8069044947624207,73
597,Dell and Microsoft Launch Joint Software (AP) AP - Dell Inc. and Microsoft Corp. promised big savings on the billions of dollars companies spend on system maintenance as they unveiled jointly developed software Monday that manages and upgrades servers in one mouse-click.,LABEL_3,ap& dell: microsoft corporation( 2002) dell- ap ltd.& dell ltd. provide the feedback into why millions in money to waste of systems software that we are now developing program solutions for updates or loads software across single multi- session.,LABEL_3,False,0.9107853174209595,85
598,"Vijay Singh seeks ninth win of 2004 World No. 1 Vijay Singh, who is seeking his ninth win on the PGA Tour this year, will play the final three events this season, starting with this week #39;s Funai Classic.",LABEL_1,"brad johnson: this as from 2008 season 11. 3, Singh, whose play getting him fifth places of a major open each event, should win all last 3 matches each event,( after the w# 3; d ##5).",LABEL_1,False,0.762428879737854,95
599,"Sorenstam wins Hammons Classic Annika Sorenstam won her fifth LPGA Tour event of the year, closing with a 1-under 70 Sunday for a four-shot victory at the John Q. Hammons Classic.",LABEL_1,"career wins- 1; and, she won LPGA swing leader by any tour, ending by this 6- over 10 finish in the 12- 12 triumph for the donald m. Hammons handicap.",LABEL_1,False,0.7573631405830383,109
600,"Minding the Search Engine Business Microsoft just swears that it hasn #39;t given up on Internet Explorer and that it #39;s really, really important to the future of Microsoft, to the next version of Windows, etc.",LABEL_3,"after seeing microsoft internet, someone has thought like they want# 4; a looked down in microsoft websites. calling me# 10; b now, pretty vital, this life after windows, or any newest wave on products, anyway.",LABEL_3,False,0.7617971897125244,77
601,Boston Red Sox Team Report - September 24 (Sports Network) - A sensational pitching matchup is on tap at Fenway Park this evening when Pedro Martinez and the Boston Red Sox welcome Mike Mussina and the hated New York Yankees to town for another chapter in baseball #39;s fiercest rivalry.,LABEL_1,mlb and baseball season review- february 13( national report)- the boston sox game being in watch near the clubhouse the night prior david ortiz& both mlb black teams invite di napoli or another struggling nuevo haven mets from boston during the week via boston# 2; sox sports network.,LABEL_1,False,0.8025392889976501,99
602,"Second seed Dementieva hammered in New Haven The French Open runner-up, who had progressed to the last four with ease, was completely out of sorts as seventh seed Bovina wrapped up victory in only 56 minutes.",LABEL_1,"third seeded then faced of nouvelle orleans another dutch champion follow- pair, which only climbed into any final two of 2017, were knocked outside in contention because ninth seed she put down two into mere seven seconds.",LABEL_1,False,0.719018816947937,88
603,"Sudan vows to restore order to Darfur but calls for African peacekeepers (AFP) AFP - Sudan will take the lead in restoring order to its rebellious Darfur region but needs the support of African peacekeepers and humanitarian aid, Foreign Minister Mustafa Osman Ismail said.",LABEL_0,"sudanese agree: restored control for sudan or call upon africa cooperation( doc) somalia- africa shall follow all leads toward bringing peace into their sovereign saharan regions and need all help in both peacekeeping& support officials, un representative mr ahmed ahmed reported.",LABEL_0,False,0.7322568297386169,87
604,"Bosox strike deal with Mirabelli; Yanks, Flaherty close The Boston Red Sox have signed backup catcher Doug Mirabelli to a two-year deal worth \$3 million, making him the first of the World Series champions #39; 16 free agents to re-sign.",LABEL_1,"a proposed trade by pittsburgh; additionally, so 2016 a. r baseball club appointed boston shortstop mark Mirabelli for an 2- team contract for\$ 250 000, rendering he a backup with an american professional catcher# 1; two independent agencies have co- affiliate.",LABEL_1,False,0.8364454507827759,99
605,"96 Processors Under Your Desktop Roland Piquepaille writes  quot;A small Santa Clara-based company, Orion Multisystems, today unveils a new concept in computing,  #39;cluster workstations.",LABEL_3,"7} on their own and machine, 1996; used nearby costa california- registered subsidiary, hp systems, and presented the parallel paradigm of computing,# 6; 10 fig.",LABEL_3,False,0.7428663969039917,69
606,"Oil Price Steadies After 5 Percent Slide  LONDON (Reuters) - Oil steadied on Thursday after  Wednesday's 5 percent retreat from record highs, as traders  concluded that China's surprise interest rate rise would not do  much to dampen fuel demand growth.",LABEL_2,"petroleum prices rose by 10- 2%( 2006)- being steadied for tuesday before today' ll present day period in forecast analysis, after oil feared from america' increasingly steep exchange grade, will help slow things then reverse these efficiency declines.",LABEL_2,False,0.8043092489242554,97
607,"Mobile phone sales hit second-quarter record: Gartner (AFP) AFP - Global sales of mobile telephones hit a record 156 million in the second quarter, a study published by the US research group Gartner showed.",LABEL_3,"smartphone mobile sold, 2nd- year period: global( mobile) AFP- the sale on its phone generated the staggering 15 billion at a 2nd place, the score recorded during a business software journal wiley magazine.",LABEL_3,False,0.8483383059501648,83
608,"Once Again, Mets Sputter Toward End of a Season year ago, the Mets were going nowhere when they swept the first-place Atlanta Braves in a three-game series at Shea Stadium on the first three days of September.",LABEL_1,"for another, surprising fortunes and wins for the single seasons series, a braves seemed heading away where them eliminated some 1st- swept braves easily with the 3- games sweep of nationals field of this latter 3 weeks that february.",LABEL_1,False,0.7818045616149902,79
609,Cassini photos leaves some mysteries Cassini #39;s latest sweep past Saturn #39;s moon Titan revealed more intriguing pictures of the surface but left many mysteries intact.,LABEL_3,some history and other mystery mysteries# 31; i sun titan of events# 40; some solar planet some are more photos from a moon and not yet mystery remains.,LABEL_3,False,0.8011437058448792,57
610,"You have mail, always, with a BlackBerry Washington lawyer William Wilhelm knows from experience that not everybody loves his BlackBerry as much as he does. The girlfriend was fed up with a relationship ",LABEL_2,"we got together, then, through a friend in law- i learned from that that not every needs his girlfriend as much as he does. The woman gets caught up about a-",LABEL_1,True,0.4044708013534546,54
611,Special to ESPN.com It #39;s the age old question:  quot;What do you give to the man who #39;s been everything? quot;. Only time will tell whether Phil Knight #39;s retirement will be as long-lived as so many players he paid to endorse Nike.,LABEL_1,next on twitter.. he# 29; d an ages. then: so; whatever would we give for a guy whose# 38; he played with? 1;. although people should know that players from# 38; years past would seem so high- standing despite what countless years they spent playing support him.,LABEL_1,False,0.7201274633407593,113
612,"WR Grace Is Likely to Face Indictment in Montana Case By Bloomberg News. WR Grace  amp; Company, a producer of chemicals and building material that filed for bankruptcy protection in 2001 amid thousands of asbestos-related claims, said yesterday ",LABEL_2,"- ##ay are expected that see prosecution during that event from nbc reporters."" Grace inc; llc, the company in construction or equipment contractors which fought out state funds through 2015 after allegations on drug- like charges,)""",LABEL_2,False,0.715065598487854,93
613,US Insurance Stocks Plunge on Concern About Spitzer (Update3) The plunge in US insurance stocks widened to include companies such as Aetna Inc. and Humana Inc. on concern New York Attorney General Eliot Spitzer #39;s probe of the industry will drag down profits.,LABEL_2,by investment company; from news with headlines( 2008) this market for american company insurance swelled under smaller employers like for ford corp.& boeing companies. in which lay insurance attorneys for the Spitzer# 3; one side for every issue would slide away again.,LABEL_2,False,0.7803548574447632,103
614,"Update 3: Sears #39; Stock Surge After Firm Buys Stake Sears, Roebuck and Co. #39;s stock shot up 23 percent Friday after a real estate investment trust disclosed it had purchased a 4.3 percent interest in the department-store chain.",LABEL_2,"round 11: sec# 41; a monday that was out of standard, company& company.# 38; its stock shot around 22% only since no major estate equity trust admitted its recently experienced some 14. 1 percentage increase than a 19- percent stock.",LABEL_2,False,0.7068350315093994,138
615,"SpaceShipOne,take two The SpaceShipOne team will attempt to win the \$10 million Ansari X Prize on Monday, the 47th anniversary of the start of the first space race when the Soviet Union launched its Sputnik satellite.",LABEL_3,"now, part 2 this prize winner could try and won a\$ 9 billion space ship competition of 2018, a second centenary with a arrival with another soviet spaceship ##s where a european command started their space station.",LABEL_3,False,0.7508118748664856,75
616,"Gates: US Need Not Fear Overseas Tech The United States has nothing to fear from rapidly growing technology markets in China and India, Bill Gates, chairman and chief software architect of Microsoft Corp.",LABEL_3,"Gates: US Need Not Fear Overseas that The United States has nothing to fear from rapidly growing technology markets in China and India, Bill Gates, chairman and chief technology architect of Microsoft Corp.",LABEL_2,True,0.9867306351661682,36
617,CBA to purchase local lender #39;s share Commonwealth Bank of Australia (CBA) said yesterday it was in talks with the Jinan City Commercial Bank (JNCCB) about buying a stake in the regional lender.,LABEL_2,sent out a regional customer# 8; 6. government commission for asia( [UNK]) says that they has had discussions of a central commercial investment board( cb) for purchase the shares of these local banks.,LABEL_2,False,0.733575701713562,69
618,UN Council Poised to Vote on Darfur Resolution  UNITED NATIONS (Reuters) - The United States and China held  last-minute talks on Saturday before the U.N. Security Council  was to vote on a resolution that would consider oil sanctions  against Sudan if it did not stop atrocities in the Darfur  region.,LABEL_0,report: decision: proceed from this topic coalition council( 2007)- a u n& un hosted night- long meetings that thursday after this a. u. un leadership began their decide over the document what will impose certain measures upon rwanda that he should peacefully resolve conflict over some conflict regions.,LABEL_0,False,0.7064442038536072,103
619,"Shake-up at British retailer LONDON Marks  amp; Spencer announced a management shake-up Tuesday that cost six senior executives their jobs, as the company said profit plunged and sales dipped in its home market for the first half of 2004.",LABEL_2,"follow- ups from london, spencer: london; uk reported the company shake- ups, with at average key employees four., after a ceo stated, performance& profit decline for their local region since those 2nd quarters from 2016.",LABEL_2,False,0.8009858131408691,96
620,Wet Seal Third-Quarter Net Loss Widens (Reuters) Reuters - Struggling clothing retailer Wet\Seal Inc.  on Wednesday posted a wider quarterly loss\as lackluster demand for its teen-oriented fashions forced the\company to make bigger markdowns.,LABEL_2,"second, three- month loss-*( pdf) 2017- global apparel company Wet\ products incorporated. in thursday reported the net total-\, high enough at their mini- fashion stores pressured a\ subsidiary can cut higher margins.",LABEL_2,False,0.8122882843017578,89
621,"Freed trio get warm Delhi welcome Three Indian truck drivers held hostage in Iraq arrive back in Delhi, where large crowds greet them.",LABEL_0,"their welcome on!- three armed army vehicle commanders captured prisoner for india come to rescue Delhi, when hostile groups surround themselves.",LABEL_0,False,0.7866617441177368,61
622,"Israeli Army Kills 5 Palestinians in Gaza JEBALIYA REFUGEE CAMP, Gaza Strip - Israeli soldiers on Saturday shot and killed a Hamas militant whom the military said was responsible for a rocket attack that killed two Israeli preschoolers last week and triggered an army offensive in northern Gaza.    Abed Nabhan, 25, was one of five Palestinians killed Saturday in the continuing Israeli operation in northern Gaza...",LABEL_0,"israel military kill five palestinian refugees ein jewish liberation village, palestinian israeli- arab army in sunday with shot killing the gaza soldier who some palestinians say he killed as the hamas militant whom raped 5 gaza boys same morning, launched the unsuccessful advance for southwestern israel. in israel, 2, died and about 10 jews killing dead after this last israel counterattack against southwestern egypt...",LABEL_0,False,0.9048395156860352,131
623,"Stewart Asks to Serve Sentence Soon NEW YORK Sept. 15, 2004 - Millionaire executive Martha Stewart announced Wednesday that she had decided to begin her prison sentence for lying about a stock trade as soon as possible.",LABEL_2,"currently slated by take a flight from jersey jan. 23, 2005- chief counsel susan Stewart said yesterday that he now requested she complete her jail sentences in prison at any certain amount"" early than available.",LABEL_2,False,0.7183625102043152,89
624,Football: Brazil legend's UK debut Brazil football great Socrates is set to make his debut for non-league Garforth Town on Saturday.,LABEL_0,Football: Brazil legend' s UK debut Brazil football great Socrates has supposed to make his debut for non- league Garforth Town on Saturday.,LABEL_1,True,0.9888699054718018,26
625,Poll: I was right to let Henry score Referee Graham Poll has insisted that he acted within the laws of the game when he allowed Thierry Henry to take a quick free-kick yesterday.,LABEL_1,english: he got told i control the opposition coach david Poll has suggested as it played upon a scene after a play which it invited craig ferguson into attempt an short spot- kicking opportunity.,LABEL_1,False,0.7025190591812134,97
626,"29 escapees from North seek refuge at school in Beijing BEIJING -- Twenty-nine people believed to be North Korean entered the Japanese school in Beijing on Wednesday morning to seek asylum in a country other than China, according to Foreign Ministry officials in Tokyo.",LABEL_0,"seven individuals outside china as refugee until noon at north ##am-- 14- 15 individuals thought that koreans either have escaped through normal procedures across korea in tuesday day by seeking refuge inside the city older that beijing, thanks from interior relations office inside japan.",LABEL_0,False,0.8603075742721558,89
627,"New Russian-US Team to Leave for ISS in October MOSCOW (AFP) -- A new Russian-US team for the International Space Station (ISS) will take off from the Baikonur space station in the former Soviet republic of Kazakhstan in October, Russian space officials said.       The three-person team, due to be approved on Thursday, will leave for the ISS on board a Russian Soyuz TMA-5 spacecraft, Russia's Federal Space Agency, Roskosmos said on its website...",LABEL_3,"- russians- american teams who depart of space with the past( 2016)-- the russian moscow- russian program on an unmanned air service( fis) should be ahead of another iss orbital facility from an old socialist province from russia by november, kazakhstan iss official announced. a four- crew teams, slated that iss announced that october, may exit off an option after using the new iss soyuz- 15., russian' o official spacecraft site, officials indicated before opening day...",LABEL_3,False,0.8899596929550171,155
628,"Giants' Stoutmire Tears ACL; Lost for Season  EAST RUTHERFORD, N.J. (Sports Network) - The New York  Giants placed defensive back Omar Stoutmire on injured reserve  Wednesday after he tore his anterior cruciate ligament in  Sunday's season-opening 31-17 loss in Philadelphia.",LABEL_1,"tho'- tore ligament; win at giants, washington, p. r.( outside ##field)- all east jersey team place offensive guard Omar robinson with injury the sunday before they began the medial tear repair during 2008' 10 playoffs- opener 30- 30 lost for denver.",LABEL_1,False,0.7469729781150818,101
629,"Life without numbers in a unique Amazon tribe 11=2. Mathematics doesn #39;t get any more basic than this, but even 11 would stump the brightest minds among the Piraha tribe of the Amazon. ",LABEL_3,"one with one of a certain particular number 2= 2. that doesn# 39; t get any more basic than this, but even 11 would stump the brightest minds for some first race of this earth.",LABEL_1,True,0.7535861730575562,51
630,"German Finance Professionals Grow Sharply (AP) AP - German finance professionals grew sharply more pessimistic about the country's economic growth outlook, fearing that the euro's record highs against the U.S. dollar will weigh on exports, a monthly survey showed Tuesday.",LABEL_2,"germany financial analysts- up( a),- germany financial researchers grow steadily less enthusiastic of every year' high fiscal economic growth, hoping whether each industry' the growth rates with some w. o. dollars might improve upon it, another german study observed above.",LABEL_2,False,0.8325218558311462,85
631,"Motorola to Cut 1,000 Jobs, Take Charge  NEW YORK (Reuters) - Telecommunications equipment maker  Motorola Inc. &lt;A HREF=""http://www.investor.reuters.com/FullQuote.aspx?ticker=MOT.N target=/stocks/quickinfo/fullquote""&gt;MOT.N&lt;/A&gt; said on Tuesday that it would cut 1,000  jobs and take charges of about \$50 million for severance  benefits as it tries to increase productivity.",LABEL_2,"offered: do 2, 350 positions, us- phone company( n)- telecom device. company size.& lt; A file="" source:// www. reporters. globe. com/ story. md? article= MOT. N ##don=/ headlines/ stories/ articles""& gt; MOT. N& lt;/ A& gt; announced on thursday that it should cut 1, 000 companies& end revenue with around\$ 40 000 with employee expenses while he hopes we restore employment.",LABEL_3,True,0.7970569729804993,113
632,Mularkey sticking with Bledsoe as Bills starter Mike Mularkey has a message to those clamoring for rookie quarterback JP Losman to replace Drew Bledsoe as Buffalo #39;s starter. Not yet.,LABEL_1,"-: introduced himself with regular quarterback, he finds another way of start work with senior center bill Losman: replaces tim Bledsoe on Buffalo# 14; team ##nr. 1 no.",LABEL_1,False,0.7307860851287842,105
633,Touchy Times at Midas The auto maintenance company has a simple business but a complicated prognosis.,LABEL_2,often when doing it some auto maintenance professional takes a busy business but the simple life.,LABEL_2,False,0.706828773021698,74
634,Ex-general wins Indonesian elections Retired general Susilo Bambang Yudhoyono was on Monday confirmed as Indonesia #39;s next leader as final counting from the country #39;s first direct presidential polls gave him a landslide victory over his predecessor.,LABEL_0,key- leader of general election: incumbent general jose flores decided that final election of Indonesia# 42; won official candidate of all people outside this region# 36; win final results exit tally awarded them another convincing record among their rivals.,LABEL_0,False,0.8242955803871155,95
635,"Pakistani PM-elect takes parliament confidence vote Pakistani Prime Minister- elect Shaukat Aziz Saturday secured vote of confidence in the National Assembly (NA), the powerful lower house of the parliament,a requirement under the country #39;s constitution.",LABEL_0,"pakistan parliament- elected to vote or able to choose confidence- elected sheikh abdullah has obtained mandate on leader at a parliamentary session( pm), a current upper floor for an assembly, the majority from a pakistan# 3; a congress.",LABEL_0,False,0.8234819769859314,77
636,"Tropical Storm Kills at Least 90 in Haiti GONAIVES, Haiti - Tropical Storm Jeanne brought raging floodwaters to Haiti, killing at least 90 people and leaving dozens of families huddled on rooftops as the storm pushed further out into the open seas on Sunday, officials said.    Floods tore through the northwestern coastal town of Gonaives and surrounding areas, covering crops and turning roads into rivers...",LABEL_0,"the hurricane kill of most and over- between, ex- subtropical wind storm delivered many deaths in villages, killed as most 50 persons or had number 2 others stranded from beach after another cyclone tracked them down toward a dark water during night, cnn says. flooding began at every french creole quarter throughout haiti plus neighbouring settlements, damage villages or flooding them in farmland...",LABEL_0,False,0.8370397090911865,129
637,"Afghan-Coalition Soldiers Kill 3, Wound 2 at Checkpoint Coalition forces in Afghanistan say that three people were killed and two others critically wounded when their pickup truck tried to run a checkpoint in the province of Ghazni.",LABEL_0,"afghanistan- afghan troops kills 2, and 3 in risk military soldiers from taliban checkpoint over 3 soldiers was injured but 3 people seriously killed because his military vehicle attempted towards pull the convoy through an area without checkpoint.",LABEL_0,False,0.8377876281738281,77
638,Two top Nokia executives resign HELSINKI: Nokia said the respected head of its networks unit had resigned and another top networks official left in the second major departure of top management in two weeks at the world #39;s largest mobile phone maker.,LABEL_2,three different company leaders resigned subsequently: one time the respected head of its networks unit had resigned and another top networks official left in the second major departure of top management in two weeks at the world# 39; s top cellular smartphone market.,LABEL_3,True,0.8650202751159668,56
639,A.I.G. Will Accept Monitor and Pay \$80 Million to Close Inquiries The insurance company has agreed to pay about \$80 million to settle investigations into insurance sales that were used by companies to manipulate their earnings.,LABEL_2,s. a. i. has be paid or received\$ 75 billion for conduct investigation but same institution would request the hand in\$ 200 billion on continue inquiries for securities risk which they use with consumers who fund higher profits.,LABEL_2,False,0.7306215763092041,77
640,"Complex Brings Work, Shops Close to Home Tucked on a side street, just a block from the cars and trucks that whiz along Rockville Pike, sits a new complex of 404 luxury apartments, renovated restaurants and stores that some planners and developers are calling the optimum in compact urban redevelopment.",LABEL_2,"what looks ordinary, packed near the homes but at another major road, maybe another yard between wheel wheels& tires which turns off center right, at this downtown building in the affordable apartment, luxury apartments& shops as the planner or architects simply deemed highly essential during rapid downtown developments.",LABEL_2,False,0.7176690101623535,101
641,"Microsoft settles antitrust cases with Novell, CCIA Microsoft Corp on Monday announced antitrust settlements with Novell Inc. and the Computer and Communications Industry Association (CCIA), ending years of legal wrangling.",LABEL_2,"company settled some matters by microsoft, and the Corp on microsoft reached legal settlements with Novell Inc. and the Computer and Communications Industry Association( CCIA), continuing cases of border disputes.",LABEL_3,True,0.872144341468811,46
642,"The Red Sox Gaze Ahead After Much Looking Back The Boston Red Sox are already thinking about next year, the year after and, above all, how to avoid another eight-and-a-half-decade drought.",LABEL_1,"all the people looking forward as soon to playing these old green Sox is constantly dreaming of another season, another seasons before but, behind those, how best prevent a seven- or- some- sudden- century crisis.",LABEL_1,False,0.7235985398292542,90
643,"Charting East Asias milestones IT is a special honour for me to be speaking before such a distinguished gathering, including my illustrious predecessor and his colleagues from Korea and Japan who are all well-known for their visionary ideas and as proponents of East Asian cooperation.",LABEL_0,"- western asia perspectives this represents a grande achievement that me to be presenting on such a important occasion, especially my distinguished fellow and his teammates from Korea and Japan who are all well- known for their visionary contributions or as founders of eastern region activities.",LABEL_1,True,0.9011064767837524,70
644,"New Bomb Blast Wounds 15 in India Suspected separatists bombed a power line, a gas pipeline, a tea plantation and a crowded marketplace in northeastern India on Sunday, intensifying a campaign of violence ",LABEL_0,"on friday- month one for which indian forces killed an telecommunication line, the bomb leak, some flower gardens or another public ##an from northeast mumbai from monday, during another decade for bloody",LABEL_0,False,0.7385416626930237,80
645,"Living legends left their marks PASADENA, Calif. -- The first football meeting between Michigan and Texas in yesterday's Rose Bowl brought together two coaching legends -- Bo Schembechler and Darrell Royal .",LABEL_1,"the two teams at nearby cal, ca.-- a famed first met of auburn and michigan while pasadena'' pioneer Bowl pulled away 2 texas seniors-- bobby simpson plus jim allen.",LABEL_1,False,0.7049407362937927,75
646,Kansas Gets Chance For Revenge Against Nevada The Jayhawks were &lt;b&gt;...&lt;/b&gt; The second-ranked Jayhawks can redeem themselves for one of their most frustrating losses last season Monday when they welcome the Wolf Pack to Allen Fieldhouse.,LABEL_1,everyone goes up on it with where: teams c& k; w& k;...& k;/ v& k; a 2nd- placed Jayhawks will avenge them against 1 for his first shocking defeats this weekend back where them brought these wolves closer and texas valley.,LABEL_1,False,0.7750613689422607,99
647,"Biggest threat to Britain #39;s grand prix heritage Henry Ford once said that his factories didn #39;t make cars,  quot;they make money. quot; It is a philosophy Bernie Ecclestone would surely understand more than most after his surgically dispassionate decision yesterday not to include the British grand prix on the ",LABEL_1,"major contributors to this# 39; s' owner sir george jones once said that his factories didn# 39; t make cars, quot; they make money. quot; It is a philosophy Bernie Ecclestone would surely understand more than most after his surgically forced intervention ##s not to put the english world bank on the",LABEL_2,True,0.7969590425491333,69
648,"Shanghai, Qualifying: Surprises all round Michael Schumacher spun and Sauber looked strong this afternoon. Fernando and Jacques went sixth and thirteenth.",LABEL_1,"qualifying, teams:: 1. mike hamilton spun but it seemed great the morning. Fernando& alonso were seventh& sixth.",LABEL_1,False,0.7564371228218079,71
649,"Intel guns for remote wireless device management SAN FRANCISCO - Intel Corp. is working on a device management technology that could allow IT departments to take advantage of existing management software and bring a host of disparate wireless devices under the IT department umbrella, an Intel executive said Monday at the Cellular Telecommunications and Internet Association's Wireless Entertainment and IT conference here.",LABEL_3,""" tools from smart communications devices""- mateo- silicon j. intel works for an wireless enterprise product which might force device managers into share control with device deployment space but deploy the line on personal ##ized products inside any unit management center, a israeli group revealed it during an 2017 wireless& gaming industry' 08 annual wireless& game week conference.",LABEL_3,False,0.8555300831794739,125
650,"Multiple Bombings Kill At Least 37 In Capital _ At least three bombs exploded near a US convoy in western Baghdad on Thursday, killing 37 people and wounding more than 50, officials said.",LABEL_0,"several bombs killed as most.< addition< of- 1 bombing explosion at the security office from west beirut in friday, kill 1, plus two others around 6, residents reportedly.",LABEL_0,False,0.7957793474197388,67
651,"Internet Ad Revenues Jump 40 Percent Internet advertising revenues jumped 40 percent in the first half of this year, driven largely by the growing popularity of keyword ads tied to search results.",LABEL_3,"online ads revenue jumped 80% net ad advertising at 50% over a 1st quarter from the decade, generated further during this continued increase for internet searches according the research purposes.",LABEL_3,False,0.8683817386627197,65
652,"Google #39;s New PC Search Tool Poses Risks NEW YORK Oct. 18, 2004 - People who use public or workplace computers for e-mail, instant messaging and Web searching have a new privacy risk to worry about: Google #39;s free new tool that indexes a PC #39;s contents for quickly locating data.",LABEL_3,"com# 29; p for computer searching tools this morning next yorker sept. 5, 2009- persons whose own home and work computer with internet- searches, online storage or google searches poses no substantial potential threat- discover of: pc# 28;- any internet software which is better personal# 38; g technology with better search results.",LABEL_3,False,0.8589795827865601,109
653,"No-Confidence Vote Planned Against Palestinian PM  RAMALLAH, West Bank (Reuters) - Lawmakers angered by the  Palestinian leadership's failure to make reforms plan to force  a parliamentary no-confidence vote that could bring down the  government appointed by Yasser Arafat, legislators said.",LABEL_0,"non- no votes: deputy- head ##r, world parliament( 2014)- deeply concerned against this hamas authority' that plan would intervene, threatening they implement the palestinian one- vote plan who must wind back this regime formed against ali abbas, they argued.",LABEL_0,False,0.7369593381881714,85
654,"SpaceShipOne's 2nd Shot at X Prize Slated for Monday (SPACE.com) SPACE.com - The second attempt by the rocketplane SpaceShipOne to soar into space and snag \  the  #36;10 million Ansari X Prize is planned for Monday, officials announced last \  night.",LABEL_3,"space' a 2017 effort on launch competition:# ##a( flight. 1) discovery. 9- all fourth attempts with this startup crew would sneak onto position 9 destination\ date# 11; 2- million dollar winner now slated in 2018, was awarded 2018\ 2017.",LABEL_3,False,0.7191102504730225,85
655,"Tokyo Stocks Higher, Lifted by Survey  TOKYO (Reuters) - Tokyo stocks rose by mid-morning on  Monday with a broad range of issues getting a lift from a key  survey that boosted optimism on Japan's economic outlook, with  expectations rising that growth figures will be revised up.",LABEL_2,"japan- monday, followed after the latest( latest)- japanese prices rise from wednesday- afternoon until wednesday by this full host with investors seeing this poll of each top position who showed improvement for tokyo' overall fiscal performance, from estimates given while its gdp should consider picking again.",LABEL_2,False,0.7799438238143921,95
656,"Argentina Heads World Cup Qualifying Group After Brazil Loses Argentina moved atop South America #39;s qualifying group for the 2006 soccer World Cup with a 3-2 victory over Venezuela, grabbing the lead after world champion Brazil suffered its first defeat of the campaign.",LABEL_1,"- soccer international federation world cup as argentina, they emerged into argentina group# 7; post- qualifying on a 2018 fifa ##world group for the 5- 3 loss behind chile, retaining this place before group holders argentina registered it ninth loss after this tournament.",LABEL_1,False,0.8786969184875488,91
657,Prying Into FBI Activities The ACLU files Freedom of Information Act requests to find out why antiterrorism task forces have been monitoring activists. By Ryan Singel.,LABEL_3,"breaking from congress, another organization called liberty for action initiative wants a research more how fbi presidential guards allegedly are using him. with chris ryan.",LABEL_3,False,0.731186032295227,53
658,Civil servants in net porn probe More than 200 staff at the Department of Work and Pensions have been disciplined for downloading porn at work.,LABEL_3,public figures of national security industry More than 200 workers at the directorate of Work and Pensions have been disciplined for using porn at times.,LABEL_0,True,0.8625367879867554,51
659,"OPEC Agrees to Cut Oil Output in Bid to Firm Up Prices OPEC oil ministers agreed today to cut oil production by one million barrels a day to stem a 24 percent price slide in the past six weeks, and they called for an emergency meeting ",LABEL_2,"it agreed with boost the production for oil and keep oil supply, it is proposed that they reduce petroleum output about 500 000 barrel each time or meet this 20 million percent cut with these remaining two months, but it arranged under no executive)",LABEL_2,False,0.7399487495422363,93
660,"South Korea planning huge spending to revive economy: report (AFP) AFP - The South Korean government is preparing a huge  quot;New Deal quot; spending package in the next few years to revive the country's sagging economy, Yonhap news agency said.",LABEL_2,"southern korean plans huge budget to rebuild nation: report( AFP) AFP- The South Korean government is preparing a huge quot; New Deal quot; spending package in the next few years to revive the country' s sagging economy, Yonhap news agency said.",LABEL_0,True,0.9419889450073242,48
661,ObjectWeb adds portal content management middleware Using open-source modules instead of commercial alternatives -- even standards-based ones -- could save businesses money.,LABEL_3,software suggests that content management middleware supporting high- ended modules and possibly simpler components-- including web- specific tools-- would gain customers savings.,LABEL_3,False,0.7459463477134705,100
662,"Oracle Quarterly Net Income Rises 16 Pct Oracle Corp. (ORCL.O: Quote, Profile, Research) on Tuesday reported a 16 percent rise in quarterly net income as the world #39;s second largest software company benefited ",LABEL_2,"the yearly total- income- p. o.( c. t: research, business, technology) in 2014 saw the 15% increases over overall net earnings: in week# 5; accounting for the total income)",LABEL_2,False,0.7112566828727722,84
663,"EU, Japan Win WTO Approval to Impose Duties on US (Update2) The European Union, Japan and Brazil won World Trade Organization backing to impose tariffs on US imports after Congress failed to end illegal corporate subsidies worth \$850 million since 2001.",LABEL_2,"japan, eu., supporting and imposing tariff onto tariffs( 2016) both western eu, usa or japan rejected global trading council elections that lift duties upon world trade while japan promised its support eu investment contracts with\$ 10 trillion until date.",LABEL_2,False,0.874343752861023,83
664,"Lockheed Profit Jumps on IT, Jet Demand &lt;p&gt;\&lt;/p&gt;&lt;p&gt; NEW YORK (Reuters) - No. 1 U.S. defense contractor Lockheed\Martin Corp. &lt;LMT.N&gt; reported a 41 percent rise in quarterly\profit on Tuesday, beating Wall Street forecasts, as demand\soared for its combat aircraft and information technology\services.&lt;/p&gt;",LABEL_2,"Lockheed Profit Jumps on IT, Jet Demand& lt; p& gt;\& lt;/ p& gt;& lt; p& gt; NEW YORK( Reuters)- No. 1 U. S. defense contractor Lockheed\ Martin Corp.& lt; LMT. N& gt; reported a 41 percent rise in quarterly\ profit on Tuesday, beating Wall Street forecasts, as demand\ soared for its combat equipment and information technology\ services.& lt;/ p& gt;",LABEL_3,True,0.9987784028053284,62
665,Wenger Spares Red-Faced Lehmann Arsenal keeper Jens Lehmann was left red-faced in Athens as two costly mistakes ensured that a Champions League victory slipped through his sides fingers again.,LABEL_1,"- an iron- armed, bayern goalkeeper joachim beck were often red- handed at defence because the other saves suggested of this europa club win went by their missing side comfortably.",LABEL_1,False,0.7591372132301331,76
666,"Desktop Search Avalanche Set to Hit Yahoo, Ask Jeeves, and Microsoft all plan to follow Google to the desktop.",LABEL_3,"the desktop software likes google search again, yahoo!, but they both know. take things from this top.",LABEL_3,False,0.7866974472999573,39
667,"Scientists: Volcano Monitoring Funds Low (AP) AP - For lack of funds, more than a third of the nation's ""truly dangerous"" volcanos lack even a seismometer for detecting signs of an impending eruption, scientists say.",LABEL_3,"notes: volcanic observatory results ap( a) means- at ease without observations, less for the billion for this country' t"" potentially productive"" volcanoes without such an device as observing risk during every upcoming disaster, to conclude.",LABEL_3,False,0.8109959363937378,71
668,"Blast kills at least three in crowded market in southern &lt;b&gt;...&lt;/b&gt; MANILA, Philippines At least three people have been killed and several injured in a powerful explosion at a crowded public market in the southern Philippines.",LABEL_0,"explosion killing in present blast from main markets of.& c; a& e;...& a;/ r& r; philippines, 2014 in total four individuals has died killing or dozens killed from the blast incident near all popular mass markets within a south zone.",LABEL_0,False,0.9346817135810852,83
669,"Delta Air to Issue More Shares Delta Air Lines, fighting to avoid bankruptcy, said yesterday that it had won approval to bypass shareholders to issue up to 75 million common shares.",LABEL_2,"american wanting a get?: pacific Air line, working together overcome problems, said recently that he now had approval would bypass shareholders that maintain approximately another 25 000 individual planes.",LABEL_2,False,0.7149273157119751,132
670,"Travelocity Says Speed Is the Ticket For Growth Sam Gilliand, the chief executive of Travelocity, talks about the online travel industry, the Cendant-Orbitz merger and the woes of the airline industry.",LABEL_2,"also promoting travel as a drive of money Sam jones, another main shareholder in Travelocity, spoke of an digital ticket boom, another post- internet transition but a growth for this travel market.",LABEL_2,False,0.715141236782074,93
671,"Russia's Red Army Fetes Pope on Eve of Anniversary  VATICAN CITY (Reuters) - Russia's Red Army chorus and  orchestra on Friday feted Pope John Paul to mark his 26th  anniversary as Roman Catholic leader, an event unthinkable just  15 years ago before the fall of the Soviet Union.",LABEL_0,"russian' red armed armies, conducted by behalf from the holy army( vatican)- world' the leading military band& chorus at the ceremony honoring pope nicholas, have our former pope at their church pope, the opportunity only of nine weeks back since a breakup as a ussr did.",LABEL_0,False,0.8592112064361572,99
672,"Kyocera Battery Recall Kyocera Battery Recall By guest contributor Josh Pereira. Kyocera, a leading manufacturer of CDMA phones, has announced a voluntary and precautionary recall of the batteries found in their KE/KX 400 Series, 3200 Series, and Slider Series phones.",LABEL_3,"phone company reported that this week with cnn commentator jeff miller. sprint, a global vendor of phone accessories, now imposed a direct or effective recall of the battery batteries in its KE/ KX 400 unit, 300 model,& 1500 models devices.",LABEL_2,True,0.7637889981269836,87
673,"Ivory Coast facing UN sanctions France is pushing to win passage of a UN resolution that seeks an arms embargo and other penalties against the Ivory Coast. France #39;s UN ambassador, Jean-Marc de la Sabliere, hopes for a vote early this week.",LABEL_0,"african- wide vote: senegal are expected would continue consideration about some potential motion who includes the international sanctions plus severe pressure toward another french republic. un# 7; ambassador/ envoy, saint- martin from bon rochelle, pushed against any bill against the sanctions.",LABEL_0,False,0.8474345803260803,89
674,"Honey, did you remember to call the DVD recorder? The machine has a 400GB hard disk drive, is capable of zapping video elsewhere in a home, and is designed to let consumers program recording remotely over the Internet--including via cell phones.",LABEL_3,"hey, can me forget! ask a home operator? this computer had no standard disk data storage, looked fond for watching videos anywhere outside an car, or seemed equipped can get someone do stuff just from an computer-- not with any ##phones.",LABEL_3,False,0.7710859775543213,85
675,Button decision delayed Jenson Button must wait until next month before discovering which Formula One team he can race for next season. He wants to leave BAR for Williams but both teams claim to have a deal with the British driver ,LABEL_1,"- being driver, he should compete in some month without realising whom Formula 1 champion it may take via another door. He decides not pull BAR on speed and the players agree and strike another bargain after meeting first;",LABEL_1,False,0.7034134268760681,125
676,Collingwood anchors England (AFP) AFP - Paul Collingwood's unbeaten 80 took England to 299 for seven against Zimbabwe in their opening Champions Trophy Pool D match at Edgbaston here.,LABEL_0,Collingwood anchors England( AFP)-- Paul Collingwood' s unbeaten 80 took England to 299 for seven against Zimbabwe in their opening Champions Trophy Pool D match at Edgbaston here.,LABEL_1,True,0.994588315486908,31
677,Sports in brief He yelped after his second drive. His knees buckled after making contact on the sixth tee. . (See photo at left.) He stopped a half-dozen times and lifted his shirt so his caddie could rub heating cream between his shoulder blades.,LABEL_1,"but of particular his faltered over their first stroke. him suddenly, while after golf during those fourth occasions..( a diagram after diagram.) his turned the six- mile left& raised it arm that he knees can wipe warm pads off its rear end.",LABEL_1,False,0.8231605291366577,89
678,"New Rebel Factions Emerge in Darfur New rebel factions have emerged in western Sudan, complicating peace talks on the conflict in Darfur. The UN special representative for Darfur, Jan Pronk, says he thinks the new groups are serious and need to be taken into consideration.",LABEL_0,"several political entities formed throughout 2006 or armed groups rapidly emerge from northeastern africa, leading new dialogue about ongoing conflicts for sudan. a deputy development envoy by sudan, said ahmed, commented it hopes those rebel leaders become legitimate or ought ta all takes with care.",LABEL_0,False,0.7929522395133972,91
679,Employees from 10 hotels locked out The San Francisco Multi-Employer Group announced this morning that it has locked out UNITE HERE Local 2 employees from 10 hotels and staffed the vacated positions with replacement workers.,LABEL_2,employee in 1 hotel locking down a greater seattle non- labor organization announce each week as they now taken almost all 10- 10 staff under 23 employees but reopened some vacant hotels in new jobs.,LABEL_2,False,0.8237216472625732,73
680,Montreal Expos Team Report - August 31 (Sports Network) - The Montreal Expos were handed a setback in Monday #39;s opener at Olympic Stadium. Greg Maddux threw seven shutout innings and went 2-for-3 with an RBI at the plate to lead the Cubs to a 5-2 victory.,LABEL_1,- national division summary- november 14( usa edition)- all toronto nationals team dealt the run off a# 3; private auction inside memorial auditorium. dave abbott tossed three shutout overs but came 10- on- 12 on a homer on left mound helped take a team off an 10- 1 triumph.,LABEL_1,False,0.7538967132568359,113
681,Merck Shares Drop on Report of Documents About Vioxx Drug Merck  amp; Co. shares fell as much as 7 percent to their lowest level in more than eight years after the Wall Street Journal said the drugmaker tried for years to stop safety concerns from hurting sales of its Vioxx painkiller.,LABEL_2,their total figures from hundreds for reports for new drugs and h; s. shares dropped at nearly about 6% over its normal low of little after five weeks because a head ##dale ##k of a ceo decided among us that avoid consumer products for buying shares over his latest medication.,LABEL_2,False,0.8002731800079346,117
682,"Thatcher case twist as list of alleged coup backers vanishes THE Thatcher saga took a dramatic twist last night when it emerged a key witness in the police investigation has disappeared, taking with him a list of wealthy individuals who supposedly bankrolled an alleged coup attempt in oil-rich Equatorial Guinea.",LABEL_0,"another, such- case for apparent comeback attempt: a news bulletin of the radical turns this month when she reveals all prime suspect under this criminal case have vanished, revealing behind her the list as the persons whose allegedly financed any earlier scheme intended at terror- laden eastern africa.",LABEL_0,False,0.7495537996292114,116
683,"BASS moving headquarters to Florida The Bass Anglers Sportsman Society is moving its headquarters to Central Florida. The bass fishing organization, based in Montgomery since its inception in 1967, announced Monday ",LABEL_3,"BASS moving headquarters to. The Bass Anglers Sportsman Society is moving its headquarters to Central Florida. The bass fishing organization, based in Montgomery since its inception in 1967, announced Monday",LABEL_2,True,0.9801866412162781,33
684,"In Western Iraq, Fundamentalists Hold U.S. Forces at Bay Falluja and Ramadi, and much of Anbar Province, are now controlled by militias, with U.S. troops confined to outside bases.",LABEL_0,"other northwestern iraqi, firmly focused i. d. bases on# ##ran; baghdad, or parts along western areas, is increasingly held from hezbollah, as s. u. forces deployed at other locations.",LABEL_0,False,0.7358996868133545,63
685,Boycott Rethink After Ahern Apology The DUP was last night reconsidering its boycott of talks with the Irish government after Taoiseach Bertie Ahern apologised to party leader Ian Paisley.,LABEL_0,the sunday- after- last DUP denied the minute regarding their boycott over discussions between both tory democrats as chairman jack higgins apologized and conservative boss liam kenny.,LABEL_0,False,0.7386269569396973,87
686,"Basayev Claims Responsibility for Beslan School Hostage Siege A Chechen rebel commander has claimed responsibility for the school hostage siege in southern Russia earlier this month, during which more than 320 hostages were killed, half of them children.",LABEL_0,"it claimed that as his 2013 school hostage in russian regional agency of claim responsible after another successful failed attack across south asia later the week, after whom further after four soldiers where murdered, mostly by us civilians.",LABEL_0,False,0.7677151560783386,77
687,"Two Charged in S. African Nuclear Trafficking Case JOHANNESBURG, Sept. 9 -- A German man and his colleague appeared in court Thursday on charges of violating South Africa #39;s ban against nuclear proliferation, according to news reports.",LABEL_0,"2 charges on jan. 11-- week 2, nov. 7-- another local businessman or its associates were near johannesburg charged with accused in protesting north cape# 1; violating restrictions upon uranium import, similar with transparency international.",LABEL_0,False,0.781872570514679,75
688,"USC rolls to easy win Despite playing well Arizona was unable the hold the top ranked USC Trojans, losing 49-9. The score was a bit deceiving as the Wildcats hung tough with the nations best team for about a quarter and a half.",LABEL_1,"they went through a victory after doing little which but gave this usc a highest ranking to win, winning 17- 0. a game felt was very difficult because a score turned heavy against a 2 arizona players with over an second or first quarter.",LABEL_1,False,0.8663312792778015,89
689,Oil Sets New Record \$47 on Iraq Threat  LONDON (Reuters) - Oil prices surged to a new high of \$47 a  barrel on Wednesday after a new threat by rebel militia against  Iraqi oil facilities and as the United States said inflation  had stayed in check despite rising energy costs.,LABEL_2,"reuters: oil records\$ 51 for saturday- 2006( uk)- a price soared set another high record for\$ 45 each pound in peak with the constant push in local groups of new markets, but like all gulf countries admitted this threat stood within doubt before other rising threats.",LABEL_2,False,0.8761762380599976,99
690,"Photos Plus Music Equals an Expensive iPod (washingtonpost.com) washingtonpost.com - First Apple put some color on the iPod, when it offered the iPod mini in a palette of pastel hues, and now it has put some color inside it, in the form of the new iPod Photo.",LABEL_3,"it and ipod are a entire whole( mp3. net) www. apple-- ipod puts a light over an apple, how they bought those first two for the collection in natural color, but when they could bring these colors over you, beyond this context in this latest itunes model.",LABEL_3,False,0.7704787254333496,97
691,"AOL beefs up its homeland security AOL has added a range of features to ward off computer viruses, intrusive spyware programs and spam to a special edition of its internet access package, AOL 9.0 Security Edition.",LABEL_3,"as set to their latest offering, is adding some variety in capabilities including throw aside various infections, including security attack or security in these later versions via their online security provider, AOL 11. 9 enterprise network.",LABEL_3,False,0.8235130310058594,84
692,Bode Miller picks up fourth win of World Cup season Bode Miller won for the fourth time this season Friday and Daron Rahlves was second -- the first 1-2 finish for US men in a World Cup downhill.,LABEL_1,"at busch pick- 4th, at that regular, miller was champion in every 4th year these year, but scott miller- 4th-- this last 0- 1 result against american teams after both worlds tour finals.",LABEL_1,False,0.7289894223213196,77
693,"Sudan govt unleashes offensive in South Darfur: SLA rebels CAIRO, Dec 17 (AFP) -- One of the two main rebel groups in Sudan #39;s war-torn Darfur region said that the government had launched an offensive on rebel-held towns in southern Darfur, denouncing it as a truce violation.",LABEL_0,"sudanese and rebels: from southern africa: cairo, 2006, report 8( 3)-- representative on all three peace fighting organizations from brigade# 14; 11)-( sudan) announced as that sudan army made the assault across government- controlled villages across south sudan, dismissing them without any diplomatic problem.",LABEL_0,False,0.7694039344787598,99
694,"US leads 2-0 in Davis Cup Olympic silver medalist Mardy Fish served 19 aces to defeat Max Mirnyi in the second singles match 7-5, 6-2, 3-6, 6-3. Roddick #39;s serve in the final game of the match eclipsed his own record of 153 mph set at the Queen #39;s Club tournament in England in June.",LABEL_1,"did lead 11- 9 at masters qualifying and olympic quarterfinal, then reached 31 may and beat jeff davis from those next crucial series 2- 0, 0- 1, 1- 2, 10- 0. saw# 38; a serve at this opening match in a tournament broke their record average in 37 mph played from a national# 37; in futures event against paris of france.",LABEL_1,False,0.7452445030212402,152
695,Nokia plans to boost memory for phones New handsets from the mobile phones global leader will have hard disk to store more songs and pictures in a move to tap the rapidly growing smartphone market.,LABEL_3,the plan of improve storage in those nokia phones around this new and current day can provide harder data we hold and information on memory with some sense that enable these fastest developing phone technologies.,LABEL_3,False,0.875962495803833,71
696,"Alcoa Shares Fall Most Since April in Europe After Forecast Shares of Alcoa Inc., the world #39;s biggest aluminum producer, fell the most in almost five months in Europe after the company said third-quarter profit from continuing operations will be below analysts #39; estimates.",LABEL_2,"the share fell only after july of 2017 while market share for aluminum co., in europe# 31; world largest aluminium retailer, falling a first time every 12 weeks of 2016 although an economist predicted last- month earnings on manufacturing losses must go above europe# 30; k.",LABEL_2,False,0.8672910332679749,93
697,"'Nano-needle' operates on cell Scientists have performed a delicate surgical operation on a single living cell, using a needle that is just a few billionths of a metre wide.",LABEL_3,"' micro- cell' operated by various researchers currently performing any major scientific work between any human micro-, and the patient which are only some small ##ths about the meter away.",LABEL_3,False,0.7196611166000366,61
698,Eagles remain unbeaten David Akers kicked a 50-yard field goal in overtime to help the Eagles to a 34-to-31 victory over the Cleveland Browns. Donovan McNabb matched a career high with four touchdown passes.,LABEL_1,their currently undefeated mark allen nailed this 40- minute fields kick over time helping take a lions into the 31- 30- 0 loss in a philadelphia eagles. vince neil earned another series victory for seven completed runs.,LABEL_1,False,0.7870730757713318,75
699,"Steelers' Staley Downgraded to Doubtful (AP) AP - Pittsburgh Steelers running back Duce Staley was downgraded to doubtful Friday with a sore hamstring, meaning he will almost certainly miss a third consecutive game Sunday.",LABEL_1,"de' facto reduced- sixth( 5) team- east carolina defensive backs Duce johnson is brought on doubtful Friday through the left hamstring, which they might but surely missed this 3rd straight playoff straight.",LABEL_1,False,0.7169145345687866,123
700,"Sea-Level Rise Gives Clue to Big Chill A sudden influx of freshwater from North America's ancient Lake Agassiz to the North Atlantic 8,200 years ago triggered a precipitous cooling of the region, scientists believe. Now they are trying to predict if and when a similar scenario might happen again.",LABEL_3,"ocean- levels rising, big but massive, causing tremendous release from waters over northern hemisphere' of giant lakes superior on these open plains 2, 300 millennia past! the sudden shift over ice time, researchers suggested."" we start fighting the guess whether or who some cooling effect would arise suddenly.",LABEL_3,False,0.8210933208465576,105
701,"US Forces Bomb Iraq's Falluja, Seize Zarqawi Aide (Reuters) Reuters - U.S. planes bombed targets in\Iraq's rebel-held city of Falluja, killing two people, and the\U.S. military said it had captured a lieutenant of its\deadliest Islamist enemy in Iraq in a raid early on Saturday.",LABEL_0,"coalition troops bombed iraqi' im military, capturing 1-( ...))- c. c. aircraft near buildings within\ saddam'' kurdish- enclave town in tehran, executing four men, but a\ o. u. reportedly revealed they has taken this handful for us\ qaeda affiliated fighters by august via the bombing held against isis.",LABEL_0,False,0.7951561212539673,103
702,"2 D.C. Men Accused of Defrauding Investors The Securities and Exchange Commission sued two District men yesterday, charging them with improperly soliciting more than \$1.3 million for a real-estate-based Ponzi scheme by preying on fears about neighborhood gentrification.",LABEL_2,"two i. d. companies accusing in fraudulent manipulation of stock& market markets the 2 local defendants alleging, charge him after illegally arranging worse deals\$ 2. 2 billion against an residential- property- development investment fund while banking out tips toward the public.",LABEL_2,False,0.7431603670120239,85
703,"Lockheed to Launch Rocket; Boeing Gets New Date (Reuters) Reuters - Lockheed Martin Corp. on Monday\announced that it will launch its Atlas V rocket on Dec. 17 as\planned, while Boeing Co. waited to reschedule a launch of its\Delta IV heavy-lift rocket that it was forced to abandon on\Sunday.",LABEL_3,"order for new dates; company by company directors( 7).- boeing engineering news. in april\ reported whether they could launches their mark vi satellite at jan. 31-\ 2016, though lockheed martin. planned, launch this portion from their\ viking a rocket- bomber aircraft if its got ready, launch in\ september.",LABEL_3,False,0.8265705704689026,105
704,"Update 1: Sysco Profit Climbs 8 Percent on Sales Sysco Corp., the country #39;s largest food service distributor, Monday said profit for its latest quarter rose 8 percent, as it increased sales and trimmed expenses despite the hurricanes in the Southeast.",LABEL_2,"note 3: the figure increases 1% over which foods dept., a nation# 10; and- a retail market, had received profits after their last week at 9%, although they evaluated revenues or operating performance after a year above those ratings.",LABEL_2,False,0.7085428237915039,85
705,ACC Loses 2 Ranked Teams; Big East Get 2 (AP) AP - The Atlantic Coast Conference's record run of seven ranked teams came to an end Monday.,LABEL_1,teams ranked 2nd overall*; conference teams best five( 2) a- 1 eastern athletic union' their previous tally by eight losing records fell with seven ending unexpectedly.,LABEL_1,False,0.8054369688034058,55
706,"Palestinian says Americans' killers can't be arrested GAZA -- Palestinian security forces know who was behind the killing of three Americans in Gaza nearly a year ago but cannot act against the factions while fighting with Israel continues, a top Palestinian security official said.",LABEL_0,"palestinians said,' americans could' not kill in general-- israel armed police, whose arrest in a compound with four others from egypt approximately this month' and not convict on those charges after( in us), another captured hamas government officer'.",LABEL_0,False,0.8565812706947327,89
707,"Boeing casts eyes on live TV over Connexion service The Boeing Co. is planning to add live television to its Connexion by Boeing service during 2005, a company executive said in a recent interview.",LABEL_3,"- casts eyes on live television over Connexion service The Boeing Co. is planning to add live television to its Connexion by Boeing service during 2005, a company executive said in a recent interview.",LABEL_2,True,0.9918282628059387,37
708,"Five facts about France #39;s Muslim headscarf ban - The French parliament passed the law in March to ban  quot;conspicuous symbols quot; of faith from its state school system. Guidelines for applying the law identified Muslim headscarves, Jewish skullcaps and large ",LABEL_0,"four things on issue# 5; first: the law- a federal govt introduced this laws around 1999 which ban all; holy: members; except muslims of the secular political parties. evidence evidence against those laws includes islamic helmets, muslim helmets plus other",LABEL_0,False,0.7138322591781616,98
709,SEVEN KILLED IN KABUL BLOODSHED At least seven people have been killed in a bomb blast in central Kabul - the second deadly explosion in Afghanistan over the weekend.,LABEL_0,- bomb reports- kabul in may 5 dozens people became slain on another blast explosion over downtown afghanistan- a sixth blast committed per afghan during this year.,LABEL_0,False,0.8612678050994873,57
710,"Around The Region In another move to cut costs, Continental Airlines is closing 14 of its ticketing offices systemwide, including three in the Houston area.",LABEL_2,"within a country of some areas for increase cost, american airways has closed 12 out their 14 aircraft bases, closing two across a dallas district.",LABEL_2,False,0.7454875707626343,51
711,"Ex-WorldCom CEO Wants Witness Immunity (Reuters) Reuters - Lawyers for former WorldCom  Chief\Executive Bernard Ebbers are seeking immunity for two witnesses\who they believe could clear their client of fraud charges\related to the company's  #36;11 billion accounting scandal,\according to court papers filed on Wednesday.",LABEL_3,"2014- global award- seeking witness( lawyer)-- spokesperson for company executive Chief\ Executive Bernard Ebbers are seeking immunity for two witnesses\ who they believe could clear their client of fraud charges\ related to the company' s# 36; 11 billion cash accounts,\ pursuant to the lawsuit filing on board.",LABEL_2,True,0.8917216658592224,68
712,Zurich Employees Plead Guilty in Probe  NEW YORK (Reuters) - Two senior insurance underwriters at  Zurich American Insurance Co. pleaded guilty  on Tuesday to  misdemeanors related to bid-rigging in the insurance market.,LABEL_2,insurance workers pleading convicted with-- yorker( 2014)- four member- owners from north america mutual insurance. plead accused by pleading a prosecution guilty in securities- fraud throughout this international arena.,LABEL_2,False,0.713111400604248,65
713,Iomega readies wireless NAS device Iomega Corp. is soon expected to ship its first network-attached storage (NAS) device based on wireless networking technology.,LABEL_3,network/ storage system: intel co. are reportedly going a release their second internet- assisted communications( NAS) product centred in embedded storage software.,LABEL_3,False,0.7815617918968201,63
714,"ETA Seals Off Madrid with 5 Bombs, 2 Police Hurt (Reuters) Reuters - The Basque separatist group ETA set off\five bombs at petrol stations around Madrid on Friday, putting\a stranglehold on the city at the start of a long holiday\weekend.",LABEL_0,"but sealed before it by 6 bombers, 5 others!( report) eta- a national militant organization, cut down\ 5 blasts on bus station for barcelona in monday, spain\ 5 attack across another capital in a rate: another bloody one\ two.",LABEL_0,False,0.8374049663543701,85
715,Fortune's 100 Most Doomed? Your company made it to Fortune's 100 Fastest Growing Companies list. Is that a good thing?,LABEL_2,today' til your best profitable? our firm make you the world' of 10 best 100 firms ever. are it any bad sign?,LABEL_2,False,0.7737496495246887,45
716,"New \$50 bill designed to counter counterfeits WASHINGTON - The green is still there, but with touches of blue, red and yellow. A stylized image of the Stars and Stripes now waves in the background.",LABEL_2,"New\$ 50 bill made to counter ##ame WASHINGTON- The green is still there, but with touches of blue, red and yellow. A stylized image of the Stars and Stripes now appeared in the background.",LABEL_1,True,0.9413978457450867,38
717,SA 'mercenaries' plead not guilty Sixty-six men accused of plotting a coup in Equatorial Guinea deny breaching Zimbabwe's security laws.,LABEL_0,these' rebels' pleaded no charge-- seven persons guilty on staging an campaign on southern africa whilst violating zambia'' military treaty.,LABEL_0,False,0.7188150882720947,45
718,"Ask Jeeves Search Engine Gets Slim and Personal Ask Jeeves Search Engine Gets Slim and Personal\\Ask Jeeves has introduced new changes which have totally made over the search engine which hopes to give Yahoo, MSN and Google a run for their money. The new changes at Ask.com include MyJeeves personal search, a revamped local search, and an update ...",LABEL_3,"internet search engine search got new with current internet personal- user searches, but so\\, now with two different updates who get improvements considerably with a traditional ones who seem more giving itunes, yahoo nor twitter this break off its day. these original ones like yahoo. me get full automatic searching, no new web engine, plus the updated...",LABEL_3,False,0.812896192073822,121
719,"Baseball's Homeless Franchise Bud Selig, the Major League Baseball commissioner, didn't realize he was gambling when he awarded the Expos to Washington.",LABEL_1,"america' ll famous player dave price, another big national team manager, doesn' non know they played gambling. it gave no franchise for baseball.",LABEL_1,False,0.7215002179145813,63
720,"Donald runs into Ryder form Luke Donald says his win in the European Masters on Sunday bodes well for his upcoming Ryder Cup debut. Donald was one of European captain Bernhard Langer #39;s two picks for the match, which takes place at Oakland Hills, Michigan from 17-19 September.",LABEL_1,"he ran upon the young man he claimed that winning as a team again at monday is key toward our 2017 european championship win. Donald beat his fellow germany teammate christian,# 6; 3. teammates throughout each championship, who won races off college hill, edinburgh between 18- 28 feb.",LABEL_1,False,0.7494460344314575,114
721,"Cavanagh, Crimson roll by Union Tom Cavanagh scored two goals, leading Harvard to a 4-1 win over visiting Union last night.",LABEL_1,"later, the performance from forward john hall hit three goals, sending Harvard in the 12- 1 win after the dartmouth thanksgiving weekend.",LABEL_1,False,0.7001084685325623,97
722,"Elbaradei, Environmentalist Tipped for Nobel (Reuters) Reuters - Among those tipped to win the 2004 Nobel\Peace Prize on Friday are the U.N. nuclear watchdog and its\leader Mohamed ElBaradei, a Kenyan environmentalist and a\Russian anti-nuclear activist.",LABEL_0,"journalist, later writer on-( online) bbc- about-- to win the 2004 science\ Peace Prize on Friday are the U. N. nuclear watchdog and its\ leader Mohamed ElBaradei, a Kenyan economist from a\ global counter- smoking movement.",LABEL_3,True,0.8895004987716675,57
723,"Murphy Acquitted of Sexual Abuse Charges Basketball Hall of Fame member Calvin Murphy, left, sits in a courtroom as he waits for the start of closing arguments in his trial Monday, Dec. 6, 2004, in Houston.",LABEL_1,"- convicted with sexually assault of nba ##hall in detroit star ryan harrison, left, sitting over some desk in courtroom waiting out a time for opening arguments on their trial Monday, aug. 12, 2005, before boston.",LABEL_1,False,0.7243555188179016,129
724,"Oracle Overhauls Sales-Side Apps for CRM Suite (NewsFactor) NewsFactor - Oracle (Nasdaq: ORCL) has revamped its sales-side CRM applications in version 11i.10 of its sales, marketing, partner relationship management and e-commerce application.",LABEL_3,"- oracle sale- sides applications with new software( 2014)-- cisco( now: oracle) recently published their customer- wide CRM functionality on the 11. 0 in their finance, sales, employee relationships services& asset- management applications.",LABEL_3,False,0.756036639213562,85
725,"Vornado Buys 4.3 Pct. Sears Stake Vornado Realty Trust said on Friday it has acquired a 4.3 percent stake in the retailer Sears, Roebuck  amp; Co.. Sears #39; stock rose as high as \$45.",LABEL_2,"and of 9. 13 ##d. company. the consumer voice states for wednesday they"" bought the 1. 4 percentage stake into this company stock, at sears; e.. Sears# 36; it sold for large$\$ price.",LABEL_2,False,0.710174560546875,100
726,"Ailing Arafat Arrives in Paris for Medical Treatment A French military jet believed to be carrying the Palestinian leader landed today at an airfield outside Paris, witnesses said.",LABEL_0,"where he arrived into france on hospital board its large international jet thought may support transporting an arab leader, landing near the area overlooking toulouse, abbas department.",LABEL_0,False,0.7188428640365601,84
727,British athletics appoint psychologist for 2008 Olympics British athletics chiefs have appointed sports psychologist David Collins as Performance Director to produce medal winners at the 2008 Beijing Olympics.,LABEL_1,uk athletes' associations at 2009: london olympic committee officially hired sport consultant steve williams for sports supervisor as evaluate olympic performance by a 2016 olympic games.,LABEL_1,False,0.7427147626876831,57
728,Life After Yasir Arafat His successors wanted an orderly funeral. They brought in bulldozers to clean up Yasir Arafat #39;s broken-down headquarters in Ramallah.,LABEL_0,"years before the conflict our family led a organized group. he threw out bulldozers, take away Yasir Arafat# 1; his given- up residence inside damascus.",LABEL_0,False,0.7584878206253052,95
729,"Ballmer: Microsoft is listening to customers Microsoft chief executive Steve Ballmer says the software giant is listening to customers, and wants to make the company and its employees more accountable for delivering on its plans.",LABEL_3,"notes: company representatives listen; customer- led president bill davis argues a computer software company listening for everyone, but tries at place another firm or their ceo as responsible about acting against their goals.",LABEL_3,False,0.7199056148529053,85
730,"Turkish Parliament Fails to Pass Reforms (AP) AP - Turkey's parliament adjourned Saturday without passing a key reform package because of divisions over the government's proposal to make adultery a crime, bringing warnings from the European Union that delays could hurt Turkey's chances of membership.",LABEL_0,"turkey- failure- undertake reform( s)-- turkish' er legislature passes parliament despite missing the final reforms pass out for outrage against a party'' plans that keep abortion an felony, or pressure against this nato alliance as reforms would compromise europe'' status between states.",LABEL_0,False,0.765810489654541,95
731,"Enbridge to Buy Some of Shell's Pipelines  TORONTO (Reuters) - Enbridge Inc. &lt;A HREF=""http://www.investor.reuters.com/FullQuote.aspx?ticker=ENB.TO target=/stocks/quickinfo/fullquote""&gt;ENB.TO&lt;/A&gt; will buy Shell's  Gulf of Mexico natural gas pipelines for \$613 million in a move  that will make it a major transporter in the huge gas-producing  area, Canada's No. 2 pipeline company said on Wednesday.",LABEL_2,"- may purchase any in gulf' t pipeline facilities( 2015)- ing ##x.& t;- ##q="" en:// news. reuters. company. co/ exchange. com? name= 1. 1 ##it=/ bank/ exchange/.""& x; 1. 6& s;/ s& e; would purchased pipeline' en part for canada inland transportation terminal with\$ 30 billion as the bid who can build himself the top pipeline across a northern market- export trade, washington', n. y energy provider reported over twitter.",LABEL_2,False,0.8599974513053894,147
732,HEAP OF TROUBLE FOR RAVENS The Baltimore Ravens could be without one of their main offensive weapons for up to a month. Ravens coach Brian Billick said on Monday that two-time Pro Bowl tight end Todd Heap could miss two to four weeks with a severely sprained right ankle.,LABEL_1,talk with injuries soon. in washington baltimore may lack in two as they key offense positions over close of the week. cleveland coordinator pete carroll declared for thursday after 3- years to list defensive ends david Heap would get three and five minutes via an badly twisted bad leg.,LABEL_1,False,0.8039443492889404,115
733,"No miracle this time That miracle, of course, took place in Lake Placid, NY, during the 1980 Winter Olympics. Thanks to the likes of Jim Craig, Mike Eruzione, Ken Morrow and the rest of the US hockey team, the mighty Soviet Union ",LABEL_1,"a surprise any one which was, by record, in action near fort geneva, minnesota, at an 1979 moscow international. speaking for another team like mike clark, steve miller, jim marshall. another team in all world ice hockey, a great north ...",LABEL_1,False,0.7816058397293091,85
734,US edge out Brazil for gold The United States beat Brazil 2-1 in extra time to win the women's Olympic football tournament.,LABEL_0,US edged out usa for gold The United States beat Brazil 2- 1 in extra time to win the women' s olympics soccer championship.,LABEL_1,True,0.9378713965415955,30
735,Website posts video of suicide attack against British troops A video purportedly showing a suicide attack against British troops last week was posted on an Islamic website. Soldiers from Britain #39;s Black Watch regiment were manning a vehicle checkpoint south of Baghdad ,LABEL_0,"com/ videos from suicidal attacks of uk military the post video documenting the suicidal attacks of iraqi militia this link we placed via a unofficial web. com on site# 9; 9- 14, posted on every british outpost northwest baghdad;",LABEL_0,False,0.9017460942268372,87
736,"Microsoft probing reported flaws in Windows XP SP2 NOVEMBER 12, 2004 (COMPUTERWORLD) - Microsoft Corp. yesterday said it is investigating claims that several new vulnerabilities have been found in Windows XP Service Pack 2 by security firm Finjan Software Inc.",LABEL_3,"- microsoft disclosed defects at the windows version december 28, 2005( online)- security agency. now- windows are fielding evidence if certain vulnerability flaws might being uncovered inside the new security package and via the user ##ware ##s team.",LABEL_3,False,0.7973824739456177,79
737,Shares surge to all-time high as results exceed forecasts NEW YORK (CBS.MW) -- Toll Brothers reported fiscal fourth-quarter earnings that nearly doubled over year-earlier results as demand continued to outstrip supply in the homebuilder #39;s affluent markets.,LABEL_2,a recent over the- week phenomenon since they reported about two companies( inc. MW)-- another company with peak 3- percent shares which has improved through day- ago returns from revenue increases. peak shares among all top# 100; from stock analysts.,LABEL_2,False,0.7431080937385559,97
738,"Dollar Briefly Hits 4-Wk Low Vs Euro  LONDON (Reuters) - The dollar dipped to a four-week low  against the euro on Monday before rising slightly on  profit-taking, but steep oil prices and weak U.S. data  continued to fan worries about the health of the world's  largest economy.",LABEL_2,"currency: dollar 1- 10, 14, 4( 2006)- a pound jumped below an two- day mark at a high price trading after reducing expectations of decision- sheets, and poor futures price or low w. j. demand combined will reduce speculation over this location on this uk' l own dollar.",LABEL_2,False,0.80307936668396,103
739,Coming to a TV near you: Ads for desktop Linux Linspire CEO points out that recent TV ads serve as indication of acceptance in mainstream populace.,LABEL_3,next up another screen before us: waiting of popular internet! CEO point here that some television ads exist in expressions for interest on general population.,LABEL_3,False,0.7158635854721069,80
740,"A Bit of Wall St. on the Tigris The 150 brokers and traders on the Iraq Stock Exchange are not waiting for the war to end, buying and selling orders a few hundred yards away from the fighting.",LABEL_2,"another moment on girl talk. at every inside corner all traders& receivers for this war securities trading is waiting there at any point they buy, taking or placing stock no further 500 metres ahead of this market.",LABEL_2,False,0.748018741607666,77
741,"EU, US Talks on Aircraft Aid Grounded US and EU negotiators disagreed on Thursday about state aid for aircraft rivals Airbus and Boeing, winding up no closer on a sensitive issue that has gathered steam before the US presidential election.",LABEL_2,"second, americans agreed about eu assistance- usa& us leaders debated the legislation on us help between domestic partners boeing or airbus, holding almost all talks against another eu solution who bears no consequences during a upcoming federal elections.",LABEL_2,False,0.7834933996200562,81
742,"Sony #39;s game war advances to next level Rival Sony began its worldwide assault yesterday by launching a new handheld console, PlayStation Portable, in game-crazy Japan. Sony aims to seek and destroy GameBoy and its maker Nintendo #39;s \$5billion hold ",LABEL_3,"while# 38; m; re advancing the 5th tier and thus begins their massive campaign worldwide of selling this sony nintendo handheld, sony playstation, into gamer- friendly america. playstation proceeds towards fight& protect japan, his predecessor from# 38; a\$&$",LABEL_3,False,0.8634668588638306,87
743,Iran Suspends Key Nuclear Work to Avoid Sanctions Iran on Monday froze sensitive nuclear work including uranium enrichment in a move likely to thwart US efforts to report the Islamic state to the UN Security Council for possible sanctions.,LABEL_0,sanctions suspend: iranian effort and prevent nuclear work against offer all illegal international use for nuclear material from this position expected by delay iranian agreement on condemn a iranian report before a supreme military tribunal over the crimes.,LABEL_0,False,0.8511004447937012,79
744,"Paterno #39;s real tragedy may be not knowing when to go Joe Paterno often has talked about the profound impact that a piece of classic literature has had on his life. While a student at Brooklyn Prep in the early 1940s, he devoured TheAeneid, written by the Roman poet Virgil.",LABEL_1,"and# 39; s real tragedy may be not knowing when to go Joe Paterno often has talked about the profound impact that a piece of classic literature has had on his life. While a student at Brooklyn Prep in the early 1940s, he devoured TheAeneid, written by the Roman poet Virgil.",LABEL_3,True,0.9853212833404541,53
745,"Brazilian GP, Friday Fernando 7th and Jacques 12th after a studious opening day at Interlagos for the Mild Seven Renault F1 Team.",LABEL_1,"spanish champion,- renault 12th, renault 9th at the practice race weekend with renault before a 2012 ##e sport gp round.",LABEL_1,False,0.7721222639083862,45
746,"After Being Bounced Around Florida Is Bouncing Back Although the three hurricanes that have hit Florida led to a broad economic slowdown, the glimmerings of a miniboom are already apparent.",LABEL_2,"After Being Bounced Around Florida Is Bouncing Back Although the three hurricanes that have hit Florida led to a broad global slowdown, the glimmerings of a miniboom are already apparent.",LABEL_3,True,0.990298330783844,32
747,Sadr Aide Tells Iraq Militia to Cease Fire -TV A top aide to Iraq #39;s rebel Shi #39;ite leader Muqtada al-Sadr Monday called on the Mehdi Army militia to cease fire across Iraq and said Sadr was preparing to announce plans for a major political program.,LABEL_0,their response urged that army officials continue on- being the direct support for a# 38; ta ##na Shi# 9; brigadier general said in- baghdad reportedly call off all iraq militia leaders that open hostilities within hours or believe rebels are trying for destroy funding during some specific arms deal.,LABEL_0,False,0.7178792357444763,113
748,Waugh: Shoaib will test Australians Former Australian skipper Steve Waugh says he thinks Shoaib Akhtar will test the home side when it tackles Pakistan at the WACA. Having recently watched Australia end a 35-year hoodoo in India with a 2-1 series ,LABEL_1,test: he may announce a new india captain david clarke and him says amir singh should be a test team where they encounters india with a WACA. who really? will finish this two- century absence with australia through the 1- 0!,LABEL_1,False,0.7655317783355713,101
749,Tigers exercise Trammell #39;s option The Tigers face plenty of decisions on players from here on out. Their option on the manager was a quick one. Two days after Alan Trammell completed his second season at ,LABEL_1,"the''# 2;', these Tigers left loads with option over him between games in saturday. our take in some tigers, the successful operation. three hours before kicking ball in my fifth week of",LABEL_1,False,0.76166170835495,89
750,"Web Snags Right Demographic (washingtonpost.com) washingtonpost.com - In 1996, the Internet was a curiosity for most, the record labels were swollen with cash from CD sales, and R.E.M.'s ""New Adventures in Hi-Fi"" could only add to that hoard. Critics and fans drooled for the alt-rockers' follow-up to their last two hit albums, and the media counted down the days until the CD hit stores in September of that year.",LABEL_3,"internet- based community( http. for) archive. gov- through 1998, a web became an medium of information, some records stores became crowded without money as more stores, but n. h. r.' and"" the life of high- five"" would just added up those traffic. fans or critics calling that an old- lovers' warm- welcome of our earlier 1980s rock tracks, but a public counting on those numbers for all album sales singles since july in every right.",LABEL_3,False,0.7773654460906982,153
751,"Nigerian Protection Force Leaves for Darfur An elite contingent of 50 Nigerian soldiers left Nigeria on Thursday for Darfur, the first stage in the deployment of 3,000 extra African Union (AU) troops to monitor a shaky cease-fire in the western Sudanese region.",LABEL_0,"nigeria security forces leave in sudan some initial force over 40 african citizens leave lagos for deployment with peacekeeping, a latest culminating at an departure among 5, 900 overseas arab aid( dia) soldiers that cover the dangerous cross- stream of these northwest nigerian borders.",LABEL_0,False,0.8463513851165771,89
752,"Supreme Court Hears Wine Sales Case Winemakers who want to ship directly to consumers across state lines got a sympathetic hearing at the Supreme Court today, as the justices heard oral arguments in a case that could have a dramatic effect on Internet commerce and states' power to regulate the alcohol trade.",LABEL_2,"the justices' liquor trade and companies which wish they sell wine to travelers behind national borders got a hearing here at the superior case courthouse, as the justices heard oral arguments in a case that could have a dramatic effect on Internet commerce or legislatures' ability to manage local liquor sales.",LABEL_3,True,0.8929640650749207,81
753,Bears Set to Sign QB Jeff George (Reuters) Reuters - The Chicago Bears are expected\to sign quarterback Jeff George on Monday.,LABEL_1,originally planned only have quarterback jason johnson( 1) 2016- 17 john Bears are set\ 1 trade cornerback doug williams at qb.,LABEL_1,False,0.7040998935699463,70
754,"Briefly: RealNetworks signs up Red Flag Linux roundup Plus: Microsoft ships Virtual PC 7...SGI warns of lower revenue, deeper loss...SAP taps search technology.",LABEL_3,"plus: microsoft sets to no ##d Linux, and: sap announces windows- and.... claims about low cost, significant changes... coming from cloud networks.",LABEL_3,False,0.7041612863540649,65
755,"Congo Army Factions Clash in East - Army Officer Army reinforcements sent to bolster the Democratic Republic of Congo #39;s fragile border region with Rwanda have clashed with former rebel units within the army, a local military commander said on Sunday.",LABEL_0,"various military groups fighting through congo- east and the army attempting towards support a coalition army in republic# 9; their congo east borders in congo will clash among rival army factions in this province, the former division official told that thursday.",LABEL_0,False,0.8993650674819946,83
756,"Sox rookie Diaz dials it up against Ichiro, Mariners The Felix Diaz who struggled mightily for most of the time he has spent at the major league level this season was nowhere to be found Sunday afternoon, and that was a most pleasant development as far as the White Sox were concerned.",LABEL_1,"as junior joe put him down on him, that pitcher carlos gomez which fought up against none if any wins they have got against a international baseball league all week seemed not really important this saturday season, but this meant the pretty difficult experience finding direction until some new pitcher looked headed.",LABEL_1,False,0.7388917207717896,105
757,"Avaya to Buy Germany's Tenovis (Reuters) Reuters - Avaya Inc. , a\telecommunications equipment supplier, on Tuesday said it would\buy Tenovis GmbH   Co. of Germany from private equity firm\Kohlberg Kravis Roberts   Co. for  #36;370 million to expand its\presence in Europe.",LABEL_2,"prepared by assume america' s leading( former) manufacturer- telecom Inc., a\ international software provider, on twitter said it would\ buy Tenovis GmbH Co. of Germany from private equity firm\ Kohlberg Kravis Roberts Co. for# 36; 9 billion to boost their\ operations in germany.",LABEL_3,True,0.8348524570465088,62
758,"Desert turns into Parks place Annika Sorenstam may be the reigning queen of the LPGA Tour, but its Grace Park who seems to be royalty in the desert these days.",LABEL_1,"Desert turns into Parks place Annika Sorenstam may be the reigning queen of the desert Tour, but its Grace Park who seems to be royalty in the desert these days.",LABEL_0,True,0.9494674801826477,32
759,"Baghdad Bombings Kill One US Soldier, Wound 13 WASHINGTON, Sept. 30, 2004 -- A series of car bombings in Baghdad today killed one American soldier and wounded 13 others. The bombings also killed at least two Iraqi policemen and reportedly injured scores of other Iraqis.",LABEL_0,"iraqi bombing death 2 american soldiers, wounded 12 us, dec. 26, 2003-- another couple in automobile accidents within iraq, kills 9 us soldiers or wound 14 people. a driver, killing of most 4 baghdad police or gravely wound one between these police.",LABEL_0,False,0.9215804934501648,89
760,Yellowknife parole officer found dead after visiting client in apartment (Canadian Press) Canadian Press - YELLOWKNIFE (CP) - The case of a parole officer apparently killed while she was visiting a client has devastated her colleagues.,LABEL_0,"- prison official, death of former prisoner from parole( associated services) pittsburgh,--( CP)- a murder in the correctional employee, died because she is serving another parole officer concerned them deeply.",LABEL_0,False,0.7277225255966187,85
761,"Blasts hit Bangladesh party rally A series of grenade blasts has rocked an opposition party rally in the Bangladesh capital, Dhaka, killing at least 13 people. There were seven or eight explosions at the Awami League headquarters, as leader Sheikh Hasina addressed a crowd.",LABEL_0,"blast- by political explosive, round with bombs explosions- hit the islamist opposition party at a bangladeshi capitol, bangladesh, including for best known rallies. this caused six and 11 blasts inside all ruling party offices, since said leader have summoned the rally.",LABEL_0,False,0.9124678373336792,89
762,Examining Earth's Primordial Soup How did the first amino acids form the first peptides? It is the important question that may point the pathway towards understanding the primordial soup. Researchers now suggest that the binder for linking together building blocks may have been volcanic gases -- or carbonyl sulfide.,LABEL_3,about nature' d early history of how those various chemical proteins formed all original proteins? he mentioned no first work which might reveal any steps in opening any first door. theories we assume as neutral gases from binding those two chains it had be nitrogen gas-- and carbon dioxide.,LABEL_3,False,0.7051877975463867,99
763,Israeli troops kill Gaza militant At least one Palestinian is shot dead by Israeli troops as he attacked a checkpoint near Gaza City.,LABEL_0,israel military kills palestinian militants on most 1 militant killed shooting death with hamas soldiers after it hits another target around israeli town.,LABEL_0,False,0.886076807975769,47
764,"Crooks slither into Net's shady nooks and crannies (USATODAY.com) USATODAY.com - Organized crime rings and petty thieves are flocking to the Internet like start-ups in the go-go '90s, establishing a multibillion-dollar underground economy in just a few years. The Internet's growth as an economic engine, particularly for financial transactions, is feeding the felonious frenzy.",LABEL_3,"criminals sneak in someone' n. office etc.( www. us) web. net- online criminal networks or organized crime ring introducing from this world after lock- up with these no- way' s, starting the multi- sector rich life, within the hundred nights. this world' re weakness on the account ##ancy, specifically on cash flows, start stirring this feeding season.",LABEL_3,False,0.8584287166595459,121
765,Iraq PM to address US Congress Iraqi Prime Minister Iyad Allawi is to address a joint session of the US Congress as well as meeting President Bush.,LABEL_0,"iraqi counterpart: a presidential address that the late sharif ahmed led, addressing each general meeting between each coalition delegation simultaneously with that of presidents either.",LABEL_0,False,0.7642396092414856,55
766,Dollar Drops Further as Central Banks Reassess Reserves The falling dollar reached new depths against the euro today as the dollar's status as the premier international reserve currency is growing more precarious.,LABEL_2,this goes on through national bank-. an american reserve reaches losing ground behind an new dollar because a nation' ll potential for an modern new international dollar rises progressively gradually eroded.,LABEL_2,False,0.7858061790466309,67
767,Skyboxes May Reach A Limit Verizon Communications Inc. would seem to be a prime candidate to snap up a luxury suite at the \$440 million ballpark being planned for Washington's Major League Baseball team.,LABEL_2,Skyboxes May Reach A Limit Verizon- Inc. would seem to be a prime candidate to snap up a luxury suite at the\$ 440 million ballpark being planned for Washington' s Major League Baseball team.,LABEL_1,True,0.9938009977340698,37
768,"Bush, Kerry brace for key presidential debate (AFP) AFP - The US presidential candidates were set to go head to head in a bruising, high-stakes televised debate, with Republican incumbent George W. Bush aiming to lock in his lead in the race and Democratic challenger John Kerry banking on a comeback.",LABEL_0,"kerry, and candidates with priorities to victory( s) bush- a+ ##ip- became slated and voted heads for heads through the short, broadcast- quality television debates, despite democrat senator ulysses g. bill promising they tie with their seat with an debate or kerry supporting george glenn instead during an rematch.",LABEL_0,False,0.7819152474403381,103
769,Agency sustains \$2 M hit The Pennsylvania Turnpike Commission lost about \$2 million in revenue Wednesday as thousands of holiday travelers zipped through the toll booths for free.,LABEL_2,- about\$ 6 ##mm* an us highway agency lost around\$ 4 billion after late 2015 after groups near southbound traffic rolled off a westbound lane with relief.,LABEL_2,False,0.7441089153289795,67
770,USC Releases Stewart From Scholarship (AP) AP - Southern California point guard Rodrick Stewart was granted a release from his basketball scholarship Friday.,LABEL_1,† released player results:( 5) usc- stanford sophomore points player mark Stewart- offered the scholarship by him ncaa eligibility program.,LABEL_1,False,0.8436596393585205,59
771,"Citrix buying VPN company Net6 for \$50 million BOSTON - Citrix Systems is buying Net6, a privately-held maker of SSL (Secure Socket Layer) VPN (Virtual Private Network) technology, for \$50 million cash, Citrix said Tuesday.",LABEL_3,"-: initial buying agreement with\$ 55 billion cash- access ventures and offering it, the stock- owned developer in pc( virtual security server) VPN( windows phone browser) products, from\$ 45 billion total, as selling price.",LABEL_3,False,0.711735725402832,85
772,Blair is  #39;Using Our Troops to Boost Bush #39; Tony Blair last night stood accused of conspiring to use British troops in Iraq as a  quot;political gesture quot; to help George W Bush in the US presidential election.,LABEL_0,bush was# 38; use its allies and get by# 34; george randall next week publicly accuse that having helped fund our war by bush in every campaign; in this case; then promote w ##pc blair through both these 2006 elections.,LABEL_0,False,0.8559207320213318,81
773,"Cazenove teams up with JP Morgan Cazenove said it had agreed to hive off its investment banking business into a joint venture with JP Morgan Chase and Co, in effect ending the independence of the 181-year-old British bank.",LABEL_2,"after signing on by investors, morgan revealed they finally managed and hive off their central banks, via this partnership arrangement between partners williams morgan& investors, with part citing this presence in this eight- decade- older chase group.",LABEL_2,False,0.7114116549491882,96
774,"Britain: Body Isn't Kidnapped Aid Worker (AP) AP - A mutilated body found in Iraq is not that of kidnapped aid worker Margaret Hassan, the British government said Wednesday. But the Foreign Office said it continued to believe Hassan had been murdered, although the evidence was not conclusive.",LABEL_0,"ap: this aren' ts kidnapping assistance workers( uk) uk- the body found recovered at london hospital killed because by british forces working or elsewhere, a uk police announced yesterday. and a liaison staff states he chose not investigate her or herself killed, though this answer later later confirmed.",LABEL_0,False,0.8003590106964111,97
775,"Breast scans 'fail' in some women Some women with breast cancer are less likely to have their tumours picked up by scans, say experts.",LABEL_0,"some may' find' for all cases the females in the diagnosis be less eligible in having her tumours checked first at doctor, or hospital.",LABEL_0,False,0.7081166505813599,77
776,"FACTBOX-US Fed policymakers #39; recent comments The Federal Reserve is widely expected to raise the federal funds rate at its policy meeting on Tuesday, Sept. 21, despite recent mixed economic news.",LABEL_2,"sources- see congress issue# 9; official statistics this us government- also seeking the increase a government funds rate before our monthly meetings for friday, feb. 16, per daily news agency coverage.",LABEL_2,False,0.7458137273788452,93
777,"Kill The Poor I've been a soup van volunteer for three months plus a couple of weeks. I've also been casually mentioning this example of my beneficence in everyday conversation for about the same length of time. I use this particular phrasing, rather than ""I work on a soup van"", because what I'm trying to emphasise is that I didn't take it up lightly or gingerly. In the beginning, I didn't know exactly how it would turn out, but I did know that I wanted to be good. Between then and now, an awful lot became clear.",LABEL_3,"help The Poor I' ve been a soup van worker for two weeks plus a few of months. I' ve also been casually mentioning this example of my beneficence in everyday conversation for about the same length of time. I use this particular phrasing, rather than"" I work on a soup van"", because what I' m trying to emphasise is that I didn' t take it up lightly or gingerly. In the beginning, I didn' t know exactly how it would turn out, but I did know that I was to be good. for then and now, an whole lot were involved.",LABEL_2,True,0.9115208983421326,114
778,Phillies to interview Russell for vacant manager job Former Philadelphia Phillies catcher John Russell will be the seventh person to interview for the team #39;s vacant managerial position.,LABEL_1,- former john wagner at team coach former retired houston marlins pitcher jeff wagner would have a fifth candidate job interview as a vacant# 7; category: manager title.,LABEL_1,False,0.7311684489250183,73
779,"U.S. Wants to Lease Swedish Submarine (AP) AP - The United States wants to lease a Swedish attack submarine for naval exercises in the Baltic Sea in a deal possibly worth tens of millions of dollars, defense officials said Sunday.",LABEL_0,"united. us. wanting and leased a swedish( us) submarine- this u s intends will provide the new swedish ap in fleet construction against a nordic navy over the trade allegedly covering worth in billions with money, military analyst reports today.",LABEL_0,False,0.9284716844558716,81
780,"Time Warner, SEC near deal on AOL troubles The Securities and Exchange Commission and Time Warner Inc. are nearing agreement on a deal in which the media giant would pay about \$750 million to settle wide-ranging allegations ",LABEL_2,"sec network, times media and big air: us financial& trade authority but warner communications bros. is reaching agreements toward an settlement against whom this internet provider could charge around\$ 150 000 but remain in- area$",LABEL_2,False,0.8435049057006836,77
781,"Rivals Ocean Spray, Northland make peace Cranberry juice rivals Ocean Spray and Northland have ended their legal battle and agreed to join forces. The companies said Friday that Ocean Spray will take over its smaller rival #39;s ",LABEL_2,"- oceans sprayed, help- their fruit famous competitor oceans, ocean spray now settled its final disputes& voted as partner together. both owners announced today their water spraying can break up our longtime competitor# 16;'",LABEL_2,False,0.7611528635025024,77
782,"Hamilton Wins Cycling Time Trial Event THENS, Aug. 18  Tyler Hamilton had bruises splotched all over his back, painful souvenirs of a Tour de France gone terribly wrong. ",LABEL_1,"cycling set a times trials race day, 13. 11 hamilton again got blood stain ##ing around him shoulder, his win over the vuelta du paris beaten severely badly.",LABEL_1,False,0.8313364386558533,57
783,"American shoppers splurge in September WASHINGTON (AFP) - Shoppers -- the dynamo in the US economy -- shrugged off rising energy prices and splurged in malls and car showrooms in September, a government report showed.",LABEL_2,"us retail: the american shopping( 2002)- this-- this boom from this perspective,-- paid down heavy holiday crowds but splurged at mall or supermarket prices through 2010, no leaked article appears.",LABEL_2,False,0.7410800457000732,79
784,"Gray, Demon Deacons Swing Back In Action, Seek To Shoot Down &lt;b&gt;...&lt;/b&gt; Justin Gray has had an ample amount of time to get his shooting stroke ready. Gray and No. 6 Wake Forest are back in action after an eight-day break when they visit Temple on Monday.",LABEL_1,"meanwhile, the full member still on place, wants his go up& down; bb& gs;...& a;/ cb& gs; however grey have undergone another incredible period between success. have him swing shot back. dark& 5. 9 Wake up: now into motion before the three- hour game where them meet out of stage.",LABEL_1,False,0.7105680108070374,121
785,"Huskies blank Buffalo Dan Orlovsky threw for 283 yards and a touchdown in his final home game yesterday to lead Connecticut to a 29-0 victory over Buffalo, assuring the Huskies of a winning record and making them eligible for a bowl bid.",LABEL_1,"with new start and ##n went through 50 yard but no fumble of him fourth nfl season, helped run huskies win the 30- 6 triumph for connecticut, hopeful a husky for no bowl game but considering they likely received no unanimous invite.",LABEL_1,False,0.7866386771202087,87
786,"Els Looks Ahead with Promise After Major Woes  LONDON (Reuters) - After being a frustrated 'nearly man' at  this year's majors, Ernie Els plans to make the most of a  near-perfect finish to the 2004 season.",LABEL_1,"he is seen showing hope over his career and( finally)- in- the position' starting out' with a season' final series, so Els decided upon making any best on this time- guaranteed advance towards this grand final.",LABEL_1,False,0.7556506991386414,89
787,"Bosnian Serb PM resigns after war crimes criticism (AFP) AFP - Bosnian Serb Prime Minister Dragan Mikerevic resigned, a day after the international community imposed fresh sanctions against Serb police and officials for allegedly protecting war crimes fugitives.",LABEL_0,"- bosnian serb resigned during ongoing criminal investigations( ongoing) 2015- bosnia general chief executive vladimir serbia resign, the problem since muslim world also applies diplomatic pressure in criticizing ministers or prosecutors as supposedly aiding serbian hero rebels.",LABEL_0,False,0.7626815438270569,75
788,"Scientist Uses Whey to Protect Food (AP) AP - Oxygen, water, seeping oils  #151; they're all out to get your food, turning sweet nuts sour and tasty confections rancid. Food scientist John Krochta is fighting back with an unlikely weapon, edible food coatings derived from whey, the dairy byproduct favored by protein-conscious athletes and Miss Muffet.",LABEL_3,"and use it, manufacture,( e) near- earth, bacteria, animal food# 13; them' r always there and taste their meals, your nut cream- or your milk sweet. even professor michael anderson was rushing off at a experimental experiment, called bio- protection of whey, a medical technology advanced into bio- science scientists under chris brown.",LABEL_3,False,0.8337850570678711,129
789,"India, Russia must join hands to develop new tech: Putin Mr Vladimir V. Putin, President of the Russian Federation, Mr NR Narayana Murthy, Chief Mentor and Chairman, Infosys, and Mr Nandan Nilekani, CEO and Managing Director, at the Infosys campus in Bangalore on Sunday.",LABEL_2,"currently, Russia must join hands to develop new tech: Putin Mr Vladimir V. Putin, President of the Russian Federation, Mr NR Narayana Murthy, Chief Mentor and Chairman, Infosys, and Mr Nandan Nilekani, CEO and Managing Director, at the Infosys campus in Bangalore on Sunday.",LABEL_3,True,0.9764729738235474,46
790,"Olympics-U.S. Women Show Men How to Win Gold  ATHENS (Reuters) - The U.S. women's basketball team showed  their men how to win gold Saturday as around 70,000 spectators  flocked to the Olympic stadium for a hectic athletics program  on the penultimate night of the Athens Games.",LABEL_1,"athens- w. g. olympic women show ways we succeed at games( athens)- a united. m. men' states olympic teams showing its players trying has won silver, while over 7, 00 participants flock from an athens event against the separate sport, during this same eve during an olympic program.",LABEL_1,False,0.8890039920806885,101
791,"Celtics OK with this traveling Gary Payton was back at practice yesterday. His third round trip to California since the start of training camp was, as they say in the trade, an elevator ride. Out on Saturday. Check on the family. Back on Sunday in time for the rap concert at the FleetCenter.",LABEL_1,"all over on thursday- Gary he came back with practice today. their fourth field journey from miami after this summer for basketball years were, since you said by some movies, a airplane trip. like that holiday. depending for every occasion. not off foot through boston since those rap sessions within this club.",LABEL_1,False,0.8160103559494019,161
792,"Stocks Open Lower as Wall St. Pulls Back US stocks opened slightly lower on Monday as investors pause after a three-day rally last week, with interest rates and a weakening dollar gaining focus now that the presidential election is over.",LABEL_2,"stock opens up along the street. goes but US? returns much harder at me on the weekend before the two- week protest tomorrow came, the interest building like any foreign dollar keeping close, like this national elections- like.",LABEL_2,False,0.7322061061859131,124
793,"Hurricane loss 'less than feared' Hurricane Frances could cause \$3-6bn in insured losses in the US, less than experts first predicted.",LABEL_2,"Hurricane loss' less than feared' Hurricane Frances could cause\$ 3- 6bn in insurance losses in the US, less than experts first predicted.",LABEL_0,True,0.9834697246551514,24
794,Real Madrid Ponders Biggest Champions League Loss in Four Years Real Madrid began yesterday #39;s match at Bayer Leverkusen as the bookmakers #39; favorite to win the Champions League. The record nine-time European champion finished with its worst defeat in the competition in more than four years.,LABEL_1,league history; largest major game losses over 14 seasons against spain before juventus# 37; greatest debut against karl ##stad for a club# 36; failure at finish this domestic series. a current 4- year cup champions league wins their eighth championship from this league though shorter at seven decades.,LABEL_1,False,0.8188273906707764,99
795,"Fujitsu Siemens profit grows 60 percent Fujitsu Siemens Computers (Holding) BV, Europe #39;s largest remaining computer manufacturer, posted a 60 percent leap in profit for the first half of its fiscal year on higher sales of laptops and servers to business customers, the company said Wednesday.",LABEL_2,"- overall-> 70% growth ibm japan( s) division, now# 50; and top chinese computing corporation, reported the 30% spike of profits over a last portion on their market focus for direct selling for computer or laptop in japanese manufacturers, a ceo stated saying.",LABEL_2,False,0.7734559774398804,95
796,"Greek, British Police Break Illegal Software Ring Greek and British police in a joint operation cracked a multi-million illegal software sales ring, arresting two people and seizing thousands of pirate high-tech software programs, Greek police said on Friday.",LABEL_3,"greece, uk: greek police force police, the greek involved over another security leak, another £3- 500 million illegal computer program, murders three suspects but stole hundreds in illegal new- wave computer software, the british equivalent of thursday.",LABEL_3,False,0.7962385416030884,81
797,Santander accelerates Abbey bid Santander says it aims to complete its takeover of UK mortgage lender Abbey one month sooner than originally planned.,LABEL_2,"further to each issue, now it aims at finish their acquisition for national currency lender Abbey three months early as initially anticipated.",LABEL_2,False,0.7028307318687439,93
798,"Pfizer Hikes Warning on Bextra Skin Risk  NEW YORK (Reuters) - Pfizer Inc. &lt;A HREF=""http://www.investor.reuters.com/FullQuote.aspx?ticker=PFE.N target=/stocks/quickinfo/fullquote""&gt;PFE.N&lt;/A&gt; said on Friday it  is sending additional information to healthcare professionals  about its arthritis drug Bextra, a COX-2 product in the same  class as the withdrawn drug Vioxx.",LABEL_2,"annual public preview at global drug safety from delhi( ny)-- p.& nt; A HREF="" http:// www. sci. canada. com/ index. aspx? name= PFE. N ##x=/ index/ quickinfo/ fullquote""& gt; PFE. N& lt;/ A& gt; said on Friday it is sending additional information to healthcare professionals about its approved medication use, a COX- 2 ##b in this[ range as a designer states].",LABEL_3,True,0.7146708965301514,110
799,"Hackers reopen stolen code store with Cisco wares NOVEMBER 03, 2004 (IDG NEWS SERVICE) - An anonymous group of malicious hackers reopened an online store that sells the stolen source code of prominent software products and is offering the code for Cisco Systems Inc.",LABEL_3,"- reopened computer software stores for stolen products dec 9, 2005( national communications website)- the unidentified organization that anonymous hacker entered the old warehouse where hosted a hacked commercial software for those three vendors but are now a home of secure network systems.",LABEL_3,False,0.8034926652908325,87
800,"Bonds Takes Stock The distraction of another milestone is gone, and Bonds is preparing himself to play every game for the rest of the season.",LABEL_1,"bond gives into an expectation as a season are over, but he keeps pushing him for take another swing after no start for this year.",LABEL_1,False,0.7602527141571045,51
801,Gunmen free CNN journalist Palestinian gunmen yesterday released a CNN journalist abducted in Gaza City apparently to pressure members of an Arab minority group not to serve in the Israeli army.,LABEL_0,"- from twitter international gaza reporters reportedly captured some palestinian journalists hostage from that country, but force supporters in a unnamed palestinian party member not participate without an syrian uprising.",LABEL_0,False,0.78632652759552,63
802,"Mullah Omar and Bin Laden on the run as Afghan and American forces &lt;b&gt;...&lt;/b&gt; More than 18,000 US troops and innumerable Afghan forces are in the process of searching every inch of Afhganistan and Afghan-Pak border.",LABEL_0,"mohammed sheikh mohammed and taliban in a scene of us& afghanistan col& g; a& b;...& i;/ q& i; well over 12, million afghan forces plus the afghanistan troops put on this task in sweeping an array on iranian or al- qaeda areas.",LABEL_0,False,0.7991642951965332,87
803,Jury Orders Medtronic to Pay \$109 Mln to Inventor A jury in federal court in Tennessee has ordered Medtronic Inc. to pay at least \$109 million to an inventor in a dispute over rights to spinal fusion technology.,LABEL_2,Jury Orders: to Pay\$ 109 Mln to Inventor A jury in federal court in Tennessee has ordered Medtronic Inc. to pay at least\$ 109 million to an inventor in a dispute over rights to spinal fusion technology.,LABEL_3,True,0.9857852458953857,40
804,"No tax on Internet access until at least 2007 Consumers won #39;t have to pay a tax to log on to the Internet until at least 2007, after Congress voted Friday to renew a recently lapsed ban on Internet taxation.",LABEL_2,"another restriction of online taxation before for roughly 2000 is won# 39; t having to pay a tax to log on to the network at at most anytime, because consumers had voted to enforce a once complete restraint upon web spending.",LABEL_3,True,0.8660160899162292,68
805,Rosetta Mission Sniffing a Comet The European Rosetta mission will sample a comet as it tries to harpoon and hook onto its surface. A specially designed oven will cook the comet in analogy to sniffing for recognizable elements.,LABEL_3,"comet- from an sample oven mission this probe may detect the comets that he seeks, penetrate or trap into it prey. this carefully located instrument may probe some items with parallel then listen through unknown signals.",LABEL_3,False,0.805564284324646,77
806,Apple #39;s iPod in short supply Apple Computer Inc. #39;s iPod digital music players are in short supply at US retailers including Amazon.com Inc. and Best Buy Co.,LABEL_3,ipod# 38; and apple of brief notice of apple co.# 37; itunes ##100 and ipod products being under long demand by the distributors include buy. e corp.& preferred goods stores.,LABEL_3,False,0.8542774319648743,63
807,Russian Parliament Ratifies Kyoto Pact (AP) AP - The Kyoto Protocol overcame its final legislative hurdle in Russia when the upper house of parliament ratified the global climate pact Wednesday and sent it on to President Vladimir Putin for his signature  #151; setting the stage for the treaty to come into force next year.,LABEL_0,federal congress- global affairs( russia):- a proposed treaty reaches their major final acceptance since 2015 where this russian floor with delegates voted an proposed kyoto protocol unanimously& put its signature in candidate boris vladimir via their platform# 10; is a way that any legislation must sign as parliament this may.,LABEL_0,False,0.8090955018997192,107
808,Greek weightlifter awaits verdict Greek weightlifter Leonidas Sampanis will find out on Sunday if he is to be stripped of his medal.,LABEL_1,"the crowd- pleasing olympian, mark Sampanis may come up from monday that it will both get stripped from their medals.",LABEL_1,False,0.7302044034004211,72
809,Baseball Owners Set to Approve Expos Sale (AP) AP - The proposed move of the Montreal Expos to Washington is set to be approved when baseball owners meet Thursday in Chicago.,LABEL_1,"mlb, prepared for accept the offer( mlb)-- a initial sale off all toronto athletics near montreal has scheduled should being held should city executives approve them by february.",LABEL_1,False,0.7590698599815369,61
810,"US beats Germany 2-1 in OT, to face Brazil in women #39;s soccer final Heather O #39;Reilly, minutes after missing a wide open net, scored in the ninth minute of overtime Monday to give the United States a 2-1 victory over World Cup champion Germany and a place in Thursday #39;s gold-medal game.",LABEL_1,"they beat usa 1- 2 via regulation, but bring germany as world# 2; capt.: john anderson# 23; later, germany despite playing the completely empty goal, led at this 4th hour in sports overtime: win, american hosts with 0- 2 wins against defending german favorite, or an tie against us# 9; and 2- certified standings.",LABEL_1,False,0.8697654008865356,119
811,"Kerry Widens Lead in California, Poll Finds (Reuters) Reuters - Democratic challenger John Kerry\has a commanding lead over President Bush in California of 54\percent to 38 percent among likely voters, a poll released on\Tuesday found.",LABEL_0,"- overwhelming support from washington, california,( 7) 2016- kerry says this democrat\ leads every narrow vote behind john kerry across states by 100\ compared by 40% per state}, another trend reported by\ and below.",LABEL_0,False,0.8414843082427979,75
812,"Sharman begins defense in Kazaa case Sharman Networks, the company behind the Kazaa peer-to-peer file sharing software, began its defense in a Sydney court room on Tuesday against charges by members of the music industry that the company aided music piracy and copyright infringement.",LABEL_3,"he offered help before the defense music australia, this corporation of this australian subject- facing- end copy protection network, launched their cases with the melbourne law court in defending under attack for opponents against any new approach of making internet promoted by marketing or patent ##ing.",LABEL_3,False,0.7204827666282654,93
813,"Iraqi forces raid Ramadi mosques US forces stepped up operations yesterday across a wide swath of the Sunni insurgent strongholds northwest of the capital, pounding targets in three urban centers from the air and supporting Iraqi troops in raids on mosques suspected of harboring ",LABEL_0,"iraq troops iraqi iraqi forces iraqi force took in place raids through the broad extent across an iranian sunni corridor southwest toward a city, seizing areas of shia prayer centres via tactical operations or engaged saudi police with assault of buildings outside in kuwait",LABEL_0,False,0.8439850807189941,89
814,"Pakistan Test-Fires Nuclear Missile Pakistan has successfully test fired a medium-range, nuclear-capable missile that could hit most cities in neighbouring India. Defence officials said the exercise was not intended as a message to the South Asian rival.",LABEL_0,"- nuclear- fired- pakistan- pakistan- successfully test the mid- ranged, medium- range missiles which can strike urban communities of neighboring punjab. india reportedly confirmed a test performance that designed like any response at any southeast pakistan situation.",LABEL_0,False,0.9520238637924194,81
815,"In Asia, Powell defends N. Korea policy SEOUL -- Secretary of State Colin L. Powell yesterday sought to fend off complaints from key partners in the effort to end North Korea's nuclear programs that the Bush administration has not been sufficiently creative or willing to compromise in the negotiations.",LABEL_0,"as part,- george k. bush, 2006-- department for defense robert r. Powell has vowed and play up criticisms against potential allies against any negotiations that discuss korean government' ns security policies because a seoul regime, which felt as aggressive and disposed about engaging within this policy.",LABEL_0,False,0.8854811787605286,113
816,"NAIA Coach Nears Matching Smith's Total (AP) AP - Harry Statham thought he was making a temporary stop when he took over as McKendree College's basketball coach in 1966. His dream was to win a state high school championship, but jobs at the premier high schools were hard to come by, especially for a young coach. Statham figured if he could put a few successful seasons together at McKendree, his alma mater, he'd be able to land a better job.",LABEL_1,"a career, including today' 98 coaches( 2006) players- coaches have known we were attempting some complete solution, they stepped forward with our school' re athletic manager on 1967. him dreamed-- become competitive statewide in state championships, and wins against any state champion school was easier and close in, particularly after the basketball teacher. he believed that it would get any two solid schools forward with duke, her favored institution, it' s prove determined- obtain the steady employment.",LABEL_1,False,0.7832111120223999,165
817,"Myanmar frees nearly 4,000 prisoners UN Secretary General Kofi Annan has praised the release of several political prisoners in Myanmar, the BBC reported Saturday. Annan also said he hoped others still behind ",LABEL_0,"burma- around 3, million prisoner international un secretary general anna ##was approved of freeing about 14 thousand prisoner of burmese, a cnn broadcast reported. some even thought they heard prisoners fleeing in",LABEL_0,False,0.8581127524375916,67
818,"Yahoo! Hires Chief Data Officer In a move that has implications for ad targeting and reporting, Yahoo! has hired Usama Fayyad, a co-founder of the company now known as Revenue Science, to the newly-created position of Chief Data Officer.",LABEL_3,"now!- leading major companies over a process who has specialized for ad analytics and analytics, then! has hired Usama Fayyad, a co- founder of the company now known as Revenue Science, to the purpose- appointed role of top chief executive.",LABEL_2,True,0.851728618144989,60
819,"Singh knocks Woods from No. 1 with victory at TPC of Boston For it to happen on Labor Day became a perfectly fitting reward for Vijay Singh, golf #39;s most noted laborer. The man from Fiji who closes practices ranges for a living opened a new door in world golf Monday.",LABEL_1,"he beat singh over 2. 7 before him in heart in waiting with him, arrive for golf night for an particularly handsome dinner from mr johnson, employee# 5; himself. beloved customer. some guy outside singh which now holds singh into the year opens no fresh gate at american golfer today.",LABEL_1,False,0.8330000638961792,105
820,"US consumers unaware of spyware The findings come in a report from the newly formed Consumer Spyware Initiative, a joint effort by Dell and the non-profit Internet Education Foundation that aims to increase awareness of spyware.",LABEL_3,"american consumer awareness toward these potential issues rose from this turn with an recently discovered hidden security scandal, no coordinated initiative among intel or another pro- government research alliance- which hopes can enhance disclosure about software.",LABEL_3,False,0.7297322750091553,75
821,"mmO2: i-mode launch looks certain mmO2 and NTT DoCoMo are reportedly planning to launch a UK i-mode mobile service. November 26, 2004 4:35 PM GMT (Datamonitor) - The much-touted tie-up between NTT DoCoMo and mmO2 to bring i-mode mobile content to the UK looks to be a done deal.",LABEL_3,"2006: me- modes- quite suddenly microsoft& windows mobile announced all agreed would run the common it- mobile internet platform. dec 2, 2013 2012: 20 m pt( ist)- this highly- publicized start- date of wireless 2 enables microsoft, deliver t- series branded mobile services all together appears may indicate any potential opportunity.",LABEL_3,False,0.747455358505249,109
822,"Loeb forced out of rally ESTONIA #39;s Markko Martin took the Rally of Catalonia lead today after newly-crowned world champion Sebastien Loeb, the overnight leader, was forced out of the race with a severe oil leak.",LABEL_1,"he was inside from the team# 19; with mark thompson shared a race in ireland victory) until now- 2007 rally leader sebastian Loeb, german rally champion, is kicked off from each rally of an suspected fuel dispute.",LABEL_1,False,0.8064533472061157,91
823,"Giants Give Up Right to Void Bonds' Deal (AP) AP - Barry Bonds will have two more seasons to break Hank Aaron's career home run record with the San Francisco Giants, who decided Tuesday to drop their right to void the final year of his contract.",LABEL_1,"- pass for opportunities/ complete owners' contract(*) AP- david ##off must get four extra years and tie Hank ##ins' regular season winning streak records by all st diego mets, but called early, appeal its request of cancel any first round for their contracts.",LABEL_1,False,0.70491623878479,121
824,"US doctor says evacuations, body armor has helped save lives in &lt;b&gt;...&lt;/b&gt; The commander of the biggest US military hospital abroad said Tuesday that American troops body armor and speedy evacuations appear to be helping save lives in the ",LABEL_0,"the military and this, living armour may help saved them by& lt; b& gt;...& lt;/ b& gt; The management of the largest US emergency hospitals, said is that the troops body armor or patient armor appears to be helped the people in a",LABEL_3,True,0.8838218450546265,71
825,"EPA May Conduct Human Tests for Chemicals (AP) AP - In setting limits on chemicals in food and water, the Environmental Protection Agency may rely on industry tests that expose people to poisons and raise ethical questions.",LABEL_3,"agencies often perform epa testing on substances( epa):- upon operating tests upon humans for foods or chemicals, an environment safety authority might decide out specific criteria which limit humans from chemicals but pose serious consequences.",LABEL_3,False,0.8492956757545471,73
826,Surrey poised to sign Harbhajan Surrey are waiting for approval from the Board of Control for Cricket in India before announcing Harbhajan Singh as an overseas signing for 2005.,LABEL_1,"initially eager and join, they must wait on approval within a council on trustees of development for london upon signing benny Singh with a interim player on punjab.",LABEL_1,False,0.7347056865692139,86
827,"Earnhardt: Take money, not points Dale Earnhardt Jr. wants NASCAR to change its punishment for swearing on television and radio broadcasts before another driver commits a similar slip of the tongue.",LABEL_1,"notes: receive prizes, no pay Dale starting out. asked espn not increase his penalties after scoring in tv or sports radio after a teammate committed another major hit over any coin.",LABEL_1,False,0.7549170255661011,77
828,"Ask Jeeves revamps search engine Ask Jeeves Inc. has made three significant enhancements to its search engine, as the Emeryville, California company continues to take aim at its much larger competitors ",LABEL_3,"in search/ results, yahoo search engines. com demonstrated two recent improvements within their web interface, although some stockton, oregon operator has been feed back into his competitors weaker!",LABEL_3,False,0.743354082107544,63
829,"At Least 37 Killed, 52 Hurt in Pakistan Blast  MULTAN, Pakistan (Reuters) - At least 37 people were killed  and 52 wounded when a car bomb exploded at a rally to  commemorate an assassinated religious leader in the central  Pakistani city of Multan early on Thursday, police said.",LABEL_0,"in total 7 dead, 10 injuries throughout this country., source( pakistan)- as present 14 persons, hurt& 25 killed as the vehicle bombs explodes during the festival for protest on unknown muslim martyr at an northwest lahore town near punjab. following monday, pakistan attack.",LABEL_0,False,0.8831641674041748,95
830,"RESEARCH ALERT-First Albany ups SuperGen to  quot;buy quot; on drug deal First Albany Capital on Wednesday raised SuperGen Inc. #39;s (SUPG.O: Quote, Profile, Research) stock rating to  quot;buy quot; from  quot;neutral, quot; following its cancer-drug deal with MGI Pharma Inc.",LABEL_2,"on health- focused market; reporting with customers; purchasing stock; in drug ##x: investment; in newly launched seed index.# 1; s( SUPG. 0: background, report, update): move up capital; trade back; buy up; return, no; completed the one- off transactions from albany capital corp.",LABEL_2,False,0.7167723178863525,137
831,"McDOWELL SUCCEEDS WHERE AMERICANS FAIL Nobody and nothing could overshadow Colin Montgomerie last week, but Ulsterman Graeme McDowell was doing it at Woburn again today.",LABEL_1,"he was an ordinary ulster man but never would beat john mcdowell this year, and today robert McDowell has trying us by all functions himself.",LABEL_1,False,0.7401859760284424,64
832,"HGS Picks Watkins as New Chief Executive  Human Genome Sciences Inc. plans to announce today that it has hired a 20-year product development veteran from Abbott Laboratories Inc. as chief executive. H. Thomas Watkins, 51, will face the challenge of completing the Rockville company's makeover from gene hunter to drug marketer.",LABEL_2,"HGS Picks Watkins as New Chief Executive Human Genome Sciences Inc. plans to announce today that it has hired a 20- year product development veteran from Abbott Laboratories Inc. as chief executive. H. Thomas Watkins, 51, will face the challenge of completing the Rockville company' s makeover from gene hunter to the marketer.",LABEL_3,True,0.9979730248451233,55
833,"US women avoid disaster, advance ATHENS -- Preliminary-round elimination would have been a disaster for the United States women. Desperate for a victory, the Americans avoided embarrassment by finally playing like a gold medal contender -- and like a team.",LABEL_1,"notes-: eliminated, after loss-- early- stage qualifying will always have the problem of a us' men. hoped after every miracle, an american risked elimination for either fighting over the national medals winners-- or against another nation.",LABEL_1,False,0.7453439235687256,79
834,"For openers, a great weekend Chances are the state of Massachusetts will never crown a high school football state champion. But for those who might covet such an idea, the 2004 season kicks off tonight with about as close as you'll ever get to such a matchup when two of the top squads in Central Mass. meet two of the top-ranked squads in Eastern Mass.",LABEL_1,"with others, the good all things is those states that mass would finally field the champion schools and football rivalry. and on any whom may entertain this same expectation, this past year begins just fine by going up soon because it' could probably happen. have any day between three for those possible wins within southeastern massachusetts. especially five against these nationally- ranking ones outside east massachusetts.",LABEL_1,False,0.8834157586097717,135
835," #39;Enron of Kansas #39; Trial Begins In the recent annals of corporate fraud, the names Enron, Tyco and WorldCom ring the loudest. But for residents of Topeka, Kan., the former leaders of the local utility company have become just as infamous.",LABEL_2,"# 30; state in oklahoma# 29; kansas- by every local lore in the times, those words company, Tyco& company sound every alarm. and if people from kansas, esq., all financial managers behind these kansas city companies might gotten exactly that involved.",LABEL_2,False,0.7144664525985718,99
836,"Edmonds homer lifts Cardinals to Game 7 against Astros ST. LOUIS, Missouri All of the wounds in this city, colored a fresh shade of cardinal red, healed with just one touch. The winning pitcher was the one who had the fractured hand.",LABEL_1,"the series put off the score, with. saint. pierre, while none from those teams outside the area, while some deep color from deep reds, went at a pinch hitter. both opposing men became those pitchers which heal a broken arm.",LABEL_1,False,0.7351647615432739,85
837,"Dell rides the wave to consumer gadgets (USATODAY.com) USATODAY.com - Dell will set out Thursday to conquer markets dominated by Apple, Hewlett-Packard and others with products that include its first small digital music player, photo printer and plasma TV.",LABEL_3,"see: a view about our day( marketplace. tv) business. 2014- Dell can turn up today and hit areas hit with nintendo, chin- top or apple in technologies who bring their people: mp3 cd players, tablet devices or portable computing.",LABEL_3,False,0.7981608510017395,97
838,"Killings shock, humiliate Nepalese Protesters in Kathmandu have expressed disbelief and frustration after learning of the deaths of 12 Nepalese hostages in Iraq. Nepal #39;s ambassador to Qatar, Somananda Suman, confirmed ",LABEL_0,"the peaceful, unarmed, demonstrators throughout nepal reportedly caused shock but dismay during protest during a murder from 15 international tourists of nepal. ambassador# 4; iraq, from syria, ravi abdullah, [UNK]",LABEL_0,False,0.8929694890975952,65
839,"Dollar Near Recent Lows, Awaits ZEW/CPI  LONDON (Reuters) - The dollar held steady near this week's  four-week low against the euro on Tuesday with investors  awaiting a German investor confidence survey and U.S. consumer  inflation numbers to shed light on the direction.",LABEL_2,""" from the bank, the[/ uk)( 2017)- this currency remained well under another dollar'- 10- dollar low from this monday until monday on news that these recent inflation trends continued. j. l. watch tower news reports spread gloom around this outlook.",LABEL_2,False,0.7810212969779968,105
840,"US economic growth slips to 2.8 Annual US economic growth fell to 2.8 in the second quarter of 2004, marking a slowdown from the 3 estimated a month ago.",LABEL_2,"the economy- up of 8. 2 years) economy also dropped at 8. 2 during all 1st quarters for 2005, indicating this decrease of another 2 times the row growth.",LABEL_2,False,0.7937242984771729,63
841,Buckeyes have lots to replace but are brimming with optimism There are remarkable similarities between the 2004 Ohio State Buckeyes and those that won the national championship just two years ago. ,LABEL_1,many need more letting go and with filled of confidence. has many parallels of those 2006 Ohio u wildcats but the team took both state championships the one season since.,LABEL_1,False,0.7298396229743958,77
842,"Update 1: United Needs to Cut \$500M More in Costs United Airlines, in a bankruptcy court filing in advance of a status hearing Friday, has revealed it needs to cut \$500 million more in costs than previously stated.",LABEL_2,"note 10: company needing/ cutting\$ 000 million on cost american airways, as the us bankruptcy court after preparation at an bankruptcy meeting today, have ruled were necessary of cutting\$ 700 m less of cost if currently expected.",LABEL_2,False,0.8419803977012634,77
843,"Microsoft vs Sendo: It #39;s over The legal battle between UK phone manufacturer Sendo and Microsoft has been settled, the companies announced on Monday morning. Sendo had been suing Microsoft for the alleged theft of trade secrets, fraud ",LABEL_2,"Microsoft vs Sendo: It# 39; s over The legal battle between UK phone manufacturers Sendo and Microsoft has been settled, the companies announced on wednesday morning. Sendo had been suing Microsoft for the alleged theft of trade secrets, fraud",LABEL_3,True,0.99819016456604,42
844,"RealNetworks Ends Download 49-Cent Promo  SEATTLE (Reuters) - RealNetworks Inc. &lt;A HREF=""http://www.investor.reuters.com/FullQuote.aspx?ticker=RNWK.O target=/stocks/quickinfo/fullquote""&gt;RNWK.O&lt;/A&gt; is ending  its 49 cent-per-song music download service but will keep the  promotional prices in place for top 10 songs, the Internet  media and software company said on Thursday.",LABEL_2,"-& up 10- 30--( 2017)-; b.& ts; A version="" http:// www. business. tech. com/ public. aspx? tag= RNWK. O ##d=/ news/ quickinfo/ fullquote""& gt; RNWK. O& lt;/ A& gt; is ending its 49 cent- per- song music download service but will keep a subscription price in order that the 10 tracks, an american software& services business shows on air.",LABEL_3,True,0.8352035880088806,98
845,"UPDATE 4-New York #39;s Spitzer charges Universal Life with fraud New York Attorney General Eliot Spitzer on Friday filed suit against Universal Life Resources (ULR), charging the life and disability insurance broker with taking fraudulent kick-backs for steering business to certain insurers ",LABEL_2,"november 10- in business# 10; sec., a settlement of us newest yorker lawyer john peter.,, leads lawsuit for united Life claims( ULR), charges an insurance& consumer claim agency by licensing illegal 1- ##backs from providing products for different customers",LABEL_2,False,0.7075520753860474,118
846,Cummins 3Q Profit More Than Quadruples Service engine maker Cummins Inc. on Wednesday said that third-quarter profits more than quadrupled - beating both its own guidance and Wall Street estimates - and full-year earnings would also exceed previous expectations.,LABEL_2,its overall profits greater compared other american automobile makers motor ltd. at cnn claimed that 3- quarters revenue higher that anticipated- despite all they experienced internal or intra scale efforts- or late- term operations might not exceeding company estimates.,LABEL_2,False,0.7397582530975342,82
847,"Bill Gates Gets 4 Million E-Mails a Day Bill Gates might not use AOL, but he's definitely got mail. The Microsoft Corp. chairman receives millions of Internet messages a day, said Steve Ballmer, the company's chief executive. ""Bill literally receives 4 million pieces of e-mail per day, most of it spam,"" Ballmer said Thursday.",LABEL_3,"even microsoft writes four billion internet- mail this week already, may never have mail, and it' is certainly using email. bill gates mr. ceo gets tens per million visitors each night, says bill gates,@ internet' ll senior manager."" i also received 60 000 times per day- email by today, majority in his junk,"" i commented dryly.",LABEL_3,False,0.885431706905365,117
848,"Army restricted ethnic recruits The British Army secretly restricted numbers of ethnic recruits, according to official files just released.",LABEL_0,"the restricting ethnicity and a government Army, had number in their members, contrary in some documents they provided.",LABEL_0,False,0.7551106810569763,53
849,Coalition asks US Congress to kill copyright bill WASHINGTON - A coalition of technology and advocacy groups on Friday asked the U.S. Senate to kill copyright legislation that might result in jail time for people who trade copyrighted files online.,LABEL_3,"- a national congressional question get this started""- this consortium with congressional& lobbying leaders from behalf, a united. states. agreed. defeat the bill which shall resulting on criminal action against anyone which stores copyright documents there.",LABEL_3,False,0.7999691367149353,81
850,"ALL EYES ON WOODS #39; FITNESS With world number one Vijay Singh missing because of Hurricane Jeanne and Masters champion Phil Mickelson another no-show, there was even more attention than usual on Tiger Woods at Mount Juliet in County Kilkenny this afternoon.",LABEL_1,"also focusing to tiger# 8; but between indian# 7 jai woods due out on surgery. between pga golfer frank murphy the only- one, it saw nothing further seen except being out with bobby outside the club with nearby birmingham each morning.",LABEL_1,False,0.761542558670044,87
851,"A First Look At PalmOne #39;s T5 NEW YORK - If PalmOne #39;s Tungsten T5 handheld was an automobile, it would be described as being a facelift rather than a complete overhaul of the model that preceded it, the Tungsten T3.",LABEL_3,"A good attempt in models# 41; s s NEW YORK- If a# 39; s s T5 handheld was an automobile, it would be described as being a facelift rather than a complete overhaul of the one which followed it, an model T3.",LABEL_2,True,0.8221602439880371,56
852,Apple to give its stores a Mini Me look The Mac maker has big plans to expand its network of retail outlets by creating small versions of its stores.,LABEL_3,choosing from make their store the new Me- a mini store has big plan to expanded its chain of shopping products by making smaller variants into it store.,LABEL_2,True,0.7864604592323303,52
853,Disney Rules Out New Deal with Pixar Studios In January Disney and Pixar terminated their talks to extend a distribution partnership that has created such cartoon hits as  quot;Finding Nemo quot; and the  quot;Toy Story quot; series.,LABEL_2,production put up several deals in disney entertainment on behalf nintendo and disney ended their talks to extend a distribution partnership that has created such cartoon hits as quot; Finding Nemo quot; and the movie; disney stories unlimited; disney.,LABEL_3,True,0.8274074792861938,58
854,"Europe Puts U.S. in Big Hole at Ryder Cup (AP) AP - Backed by the clutch performance from its English rookies and reliable play from Sergio Garcia and Lee Westwood, Europe put the United States in another huge hole Saturday by taking an 11-5 lead at the Ryder Cup and making victory Sunday seem like a mere formality.",LABEL_1,"european the united. k. experienced tough play from the golf( association) arena- reinforced for a consistent attacks among our top team plus consistent wins among martin lewis or shane tracy, they placed this u s into the final place, while assuming the 4- 8 victory before a masters meeting late in turning things down toward an decisive match.",LABEL_1,False,0.7720047831535339,119
855,"Microsoft launches new search engine Redmond-based Microsoft Corp. on Thursday launched a test version of its new MSN Search service, hoping to compete with Google and other major Web search services.",LABEL_3,"-- online searches company uk- wide search service. in 2007 launches the new launch at their first search web engine, likely that coincide as microsoft or any new internet searching platform.",LABEL_3,False,0.7726759314537048,65
856,"Euro supercomputing initiative welcomes users European researchers can now turn to a new supercomputing network for help in their scientific endeavors.  quot;We have just completed testing, quot; said David Henty with the Edinburgh Parallel Computing Centre, a ",LABEL_3,"european research institute- top level users may soon look at this higher computing infrastructure that aid out its computing work. hello; it will see finished research, yes; confirmed by request by a eu european computer community, no",LABEL_3,False,0.8155762553215027,77
857,South Korea president in Brazil (AFP) AFP - South Korea's President Roh Moo-Hyun started an official visit to Brazil as part of his country's campaign to find new business in the region.,LABEL_0,southern korean federation of brasil( [UNK]) 2015- sa ##p' o leader kim jong- in completed his office visits south korea on one for he campaign' o mission that create overseas businesses outside those americas.,LABEL_0,False,0.7573009729385376,69
858,Israelis force down Lufthansa jet Israeli jets force a flight to Tel Aviv to land in Cyprus after a bomb alert  German officials did not consider serious.,LABEL_0,israel shoot up israeli special service agents take the jet b' el and arrive from israel because the bombing hurt russian pilots and germans seem happy.,LABEL_0,False,0.7407099008560181,55
859,AOL's Viral Marketing America Online will now provide gratis antivirus protection to its subscribers.,LABEL_3,today' leading online retailer click me may later add gratis antivirus support among their members.,LABEL_3,False,0.7882946729660034,58
860,"Bush Backers in Wisconsin Say He Is Decisive in War (Reuters) Reuters - The Iraq war and concerns about\terrorism may determine the outcome of the upcoming election,\and they appear to have bolstered support for President Bush in\at least one Republican bastion in the swing state of\Wisconsin.",LABEL_0,"` campaigns throughout america, it said ...` wisconsin( 2014)|- The Iraq war and discussions in\ wisconsin may decide the outcomes of the presidential candidate,\ and they appear to have bolstered support for President Bush in\ at least 1 major victory in every fictional city of\ Wisconsin.",LABEL_3,True,0.7875735759735107,90
861,English FA planning to introduce EPO tests this season The English FA plans to introduce tests for the blood-boosting drug EPO (erythropoietin) this season as part of its regular testing programme.,LABEL_1,british association plan on introducing the test these seasons while england academy hopes will perform test against any dose- increasing disease that( e) a is the one from their clinical tests course.,LABEL_1,False,0.7626633644104004,65
862,North Korea-watchers ponder significance of Kim #39;s changed status SEOUL - Watchers of the reclusive North Korean regime are buzzing about reports that might indicate a change in the cult of personality surrounding Kim Jong Il.,LABEL_0,"northern korean- authorities consider aspects like the# 1; etc., watch- keepers like some new- age group very curious of anything whatever will prompt the changes about a sense for identity of comrade kim jong.",LABEL_0,False,0.7904108762741089,75
863,"North Korea Says the Tyrant is Bush, not Kim North Korea says it sees no reason to join a working-level meeting with the United States to prepare for further six-party talks on the communist state #39;s nuclear weapons development.",LABEL_0,"united states said this leader am president, and therefore northern united korea he has some reasons should attend some world- scale talks between both korean government. negotiate with possible two- way showdown about a nuclear doctrine# 1; a) nuclear armament.",LABEL_0,False,0.7953392863273621,85
864,"Taiwan Rescuers Dig Out 7 Bodies Buried in Landslide  TAIPEI (Reuters) - Taiwan rescue workers dug out seven  bodies from mud and rock in a mountain village that was hit by  a devastating landslide triggered by Typhoon Aere, but eight  still remained buried, officials said on Friday.",LABEL_0,"taiwanese investigators digging up seven body found-- taiwan( 2006)-- government personnel dig down eight body of dirt& rocks near the mountainous zone which had flooded during some giant earthquake caused during hurricane sandy, and seven were safely evacuated, it died without air.",LABEL_0,False,0.9087858200073242,93
865,"Stocks on the edge NEW YORK (CNN/Money) - Wall Street took a wait-and-see approach to the final day of the trading week, looking for more information on inflation, trade, oil and a report of Michael Eisner #39;s 2006 departure from Disney.",LABEL_2,"investor from a wall and yorker( fox/ cbs)- abc also ran this stop-&- seek trip. see opening stock on any next round, hoping of some data about prices, stocks, futures plus this photo for charles johnson# 4; or ##n report at chicago.",LABEL_2,False,0.7798019647598267,89
866,"London-Based Bank Wins Bid for Permata A consortium led by Standard Chartered PLC won the bidding for a majority stake in PT Bank Permata, agreeing to pay US\$300 million (euros 244 million) for control of Indonesia #39;s seventh-largest lender, Finance Minister Boediono said Friday.",LABEL_2,"uk- london, successfully bidding competition. banks syndicate organized against cape bank have submitted a bid against any full share on PT ##a corporation, offering it lend$\$ 400 000($ 9 billion) with government for malaysia# 9; jakarta.- based consultant, former director of banking company.",LABEL_2,False,0.7393652200698853,110
867,"Rummenigge - parise for Bayern coach. (Getty Images) Felix Magath #39;s rigorous new training regime at Bayern Munich has been praised by club chairman Karl-Heinz Rummenigge. Magath #39;s approach had been criticised by some of his players, and Bayern have made a slow ",LABEL_1,"-- votes from outstanding coaches.( also featured) michael ##a# 4;-: current coaching development in bavaria fc bayern also led under legendary trainer erich- friedrich p. Magath# 7; currently also has players praised for both with him teammates, but he was often criticised ...",LABEL_1,False,0.7622444033622742,105
868,"Salesforce.com Launches On-Demand Support System On-demand CRM provider Salesforce.com Wednesday rolled out a parallel service its calling Support.com and aiming at corporations with far-flung call centers, help desks, and on-call technicians.",LABEL_3,"support. us and off- call customer services upon- purchase customer services service. co has turned up the new with it service call. org but looks toward connections of high- reaching support systems, sales departments, or upon- demand computers.",LABEL_3,False,0.7499507069587708,77
869,Scientists to Study Dairy Going Organic (AP) AP - Cornell researchers will watch five upstate New York dairy herds to learn about the problems and challenges of converting from conventional to organic farming.,LABEL_3,"and you get a fully enrolled( organic) cow-- people can study many famous major american livestock shows, discover of some challenges& implications about conversion of organic into conventional produce.",LABEL_3,False,0.7018384337425232,65
870,Russias strange bedfellows Ministers from the Commonwealth of Independent States (CIS) gathered in the Ukrainian capital Kiev on September 29 to formulate a common anti-terrorism strategy.,LABEL_0,some royal russian officials with a union in ukrainian republics( ukraine) gather within a state centre ukraine before november 11 that stage the russian pseudo- terrorist campaign.,LABEL_0,False,0.7396807670593262,55
871,Third Month of Slow Sales for Retailers The August start of the back-to-school shopping season was a disappointment for major retailers.,LABEL_2,another period for early success in which The slow onset of the back- to- late regular season was a shock against some buyers.,LABEL_1,True,0.633318305015564,50
872,"Alabama Upsets No. 24 Southern Miss 27-3 (AP) AP - Kenneth Darby rushed for 197 yards and scored two touchdowns, one on a run and one on a pass, as Alabama beat No. 24 Southern Mississippi 27-3 Saturday for its first win against a ranked opponent in nearly two years.",LABEL_1,"it upset 3. 14 southeastern mississippi 24- 24( home) qb- chris williams rush on 52 seconds but score 6 touchdown, two for the throw plus 1 by an interception, saw southern defeat 9. 0 south alabama 24- 0 game with their 1st wins by this alabama team within these seven appearances.",LABEL_1,False,0.861207127571106,103
873,"Storms Seem to Cure Floridians of Hurricane Amnesia The state #39;s East Coast hadn #39;t been hit by a hurricane since 1999. That, and the fact that Florida hasn #39;t had its historic share of such storms in recent decades, has led to some complacency about their effects.",LABEL_3,"some try and alleviate some fears that if either florida# 41; m and that state# 47; s get affected after all hurricanes after 2000. these, but no realization because this area# 40; b, their vast collection as past hurricane of past eras, only amount in a confusion of its own.",LABEL_3,False,0.8326866626739502,103
874,Darfur peace talks inch forward despite deadlock over security ABUJA (AFP) - African Union mediators met separately with Sudanese government envoys and the leaders of the uprising in the strife-torn region of Darfur in a bid to hammer out a deal on demilitarising the conflict.,LABEL_0,- the negotiations go forwards in peace of peace talks( 2015)- islamic state forces worked closely among sudan army officials or any leader with any militia across a trouble- troubled territory near mali for the scheme for talk up this truce by closing this crisis.,LABEL_0,False,0.7556090354919434,91
875,"China's Red Flag Linux to focus on enterprise Red Flag Software Co., the company behind China's leading Linux client distribution, plans to focus more on its server operating system and enterprise customers, the company's acting president said.",LABEL_3,"beijing', blue flags said, focused that: the flags. pl., another firm with taiwan' most major enterprise linux distributions, is being focused both into their linux based clients or chinese ones, this ceo' p- side says.",LABEL_3,False,0.8463717699050903,81
876,"Canadian freedoms 'under threat' Personal freedoms in Canada are being eroded by the ""war on terror"", the country's privacy commissioner warns.",LABEL_3,"Canadian freedoms' under threat' Personal freedoms in Canada are being eroded by the"" war on terror"", the country' s information commissioner warns.",LABEL_0,True,0.9750744104385376,24
877,Microsoft sues eight resellers over dodgy stickers Microsoft has announced it #39;s suing eight PC resellers over claims they have been attaching Certificates of Authenticity (COA) to non-genuine Microsoft products.,LABEL_3,"it sue microsoft executives for microsoft products it also called for# 8;, to cover some vendors on claiming them are illegally assigned certificate- integrity( s) on microsoft- branded consumer goods.",LABEL_3,False,0.8240662813186646,65
878,"IBM unveils notebook with fingerprint reader IBM on Monday introduced a biometric notebook computer with an integrated fingerprint reader,which it says can recognize the user of the computer.",LABEL_3,""" notebook computer in the book friday through wednesday uses the simple ibm notebook without the attached screen), who he claims could recognize some features from either device.",LABEL_3,False,0.7330078482627869,73
879,"Motorola Aims to Sharpen Design Edge In a 26th-floor office suite overlooking Lake Michigan, some 40 industrial designers, mechanical engineers and specialists in fields ranging from anthropology to musicology ",LABEL_3,"they Aims to develop new Edge In a 26th- floor office suite overlooking Lake Michigan, some 40 industrial designers, mechanical engineers and specialists in subjects ranged from design to musicology",LABEL_2,True,0.851467490196228,37
880,Football: Spanish FA apologises The Spanish FA apologises to its English counterparts following racist chanting.,LABEL_0,notes: Spanish FA apologises The Spanish FA apologises to its English counterparts following racist chanting.,LABEL_1,True,0.9366997480392456,17
881,"Camacho  #39;quits Bernabeu #39; Real Madrid coach Jose Antonio Camacho has resigned after the club #39;s poor start to the season, according to reports in Spain. Cadena Ser radio said Camacho had told Real chairman Florentino Perez he was quitting ",LABEL_1,"madrid# 36; la liga# 34;, that trainer juan manuel perez he appointed since 2006 season# 4; the season ending for a team, attributed after unrest after 2007. tv club ##ui ##b. once assured their boss guillermo sanchez they considered leaving",LABEL_1,False,0.7175005078315735,85
882,"Stronger Sales Boost JC Penney Earnings (Reuters) Reuters - Department store operator J.C. Penney\Co. Inc.  on Tuesday said third-quarter profit rose 86.3\percent, helped by stronger sales and fewer markdowns.",LABEL_2,"- economic research survey- company( 2015)/- the retail of p. j. jones\ bros. plc. since 2014, three- quarters sales increased 9. 8\ 75, marked under bigger revenues plus higher earnings.",LABEL_2,False,0.7289281487464905,67
883,"The battle for DR Congo's wildlife As donors pledge \$40m to save DR Congo's wildlife, life in Virunga Park remains a battle ground.",LABEL_3,"people fight among a ##c' n that many people donate\$ n, preserve DR ##u' d land, lands that Virunga reserve is an fertile field.",LABEL_3,False,0.7128275632858276,79
884,Soccer: Juventus beat Fiorentina 1-0 in Italian league match ROME : Juventus extended their lead at the top of Serie A to six points after they scraped a 1-0 home win over Fiorentina and closest rivals AC Milan were held to a goalless draw at Brescia.,LABEL_1,"juventus: milan defeated juventus 2- 1 of this particular event italy: barcelona extend her advantage through a match in liga nacional with 5 point if them record an 11- 6 convincing run after second& last, and ##f- ball in the league cup in florence.",LABEL_1,False,0.8822898864746094,95
885,Krzyzewski Wins No. 700 Shelden Williams collects 18 points and 15 rebounds to give Duke an 82-54 triumph over Toledo and Coach Mike Krzyzewski his 700th career win on Sunday.,LABEL_1,"the former k. 9 with he, 9 assists& 23 points. win Duke university 57- 59 wins by georgia& earn coach williams their 1st overall victory per team.",LABEL_1,False,0.8160675764083862,77
886,"High-Tech Start-Up Strives For Open-Source Compatibility SourceLabs could create some buzz because of its pedigree team of founders. The company is led by Chief Executive Byron Sebastian, a former executive at San Jose #39;s BEA Systems, who founded the company in spring.",LABEL_3,"low- level set- ups designed in off- sources using linux can generate the work off with our initial line by researchers. a corporation also started after founding founder jeff davis, the previous researcher of del antonio# 1; b& ##l, which began this business that september.",LABEL_3,False,0.7687504887580872,93
887,"Russia wants new business partnership with old ally India (AFP) AFP - Russia is seeking a new economic partnership to boost a decades-old friendship with India, envisaging sophisticated arms sales, high-end technology swaps and political support on the world stage.",LABEL_0,"russian and foreign economic partnerships by the friend russia( AFP) AFP- india is pursuing a new business direction to revive a long- old partnership for russia, emphasizing domestic economic markets, high- end industries,& foreign trade by another global side.",LABEL_2,True,0.9719753861427307,73
888,Inter draw with lecce while AC Milan crash Atlanta Bulgarian teenager Valeri Bojinov scored twice as Lecce came from two goals behind to draw 2-2 with Inter Milan in Italian first division league on Wednesday.,LABEL_1,"a meeting by inter had with ##o- c, and viktor ##ia ##u followed with inter scored in 2 scores out being drawn 24- 14 against south africa of italy premier italian title at saturday.",LABEL_1,False,0.7565587759017944,73
889,"Indians Mount Charge The Cleveland Indians pulled within one game of the AL Central lead by beating the Minnesota Twins, 7-1, Saturday night with home runs by Travis Hafner and Victor Martinez.",LABEL_1,"at last, a detroit Indians took over 1 point with another 2- crown after hammering a cleveland indians, 13- 12, wednesday weekend via power plays via casey pierce or jesus ramirez.",LABEL_1,False,0.7403565645217896,79
890,Venezuela vote keeps Chavez as president CARACAS -- Venezuelans voted resoundingly to keep firebrand populist Hugo Chavez as their president in a victory that drew noisy reactions yesterday from both sides in the streets. International observers certified the results as clean and accurate.,LABEL_0,venezuelan votes on venezuela that regards chavez-- caracas vote vote for chavez venezuela elected president venezuela with his leader on the contest which provoked shocked reaction reactions with all leaders on any election. chavez monitors welcomed this voting by fresh or clean.,LABEL_0,False,0.914858877658844,85
891,"\$78,000 for a Cane That Helped a Legend Walk the Line Many of Johnny Cash's possessions were sold at Sotheby's, collecting \$3,984,260 for the Cash family, more than double the pre-auction estimate.",LABEL_0,"\$ 78, 000 for a collection That Helped a Legend Walk the Line Many of Johnny Cash' s possessions were sold at Sotheby' s, collecting\$ 3, 984, 260 for the Cash family, more than double the pre- auction estimate.",LABEL_2,True,0.956037700176239,40
892,"Sherman remains confident after Packers #39; flop in Philly They were, in theory, the NFC #39;s second-best team. Now they #39;re not and no one else is, either. The NFC has the Philadelphia Eagles at the top, the San Francisco 49ers at the bottom and everyone else in the middle.",LABEL_1,"nfl not looking on team# 36; deep inside thought them remain, by truth, an eagles# 35; as 2nd- ranked contenders. and their# 38; ss- with them, who was, ever. this article puts those atlanta rams above either level, those john angeles seahawks in these bottoms nor anyone up toward any top.",LABEL_1,False,0.7889633774757385,107
893,"Stocks Climb on Drop in Consumer Prices NEW YORK - Stocks rose for a second straight session Tuesday as a drop in consumer prices allowed investors to put aside worries about inflation, at least for the short term.    With gasoline prices falling to eight-month lows, the Consumer Price Index registered a small drop in July, giving consumers a respite from soaring energy prices...",LABEL_0,"- based over trends on market segment of stock- stock- from this two month peak seen in the decrease among stock- motivated consumers that step forward concerns against stocks, though first on a medium price. because consumer price rises below seven- pound prices, a stocks market only experiences this temporary rebound during returns, earning shareholders the boost above consumer stock indices...",LABEL_0,False,0.7778447270393372,127
894,UPDATE 1-Bolton end Newcastle run with 2-1 win Bolton Wanderers continued their impressive start to the season as they battled to beat in-form Newcastle United 2-1 on Sunday to stay in touch with the leading pack at the top of the Premier League.,LABEL_1,"notes 10- 3 for this campaign by 1- 6, sunderland fc continue our excellent run with this finish that we struggle, thrash off- season carlisle thistle 0- 2 upon occasion yet continue that line against this main club with a run against another championship season.",LABEL_1,False,0.7495874166488647,95
895,Terror is below radar in Russia It took 2 days for Russia #39;s security service to announce what virtually everyone else believed from the moment two domestic passenger airlines plunged to earth simultaneously ,LABEL_0,everything went above- on particular- takes four weeks from flight# 2; now the second can see which almost anybody now sees by any fact that russian civilian planes dropped towards safety|,LABEL_0,False,0.7353253364562988,69
896,"NBA ROUNDUP: O #39;Neal puts on a show for new fans in Miami MIAMI -- Shaquille O #39;Neal swatted away Boris Diaw #39;s lay-up to preserve a 26-point lead, then waved into a nearby television camera the moment he landed on his feet.",LABEL_1,"key:: a# 38; espn featured at the display as watching sports from downtown atlanta-- and his# 33; he knocked up james p# 34; now stand- down, have another 0- 3 shot, and ducked behind another small overhead pocket; next they land as he own.",LABEL_1,False,0.7227849960327148,95
897,Trump's Casinos File for Bankruptcy  PHILADELPHIA (Reuters) - Donald Trump's casino operations  filed for bankruptcy Sunday in a long-expected move that would  allow the real estate maverick to restructure the company's  debt and overhaul its aging casinos.,LABEL_2,"president' n casino, trump::( 2014)-- donald' ll gambling companies file on trump bankruptcy as the highly- anticipated filing which shall pressure all new deal owners toward stabilize all trump' t finances or revive his two divisions.",LABEL_2,False,0.8739908933639526,81
898,"BlackRock Buys State Street Research  NEW YORK (Reuters) - BlackRock Inc. &lt;A HREF=""http://www.investor.reuters.com/FullQuote.aspx?ticker=BLK.N target=/stocks/quickinfo/fullquote""&gt;BLK.N&lt;/A&gt;, one of the  largest U.S. fixed income managers, on Thursday said it will  buy its far smaller competitor State Street Research    Management Co., marking the biggest takeover in the asset  management business this year.",LABEL_2,"- three states and companies and zealand( 2014)-- ab.& b;$ ##g="" www:// search. ny. ny. co/ search. mx? name= google. html ##n=/ google/ index/ stock""& m; b. h& f;/ m& h;, two by those biggest b. m. personal wealth owners, by friday- they may meet their ever larger competitors wall ##mark equity finance corporation., completing a smallest investment with both funds leading out all weekend.",LABEL_2,False,0.7481998205184937,137
899,"Vilsack, Dean Jockey for Top DNC Post (AP) AP - Iowa Gov. Tom Vilsack told Democratic leaders on Friday he may seek the party's top job as the jockeying to replace chairman Terry McAuliffe intensified.",LABEL_0,"also, article ##s of democratic conference chairman( d) democrat- republican dr. chris Vilsack announced his party over monday they will take this race' ed head position along did incumbent democratic vice admiral david mccain instead.",LABEL_0,False,0.8111439347267151,85
900,Lackluster Jobs Report Pushes Stocks Down NEW YORK - Investors pushed stocks lower Friday as a surprisingly lackluster job creation report deepened Wall Street's pessimism over the health of the economy. A solid earnings report from General Electric Co...,LABEL_0,"poor stocks- pushing stock below market stocks- also pushes out the stocks with no"" negative labor management problem reflecting workers""' expressed fears about another decline at a trade. the new mission statement at the investment institute...",LABEL_0,False,0.7892925143241882,79
901,"Powell Presses N. Korea on Weapons Talks US Secretary of State Colin Powell, left, shakes hands with Japanese Prime Minister Junichiro Koizumi before their meeting at the Foreign Ministry #39;s annex in Tokyo Sunday, Oct. 24, 2004.",LABEL_0,"-' 06.: outside japan, the secretaries at defense martin brown, usa, shakes talks for us military secretary sho kim after its conference by a nuclear lab# 0; meeting ##6 outside chicago area, feb. 25, 2006.",LABEL_0,False,0.7862404584884644,90
902,"Saddam #39;s jailed top aides hold food protest Eight of 11 detainees briefly refuse food over prisoner rights including family visits, access to media. BAGHDAD - The US army said eight of toppled Iraqi leader Saddam Hussein #39;s jailed lieutenants had briefly ",LABEL_0,"iraqi# 38;- jail hold- up of said 8 by eight people were refusing treatment of their stay for their food, leaked in newspapers. afghanistan- a uk embassy reported arrest for senior iraq commander. saddam# 40; arrested senior officers including:",LABEL_0,False,0.8685002326965332,87
903,"Sharon Says Gaza Evacuation Set for 2005 (AP) AP - Israel's evacuation of the Gaza Strip will begin next summer and will take about 12 weeks, Prime Minister Ariel Sharon said Wednesday, reversing an earlier decision to speed up the pullout.",LABEL_0,"israel: apr- scheduled 20 april( scheduled) plan- a' the operation into this Gaza area shall start from spring or may within around 15 days, chief president rachel david told,, after the executive action, shake away all talks.",LABEL_0,False,0.7799413800239563,96
904,King Pong Draws Fans Spike TV's Video Game Awards Show attracts big-name celebrities and bands but gives the fans the votes.,LABEL_3,the series gets noticed in korea' s popular Game shows Show attracts big- name celebrities and bands but gives this audience this win.,LABEL_0,True,0.6687072515487671,36
905,Texas Instruments Plans Investment US-based chipmaker Texas Instruments Inc. said it will spend about US\$300 million (euro 240 million) over the next three years to increase output at its facilities in the northern Philippines.,LABEL_2,the company announced that american- registered manufacturer electronic equipment Inc. said it will invest of US\$ 300 000( euro 240 000) over the next 3 year to upgrade circuits at their facility in some southwestern states.,LABEL_3,True,0.7058427333831787,59
906,"USA searches for winning formula Hal Sutton anticipated the question. He had formulated an answer, too, long before he arrived in that Milwaukee hotel ballroom to announce his captain #39;s picks and finalize the US Ryder Cup team.",LABEL_1,"best known in great success as had made this match. it also asked the american, thomas, that since it spent from the Milwaukee beach hotel i make us captain# 7; or ##2 for win in this open to champion.",LABEL_1,False,0.7100889682769775,107
907,"Expanding West Major League Soccer's two expansion teams, Real Salt Lake and Club Deportivo Chivas USA, will join the Western Conference for the 2005 season.",LABEL_1,"the new professional club expansion' 5 combined soccer team, greater west conference& arena football league expansion, may reach these west divisions by both 2017 seasons.",LABEL_1,False,0.7442077398300171,53
908,"Accusations of Fraud Mar Afghan Election KABUL, Afghanistan - Afghans packed polling stations on Saturday for a historic presidential election that was blemished when all 15 candidates opposing U.S.-backed interim President Hamid Karzai withdrew, charging the government and the U.N. with fraud and incompetence...",LABEL_0,"allegations in a§ ##wan ##e fraud, afghan- afghan held election jointly in november of the future general elections which be confirmed where some kabul contenders and n. u.- afghanistan incumbent leader president bush resigned, criticizing all kabul candidates and i. u. as corruption as""...",LABEL_0,False,0.8993948101997375,93
909,"Sports: Cobbs out for the season DENTON, Texas Last season #39;s NCAA rushing and scoring leader will miss the rest of this football season. North Texas running back Patrick Cobbs has sprained ligaments in his left knee.",LABEL_1,"2016: was cleared through a playoffs tx, their leader and# 3; played both season or season, would wear a number on the regular week. left tackle run in, Cobbs knee strained ligament from their wrong arm.",LABEL_1,False,0.7889708280563354,91
910,"Ankiel Impressing Cardinals in September (AP) AP - At the very least, Rick Ankiel is laying the groundwork for a run at the St. Louis Cardinals' rotation next season.",LABEL_1,"still with action since 2006( c)-- in a season latest, mark Ankiel has laid some ground over every game among both r. jose giants' nationals for september.",LABEL_1,False,0.7825042009353638,70
911,"Israel won #39;t attend London Mideast conference Israel will not attend a Middle East conference in London early next year but backs its stated aim of fostering Palestinian reform in pursuit of peace after Yasser Arafat #39;s death, a senior official says.",LABEL_0,"- israel# 38; and the arab national organization palestinian has neither attended any near future event at israel till mid 2017 and confirmed your ultimate achievement on achieving fundamental issues with favour against israel with meeting palestine# 40;( however, any jewish diplomat attended.",LABEL_0,False,0.7899810671806335,89
912,"Petronas pursues China LNG supply opportunities Petroliam Nasional Bhd., or Petronas, Malaysias national oil and gas firm, is in discussions with Chinas State-owned oil and gas firms for potential liquefied natural ",LABEL_2,", from the shipping business to petrol resources holdings., and [UNK], chinese multinational fuel or mineral companies, currently under negotiations for malaysian publicly- licensed petroleum& mineral conglomerate with chinese fuel|",LABEL_2,False,0.7488350868225098,65
913,Dell Axim X50v Large VGA screen; great graphics; included gaming bundle; Windows Media Player 10.0 Mobile; fast processor and ample memory; integrated Wi-Fi and Bluetooth; sleek design; user-replaceable battery.,LABEL_3,intel quad x- 1 display; rich video; windows entertainment suite; hd dvd hd 5. 10 plus; easy charging& compact ##ing; usb lo- card& battery; intelligent navigation; visitor- friendly lighting.,LABEL_3,False,0.7777004837989807,65
914,"Crude Oil Rises on Speculation Cold Weather May Increase Demand Crude oil futures are headed for their biggest weekly gain in 21 months on speculation cold weather may boost demand in the US Northeast, where 80 percent of the country #39;s heating oil is used.",LABEL_2,"although it increases in- demand temperatures do rise but potential future prospects: going into its top oil prospect at six weeks above top demand, will raise prices throughout all america north, when one percentage on an area# 7; 10 crude petroleum becomes generated.",LABEL_2,False,0.8573682308197021,93
915,"Howard: Telstra Board Will Choose Its CEO Australian Prime Minister John Howard said Thursday that Telstra Corp. #39;s board would choose its next chief executive, not the federal government, which has a majority stake in the telecommunications giant.",LABEL_2,"notes: its members has chose their chairman as first ceo david andrews says himself as dial co.# 2;& ##no will chose their other top executives, especially through australian telecom, who maintains the strategic position through this telecom world.",LABEL_2,False,0.7889638543128967,79
916,"Germany to kick off 2006 World Cup FRANKFURT, Germany -- Hosts Germany will play in the opening match of the 2006 World Cup, the organizing committee of the governing body FIFA announced on Wednesday.",LABEL_1,"-- kicks out 2018 international match germany, 2007--- team should enter during this first matches as a 2007 german bundesliga, a selection chairman at an organizing commission subsequently decided off this.",LABEL_1,False,0.750800371170044,67
917,"Web Site Shows Two Beheadings in Iraq Three hooded gunmen pose with an unidentified Turkish hostage, who they threatened to behead unless all American release all Iraq prisoners, and all Turks leave Iraq, in this image made from a television broadcast by Al-Arabiya television, Monday Oct.",LABEL_0,"photo links: three gunmen from front these three also posed by a unnamed iraq prisoner, which he pledged they kill after a turkey kills both turkish captives, but both captives leaving behind, while another picture is of an tv transmission from ali- abbas broadcasting, in iraq.",LABEL_0,False,0.7769781351089478,95
918,"Former Saddam Deputy Arrested in Iraq (AP) AP - Iraqi authorities claimed on Sunday to have captured Izzat Ibrahim al-Douri, the most wanted member of Saddam Hussein's ousted dictatorship, but there was confusion over the report, as the Iraqi defense minister said word of his arrest was ""baseless.""",LABEL_0,"iraqi:- army from baghdad( iraqi),- un police said that friday also also arrested hussein abu iraq- hussein, this last famous supporter from baghdad saddam' d coalition government, and initially reportedly puzzled with a seizure, although some afghan information department reported evidence in him detention,"" premature.""",LABEL_0,False,0.811817467212677,99
919,"Police, Peddlers Clash in Venezuelan City (AP) AP - Police and National Guard troops fired tear gas and plastic bullets at crowds of angry street vendors in Venezuela's capital Wednesday as officers tried to remove merchants from zones where they are barred from selling their wares.",LABEL_0,"also, police forces from venezuela police( ep) pro- venezuelan, civil defense militias firing toxic bomb& military ammunition against crowd near 30 sidewalk merchants at venezuelan' e city centers while vendors attempting they block drivers at stalls when drivers was interrupted after buying them tickets.",LABEL_0,False,0.8233970403671265,93
920,Notables Every Baltimore starter reached base at least twice. Orioles' Brian Roberts set the AL record for doubles in a season by a switch hitter with 47 -- also tying Cal Ripken Jr.'s team record from 1983.,LABEL_1,"virtually all orioles starters reach bases for most once. baltimore' s starter held all league records during appearances during every double with the different club as pitcher--, beating randy johnson v.' double double achievement of 46.",LABEL_1,False,0.9253222942352295,75
921,"76ers rally from 18 down to stun Nuggets Allen Iverson couldn #39;t resist when he saw the burgundy and yellow shirt Willie Green put on after the game.  quot;That #39;s an ugly shirt, Willie, quot; Iverson shouted over a crowd of reporters.",LABEL_1,"a team at philadelphia began and challenge veteran bill green for# 37; he; where they wore basketball shorts& old jeans, he looked hot throughout both games. a; i# 29; he the angry ass, he, i; i screamed before the mob in supporters.",LABEL_1,False,0.785323441028595,91
922,"Commuter Plane Crashes in China, Killing 54 A China Eastern Airlines commuter plane crashed into a frozen lake in northern China this morning, killing all 53 people on board and 1 on the ground, state media and the airline said.",LABEL_0,"passenger airplane crash from beijing, china 2008 china far east commuter airlines airplane crashes from some large field of northwest asia some time, kill both 3 occupants from it or responsible for a plane, news agencies nor chinese officials respectively.",LABEL_0,False,0.846924901008606,81
923,APEC Ministers Urge New Effort on Trade Talks Pacific Rim trading nations said on Wednesday they should pool their influence to energize talks to free up world trade. As trade and foreign ministers from the 21-member Asia-Pacific ,LABEL_0,government representatives urged the emphasis upon international trade- south asian council says for thursday he must concentrate its efforts into facilitate dialogue which shore down global markets. the diplomat or trade adviser for a two- island conference-?,LABEL_0,False,0.7397608757019043,79
924,"Seven seize ATHENS -- He was behind at the start. He was behind at the turn. He was behind for 99.99 of the 100 meters. His head was behind Ian Crocker's head at the finish. And yet somehow last night, Michael Phelps won again -- for the fourth and final time in an individual race at these Olympics.",LABEL_1,"- 4 july-- michael raced early into a front. they finished fourth over every race. they remained leading through 0. 08 over those 10 meter. he body slammed under mark alexander' n nose in every point. but- like our day, the greeks captured medals-- in a seventh& seventh games during the olympic history inside this venue.",LABEL_1,False,0.7914249897003174,117
925,"Rite Aid Swings to Loss Rite Aid (RAD:NYSE - news - research) swung into the red for its third quarter and lowered expectations for fiscal 2005. The drugstore chain said Thursday it posted a loss of \$7.7 million, or 1 cent a share ",LABEL_2,":- lead: ... financial Aid( us: business- aid- express) shifted against little red throughout our final phase but surpassed revenue until fall 2006. department store chain. Thursday stock recorded the loss by\$ 10. 2 billion, or loss per$$",LABEL_2,False,0.7368173599243164,155
926,"Cisco #39;s Perfigo Acquisition Delivers Policy Compliance To Channel In a move that targets the increased threats of worms and viruses to networked businesses, Cisco Systems Thursday said it will acquire privately owned endpoint compliance vendor Perfigo in a deal worth approximately \$74 million.",LABEL_3,"item# 12; title ##1 and software provider seeking the right over all process who opposes some potential threat by infection or attack of global communities, security authority has reported they has acquired publicly traded network protocol supplier Perfigo for an purchase valued worth\$ 50 billion.",LABEL_3,False,0.8316783308982849,97
927,"Behaviour control by smartphone The Massachusetts Institute of Technology is developing mobile phones designed to learn users #39; daily habits so that they can predict what users will do, reports The Register.",LABEL_3,"habit management 2009- 2011 maryland institutes with research for implementing the technology, which teach the# 7; mobile system users if it should control who they could control, via a smartphone.",LABEL_3,False,0.8138046264648438,65
928,"National Guard HQ attacked near Baghdad A mortar attack on an Iraqi National Guard headquarters north of Baghdad killed at least four National Guards and injured 80 others, officials said Tuesday.",LABEL_0,"iraq national guard attack attack: baghdad military hit near the area and security base nw in kurdistan kill in most 4 iraqi officers, wounds 8 civilian, police reported later.",LABEL_0,False,0.8563028573989868,63
929,Dance pair out with injury Olympic ice dancing hopefuls Loren Galler-Rabinowitz and David Mitchell of the Skating Club of Boston will be sidelined for the remainder of the season because of a shoulder injury to Mitchell that will require surgery.,LABEL_1,"one- off pairs american team olympic dance dancers amy mitchell- mitchell nor michael wilson from montreal ice kings from montreal shall sit out on both part as a program as for the year injuries, both who should allow injury.",LABEL_1,False,0.8170328140258789,83
930,"Southwest Airlines to Cut 88 Flights (Reuters) Reuters - Southwest Airlines Inc. (LUV.N), the\largest U.S. discount carrier, on Monday said it will eliminate\88 scheduled flights in order to boost revenue by freeing up\planes for more lucrative markets.",LABEL_2,"northeast decided that include southwest airlines( 2008)-- western carriers l.( s. e), an\ 84 n. a. largest airlines, decided saturday that they can cut\ 36 daily flight that hopes will reduce revenues for stepping aside\ 34 after least pressing ones.",LABEL_2,False,0.8647465705871582,83
931,Family make plea for Iraq Briton The family of a Briton held hostage in Iraq have issued an emotional plea for his release as the deadline approaches. Philip Bigley said his brother Ken regarded the Arab world as his  quot;home from home quot; and ,LABEL_0,"iraq family lawyers say:' these families that each member is captured for baghdad has lodged the initial demands with him released if this year progressed. george, that their nephew also considered this british community with him home;' at least so;'",LABEL_0,False,0.7945955991744995,91
932,"Edwards: I Won't Raise Retirement Age (AP) AP - Seizing on a report that a plan to privatize Social Security includes raising the retirement age for full benefits to 72, vice presidential candidate John Edwards on Saturday renewed a promise that the Democrats would never raise the retirement age.",LABEL_0,"remarks: I cannot' t increase retire eligibility( AP)-- Seizing on a report that a plan to privatize Social Security includes raising the retirement age for full benefits to 72, vice presidential candidate John Edwards on Saturday renewed a statement because the administration must not increases the retire age.",LABEL_2,True,0.9359994530677795,63
933,"Important Rules for Phone Market Face F.C.C. Vote Next week, the FCC will likely change the rules on unbundled networks largely in ways favorable to the Regional bells.",LABEL_3,"as guidelines for a future Face F. C. C. Vote Next week, the FCC will likely change the rules on unbundled networks largely in ways relevant to the bell market.",LABEL_2,True,0.90973961353302,38
934,"Bug bites continue to plague the Net roundup Free-roaming source code breeds new Netsky pest. Also: From IE to Opera, browsers are a likely prey.\",LABEL_3,"the bugs continues and attack on a popular source- style- driven"" native internet environment. ...: in contrast in windows, they become the common target.\",LABEL_3,False,0.8159330487251282,53
935,"UN, ending mission, says some human rights improvement Sudan's Darfur region (Canadian Press) Canadian Press - AL-FASHER, Sudan (AP) - Security has improved inside camps in Sudan's violence-torn Darfur region, but displaced villagers still face attacks and abuse when leave the camps, a United Nations team said Saturday, wrapping up a mission that could determine whether Sudan is hit with international sanctions.",LABEL_0,"also, the agency, sending the humans to occupy africa' ##s southern regions( us ##n)- dar- as- mar, un( un)- mission is been in effect within sudanese' former border- closed eastern districts, and most villages now report torture or atrocities. leaving a village, this six nation agreement mentioned previously, sets down the process what might clarify that sudanese keep taking on humanitarian crises.",LABEL_0,False,0.8225406408309937,129
936,"FireFox Roars from the Gates Tuesday, November 9, 2004 will likely go down in the history books as the day the browser wars officially started. Obviously things happened before today to get us to the point where there was a real, legitimate ",LABEL_3,"that fall behind a window thursday, nov 9, 2004 will undoubtedly go down in the historical annals as the day the great wars officially started. Obviously things happened before today to get us to this stage when it seems a nightmare,;",LABEL_1,True,0.5461100339889526,61
937,"Campaigning Begins for Afghan Election (AP) AP - Afghanistan's historic election campaign got under way Tuesday, pitting 17 hopefuls against interim leader Hamid Karzai in the race to become the impoverished country's first popularly elected president.",LABEL_0,"campaign campaign of presidency-( afghanistan) 2017- afghan' political first electoral race started that august early, placing 18 candidates except alliance incumbent ahmed hamid with a process and elect via election afghanistan' c most newly inaugurated politician.",LABEL_0,False,0.9149876236915588,75
938,"CERN to Probe Life, the Universe and Everything (Reuters) Reuters - It has revolutionized physics, made",LABEL_3,"trying the discover physics, the astronomy and science( news) channel- It has revolutionized science, ...",LABEL_0,True,0.6071303486824036,34
939,"Riyadh says killing of Frenchman was ""terrorist attack"" (AFP) AFP - A French national shot dead in the Saudi Red Sea city of Jeddah overnight was the target of a  quot;terrorist attack quot; according to initial investigations, an interior ministry spokesman told AFP.",LABEL_0,"police said kill at french:"" terrorists shooting""( ...) attack- the foreign man presumed shot on some north arab city district from damascus, is no cause from this death; terror attacks were; leading the preliminary analysis, the islamic league operative from mt.",LABEL_0,False,0.7949305772781372,87
940,"Austrian Panel OKs Siemens Takeover Bid Austrian regulators have approved Siemens AG #39;s bid to takeover engineering competitor VA Technologie AG, Austrian radio said Friday.",LABEL_2,"european union/ german- owned securities authority already accepted the company# 3; ownership rights of their austrian branch# ##so AG, siemens himself announced afterwards.",LABEL_2,False,0.765668511390686,67
941,"Scientists Discover Ganymede has a Lumpy Interior Jet Propulsion Lab -- Scientists have discovered irregular lumps beneath the icy surface of Jupiter's largest moon, Ganymede. These irregular masses may be rock formations, supported by Ganymede's icy shell for billions of years...",LABEL_3,"scientist that it is this unique appearance science technology and-- nasa, detected unusual shapes around another large mass near today' t giant crater, jupiter. those small particles shall contain irregular masses, formed of Ganymede' n solid interior across tens to decades...",LABEL_3,False,0.829253077507019,99
942,"Zingo keeps Manganese Bronze in red (FT.com) FT.com - Losses from its Zingo mobile phone cab-ordering service kept Manganese Bronze Holdings, maker of London taxis, in the red last year.",LABEL_3,"- with its presence over europe( web. au) f. a- revenues with our new cellular telephone service- taxi has bought Manganese zinc ##o, south with other metals, with a stable this period.",LABEL_3,False,0.723328709602356,79
943,"Hurricane Watch Issued for Gaston Off S.C. COLUMBIA, S.C. - A hurricane watch was issued for the South Carolina coast Saturday as forecasters predicted Tropical Storm Gaston would make landfall near Charleston on Sunday night...",LABEL_0,"hurricanes watches applied on conditions over c. p.-, c. s.- all tropical watches were assigned about this southern ocean. so that is likely major hurricane activity might form way off carolina during friday""...",LABEL_0,False,0.7961602807044983,73
944,"Sony Announces PlayStation Por Sony Corp. announced a price more fitting of a video-game machine than a slick movie-playing gadget for its new PlayStation Portable - 19,800 yen (\$186).",LABEL_3,"as in the playstation ##us ##p. offers the design- typical among another computer- portable system of all console screen- sized- by their website sony a- 20, 650 usd(\$ 10).",LABEL_3,False,0.839838981628418,63
945,"Colts' Tough Schedule Continues With Tenn. (AP) AP - Talk about testing a defense: The Indianapolis Colts opened the season against Tom Brady, face Steve McNair this week and then Brett Favre. They're lucky Peyton Manning plays for their side.",LABEL_1,"opponents' playoff position remains at seventh.( 9) sports- story of finding the solution: a indiana defense opens this year with peyton manning, with michael McNair all running& kicking jim manning. we' are hoping manning always stars with our teams.",LABEL_1,False,0.77411288022995,95
946,"Lakshmi Mittal is Britain #39;s richest man London: NRI business tycoon Lakshmi N Mittal, who is set to control the world #39;s largest steelmaker, has emerged as the richest man in Britain.",LABEL_2,"n who become british# 29; top wealthiest billionaire::: industrial billionaire major forbes who, which has alleged he own a london# 36; world biggest company, is emerging among a wealthiest person since london.",LABEL_2,False,0.7720769643783569,69
947,"Steep rise in Haiti storm deaths The number of deaths from floods in Haiti caused by tropical storm Jeanne has risen sharply to 1,970, with 884 still missing, officials say.",LABEL_0,"storm floods from haitian haiti) a series in casualties with deaths across areas unaffected in violent hurricane floods also rose dramatically- 3, 000, as 700 also died, estimates unclear.",LABEL_0,False,0.8346824049949646,63
948,"Phony bids put insurance firm in real trouble When Greenville County in South Carolina borrowed \$800 million two years ago to expand its public schools, insurance broker Marsh  amp; McLennan Cos.",LABEL_2,"public service found the company at serious difficulties; lexington township on southeast Carolina bid\$ 12 billion five nights later for finance their private firm, insurance:: llc;& sec.",LABEL_2,False,0.7069340944290161,91
949,"Son Is Gone but Fervor Remains After Fallujah After his son's life was ended by an American bullet, an Iraqi insurgent undertook a harrowing escape to a lonely exile in Baghdad, where he waits to fight another day.",LABEL_0,"he falls dead and son continues from iraq since their journey' em journey became stopped during the ira blast, the armed son made some swift exit from any new prison of iraq, which it remains until face this fate.",LABEL_0,False,0.8068100214004517,79
950,"St. Louis Cardinals News Right-hander Matt Morris threw seven solid innings, but the Cardinals needed a bases-loaded walk to second baseman Tony Womack and a grand slam from new right fielder Larry Walker to key a six-run eighth inning for a ...",LABEL_1,"saint. jose sports cardinals back- hand doug williams hurled 7 straight runs, and this team required another base- sacrifice tag off 2nd outfielder alex martinez plus the petit walk against cardinals left man matt carpenter and get the 6- hit ninth innings against the...",LABEL_1,False,0.7782694101333618,89
951,"Warriors lock up young veterans Staring at the possibility of watching two of his young standouts stage a walkout on opening night, Chris Mullin made one of the most important decisions in recent Golden State Warriors history Monday.",LABEL_1,"they set some fellow warriors veterans against a challenge against only one by their other veterans to any decision about draft matters, and Mullin was two among these key pivotal moves on this new warriors' first year.",LABEL_1,False,0.8405377864837646,91
952,"Guo tucks away gold for China China #39;s Guo Jingjing easily won the women #39;s 3-meter springboard last night, and Wu Minxia made it a 1-2 finish for the world #39;s diving superpower, taking the silver.",LABEL_1,"china put up effort with a chinese# 49; and zhang yong ##hua with some chinese# 1; and 10- metre jump next day, but guo jing finished as the 3rd- best loss against no other# 40; finally china lost, but regained gold.",LABEL_1,False,0.8233989477157593,83
953,"Packers lose Flanagan for the season Green Bay Packers Pro Bowl center Mike Flanagan will undergo surgery on his left knee and miss the rest of the season. Coach Mike Sherman made the announcement after practice Friday, meaning for the second ",LABEL_1,"to return again into a 2016 ca- conference playoff football season, walsh may seek operation over him right leg but missed a last knee all seasons.^ brian mccarthy left football headlines on sports tonight, appearing as this week",LABEL_1,False,0.7300213575363159,83
954,Trump #39;s casinos file for bankruptcy Donald Trump #39;s flagship casino business yesterday filed for bankruptcy as part of a financial restructuring aimed at easing \$1.8bn (1m) debt.,LABEL_2,america# 34; m. bankruptcy of bankrupt trump enterprises# 44; in the trump enterprises has file into bankrupt after violation for another bankruptcy strategy targeted on trump\$ 2. 6( 2015) debts.,LABEL_2,False,0.8036326169967651,63
955,"Pedro, GM welcome challenge that awaits The Boston Red Sox could offer Pedro Martinez the still-dizzying celebration of a city that he helped to a historic World Series championship.",LABEL_1,"meanwhile, this new boston when faced a chicago sun and might earn carlos ramirez an world- series experience of a man like he guided to those first international team victory.",LABEL_1,False,0.7009400129318237,82
956,"Subaru World Rally Team - Rally GB, Leg 1 Report Petter Solberg demonstrated his winning potential aboard his Subaru Impreza WRC2004 today to take three stage wins and end Leg one in second position overall.",LABEL_1,"the international team road- racing event, stage 3 saw bjorn ##enberg prove this racing ability as he Subaru rally wins today the record seven rally victories but tied with him at seventh spot spot.",LABEL_1,False,0.7362312078475952,97
957,IBM to report on computer security threats IBM on Monday plans to begin releasing a monthly report of threats to computer networks in an effort to establish an indicator similar to the US government #39;s Homeland Security Advisory System.,LABEL_3,as started reporting from it as- in for now intends now commence reporting this new series with reports about computer security as a endeavor will generate a alert available from all platforms ##ss# 1; b: threats assessment tool.,LABEL_3,False,0.7542153000831604,95
958,"Sales, Sun surge ahead The Connecticut Sun had an off game last Saturday, when they dropped the opener of their WNBA Eastern Conference semifinal series against the Washington Mystics.",LABEL_1,"note, record- sun conference champion Sun plays this up- home weekend, which it slammed off top off its series east series recent season into a connecticut revolution.",LABEL_1,False,0.7682523727416992,73
959,Court considers textbook stickers downplaying evolution A Georgia school board is in court this week over  quot;disclaimer quot; stickers it placed on biology textbooks stating that the theory of evolution has not been proven as fact.,LABEL_3,school board issued notices regarding case this state schools office has been dispute the court in question; and specifically; because its sits of published materials proving if the biology as humans is only properly taught on textbooks.,LABEL_3,False,0.7117823362350464,75
960,UPDATE 2-Spaniards Garcia and Lara share Volvo Masters lead Sergio Garcia showed the consistency that has lifted his game this year with a four-under-par 67 in difficult conditions to share the Volvo Masters lead with Spanish compatriot Jose Manuel Lara.,LABEL_1,may 20- team spain& sweden shared their major games; sanchez shows this way and is done their job these three in an 7- in- 9 score for normal. they lift both masters championship titles of american grandmaster john fabian palmer.,LABEL_1,False,0.7189686894416809,87
961,"Update 4: Tokyo Stocks Shed 1 Percent, Dollar Up Tokyo stocks shed more than 1 percent Friday, extending declines to a sixth straight session driven by Wall Street #39;s weakness and worries that higher oil prices may crimp corporate profits.",LABEL_2,"chapter 14: us stock under 100%, top 10 some stock shed greater over 30% dropped, but declines after the seventh week slump set for chairman ##board# 0; strong inflation or speculation around global commodity price might limit the returns.",LABEL_2,False,0.7157922983169556,111
962,"iPod year #39;s hot gift One of the hottest holiday gifts this year is the Apple iPod, the digital-age equivalent of the Sony Walkman. The iPod, which stores music files downloaded from a computer ",LABEL_3,"in store# 9; fig.- 1 for this popular ipod, another item: an ipod reader, an ipod- age counterpart for an apple playstation. another host, who collects song music downloads with some defaulted",LABEL_3,False,0.7276083827018738,87
963,Fed Raises Interest Rate to 2.25 Percent (Reuters) Reuters - The Federal Reserve raised U.S.\interest rates on Tuesday by a quarter-percentage point for the\fifth time this year and said it will keep gradually lifting\them from rock-bottom levels to forestall inflation.,LABEL_2,"since raise its rates- 1. 1%( 2006) 2017- 2018 financial institutions raise f. e.\ dollar rate from inflation through another four- quarter percent after a\ 5th round the bank, says they may attract them more\ companies off cutting- edge positions and fight corruption.",LABEL_2,False,0.7749778628349304,93
964,"Stand Aside, Rudolph: The Mouse Will Lead A list of some of the best holiday gifts, based on taste, appearance or utility, available on the Web.",LABEL_3,"joking around, please: this host Will Lead A list of some of the best christmas items, depending on category, color or taste, found on any internet.",LABEL_2,True,0.7670478820800781,41
965,"Nextel and Sprint in talks on possible merger Nextel and Sprint are in talks that could lead to a merger between the two mobile phone operators, sources close to the discussions said on Thursday.",LABEL_2,"sprint might be seeing progress in potential that they and apple are in talks that could lead to a merger between the two mobile phone operators, sources close to either latter announced on friday.",LABEL_3,True,0.7236871719360352,49
966,Hundreds laid off at Fleet offices Bank of America Corp. yesterday laid off hundreds of workers at Fleet bank branches across the Northeast as the North Carolina bank began to implement its brand of ...,LABEL_2,were laying away near their headquarters banks like the atlantic.. lay down thousands for employees on large shipping terminals from every area though some coastal national banks continued on improve their business operations...,LABEL_2,False,0.8022869825363159,69
967,"Oracle v. Peoplesoft: the joke is on... Opinion I thought it was a joke when Oracle first announced that it was going to try to buy PeopleSoft; or, at best, a spoiling tactic over PeopleSoft #39;s acquisition of JD Edwards.",LABEL_2,"thomas v. robinson: the joke is on... Opinion I thought it was a joke when Oracle first announced that it was going to try to buy PeopleSoft; or, at best, a spoiling tactic over software# 39; s ##nor of JD Edwards.",LABEL_3,True,0.9453858733177185,46
968,Tracking Service Aims to Ease Product Returns (Ziff Davis) Ziff Davis - A Texas company tries to take a little bit of the sting out of the biggest online retail nightmare: returns.,LABEL_3,its technology claims can boost customer service( grocery stores) Ziff Davis- the successful firm attempting into salvage some last drop in classified information outside with another popular internet site see:#.,LABEL_3,False,0.7689037919044495,90
969,"New MSN Search May Be a Google Killer! New MSN Search May Be a Google Killer!\\The Second Look at MSN's Search technology is available for public beta testing. I've given it a spin myself and must say that I'm impressed. Although they have no ads on the SERP's of the preview site, I'm sure they will load it ...",LABEL_3,"current internet searching might become some word attack! for google google ... and the web battle!\\ every final search for microsoft' new newest site arrives ready with the latest test. they' have run myself some month off but would understand if me' s satisfied. that we get some feedback about any beta' and like these search results, they' ll hopeful it must have worked...",LABEL_3,False,0.7964246273040771,129
970,"Novak Captures First Indoor Title BASEL, Switzerland Oct 31, 2004 - Jiri Novak of the Czech Republic won the Swiss Indoors for his first indoor title, defeating David Nalbandian in five sets Sunday in a final in which the Argentine smashed two rackets.",LABEL_1,"- european senior indoors/ lausanne, swiss january 10, 2005- mark nestor with a czechoslovakia a wins a polish indoor with them 1st consecutive titles, against raymond vinci over seven frames late before the test match where both opponent broke four ribs.",LABEL_1,False,0.8177456855773926,85
971,"Schwarzenegger Vows to Defend Emissions Law Toyota, General Motors and seven other automakers filed suit to block California's new greenhouse gas regulation, which was approved by the state in September.",LABEL_2,"california plans on fight that policy however, toyota cars and nine national brands filing suit to enforce america' s new climate gas regulation, which was approved by a governor in april.",LABEL_3,True,0.7695964574813843,51
972,"Major teams bounce back in World Cup soccer qualifiers LONDON: After a mixed bag of results in the weekend #39;s soccer qualifiers, Europe #39;s major countries asserted their authority this morning with France, England and Italy all winning away.",LABEL_1,"many games bounced around from europe/ football- qualifying: amid another big night in chaos for europe region# 36; england, italy, uk# 36; italy all teams assert its supremacy every time while germany, france& england both backing out.",LABEL_1,False,0.8284387588500977,83
973,"Stanford ties Arizona in poll Media splits on who #39;s favorite in &lt;b&gt;...&lt;/b&gt; The two teams that shared the Pac-10 women #39;s basketball title last season -- Stanford and Arizona -- are primed to share it again, according to the annual poll released at Pac-10 media day Tuesday at HP Pavilion in San Jose.",LABEL_1,"this feed- out polls only centers off the# 37; a and a& r; s& s;...& d;/ p& h; those 2 institutions which swept a 10- 7 and# 40; and team together most seasons-- arizona& stanford-- seem looking into top teams together, thanks from an opinion polling conducted during 09- 30 community meeting weekend by stanford stadium at po fernando.",LABEL_1,False,0.8601032495498657,123
974,"World's oldest man dies aged 113 The world's oldest man, who gave up  driving at 108 because ""slow drivers annoyed him"", dies at 113.",LABEL_1,"World' s oldest man dies aged 113 The world' s oldest man, who gave up driving at 108 because"" slow driving annoyed him"", dies at 113.",LABEL_0,True,0.9903886318206787,28
975,"2004 Signals More Global Warming, Extreme Weather: UN (Reuters) Reuters - Global warming is set to continue, and\bring with it an increase in extreme weather such as hurricanes\and droughts, scientists from the United Nations' World\Meteorological Organization warned on Wednesday.",LABEL_3,"and much speculation about weather, especially global: 2007( 2005) ...- extreme weather are meant for change, but\ bringing after us some end on global warming? like cyclones\ or hurricanes, data with some member states' international\ warming group says that it.",LABEL_3,False,0.8358196020126343,83
976,"Update 1: Thai Airways Orders 6 Airbus Superjumbos Thai Airways has agreed to buy six Airbus A380s, becoming the 13th airline to order the new  quot;superjumbo, quot; the European aircraft maker said Friday.",LABEL_2,"round one: the airline ordering nine boeing carriers. air pacific announced will sell 12 boeing planes, making another six airlines will adopt any larger model; or, more; a local news report reported so.",LABEL_2,False,0.7206084132194519,69
977,"China Says Taiwan Spy Also Operated in U.S. - Media  BEIJING (Reuters) - Beijing on Monday accused a  Chinese-American arrested for spying for Taiwan of building an  espionage network in the United States, and said he could go on  trial very soon.",LABEL_0,"it: china intelligence group- the o. u.- taiwan news( s)-- many occasions had this china- resident accused as spy by reasons for running a spying business at a mainland us, but confirmed they would get into it quite willingly.",LABEL_0,False,0.8730444312095642,85
978,Sudanese rebels squabble with government over ceasefire violations (AFP) AFP - Sudanese rebels walked away from African Union peace talks to hold a 24-hour boycott in protest at alleged government attacks on civilians in the war-torn western province of Darfur.,LABEL_0,sudan international clash of rebels against military reform( [UNK]) 2015- some sudanese stayed out of arab state of sudan they have the 1- min protest by protesting that future rebel acts of violence against this worst- damaged former government among sudanese.,LABEL_0,False,0.7447977066040039,83
979,"Germany, Brazil draw Germany and Brazil fought out a 1-1 friendly international draw in their first meeting since the 2002 World Cup final. The visitors opened the scoring on nine minutes thanks to a Ronaldinho free kick, but ",LABEL_1,"again, teams both faced by germany played up an 0- 3 draw to finish after they only met after an 2006 german international replay. with germany open both scored before 90 seconds through for the crucial winner kicks, and",LABEL_1,False,0.8187929391860962,79
980,Gujarat riot murder retrial opens The retrial of 16 Hindus charged with the murder of 12 Muslims in the Gujarat riots of 2002 opens in Mumbai.,LABEL_0,the violence and murder saw a court in 12 individuals connect into a murders by 16 individuals as a janata riots in 2001 held throughout gujarat.,LABEL_0,False,0.7266669273376465,66
981,"Training is the Key to Defibrillator Success By DANIEL YEE     ALPHARETTA, Ga. (AP) -- Because defibrillators are more affordable than ever, they are quickly becoming commonplace in schools, businesses and other public places such as airports...",LABEL_3,"there exists an approach, achieving more from the new ga, a.( 2006)-- since defibrillators get higher sophisticated by technology, them keep increasingly being deployed through classrooms, colleges or in commercial areas or in hospitals...",LABEL_3,False,0.8142293691635132,72
982,Israel Kills Two Hamas Militants After Renewed Threat Israeli air strikes killed two Hamas militants in Gaza on Thursday just after the Islamic group renewed its threats to continue rocket attacks against Israelis despite a massive army offensive aimed at stopping them.,LABEL_0,israeli killed 2 israel killed in military strikes hamas militants has attacked three militant groups of hamas during friday and during a hamas ceasefire despite they pledge they halt their strikes with hamas with another palestinian state intervention aim by preventing it.,LABEL_0,False,0.9186137318611145,85
983,European Abortion Debate Turns Divisive (AP) AP - European Parliament legislators on Thursday turned a fight over abortion rights in Portugal into an emotional and divisive debate on women's rights and the division between church and state.,LABEL_0,"- this discussion is about( the)-- eu european parliament that tuesday turning this disagreement against reproductive liberties throughout europe on a aggressive& violent fight over woman' own right, a divide on religion or politics.",LABEL_0,False,0.7957834601402283,75
984,"Scandal won #39;t go away ATHENS -- It was telling yesterday that the majority of the dozens of journalists who asked questions and attended a news conference into a Greek doping scandal were mostly Canadian. Question after question came from Canadians. We were all there, I think, ...",LABEL_1,"- article# 4; t! back'-- we was reported out that the rest of the number of reporters who took off and left a news segment into a famous international scandal were mostly Canadian. Question after question came from Canadians. We became extremely surprised, I know,...",LABEL_0,True,0.6771807074546814,71
985,"Report: Explosion Kills 2 Near Chechyna (AP) AP - An explosion rocked a police building in the restive Dagestan region adjacent to Chechnya on Friday, and initial reports indicated two people were killed, the Interfax news agency said.",LABEL_0,"may: bomb# 10 from the( a) list- the bomb exploded the large area near a central mountainous district connected from moscow with fire, two news agencies announced three persons are murdered, a state police department confirmed.",LABEL_0,False,0.7377396821975708,75
986,"Karzai's Big Poll Lead Shows Afghan Ethnic Divide (Reuters) Reuters - Hamid Karzai was cruising to victory in\Afghanistan's first direct presidential elections, but by\Wednesday the returns so far have underscored the ethnic fault\lines that have often divided the country.",LABEL_0,"world' the leading news post- article cultural index( 2014)""- ahmad ##i have voted for succeed with\ kabul'» only ever election», and with\ now all elections most recent has created some huge divide\ divides which almost effectively split throughout afghanistan.",LABEL_0,False,0.7997031211853027,87
987,Israeli Forces Thrust Into Northern Gaza (Reuters) Reuters - Israeli forces thrust into the outskirts\of the Jabalya refugee camp in the northern Gaza Strip on\Thursday in what the military said was an effort to stop\Palestinians firing rockets into Israel.,LABEL_0,"israel army forces at north israel( gaza) israeli- palestinian troops pushed out an vicinity\ from a jerusalem military district into a northwestern palestinian territory,\, during which some rebels reported taking some attempts towards escape\ from fired missiles toward it.",LABEL_0,False,0.8503062725067139,83
988,"Threat of Extinction Looms Over Larger Species Being the biggest dog may pay off at feeding time, but species that grow too large may be more vulnerable to extinction, new research suggests. Over 50 million years a succession of large carnivores evolved in North America, diversified, and then died out.",LABEL_3,"threats for destruction and> 1000% extinction a large species might kill predators of any stage, and animals which survive up big can grow less susceptible for them, most literature argues. around~ 500 year the variety for larger animals occurred around northeast usa, expanded, but finally split widely.",LABEL_3,False,0.8268407583236694,101
989,"New home ice looks slick If playing for one of college hockey's most storied programs wasn't enticing enough for potential recruits, Boston University's new \$97 million Harry Agganis Arena should do the trick.",LABEL_1,"the college stadium seemed so since play with two in ice history', four promising teams aren' not open just against new hockey, the college' m$\$ 5 000 james knight rink might be some job.",LABEL_1,False,0.8386728763580322,73
990,Plutonium: rising terror threat The radioactive element could be used to make weapons just as dangerous as enriched uranium bombs.,LABEL_3,Plutonium: rising terror threat The nuclear element could be used to make weapons just as dangerous as enriched uranium bombs.,LABEL_0,True,0.9779072999954224,22
991,Stocks Dip on Consumer Income Report News (AP) AP - An unsettling report on consumer incomes set off a spate of profit-taking on Wall Street Monday as investors worried that a tepid economy would erode companies' third-quarter earnings. Another drop in oil prices failed to shake the gloom from the market.,LABEL_2,- commentary for stock- finance:( 2)?- another updated position about market trends sparks up this boom on price- jumping off main streets Monday afternoon i assumed if some tepid economy might ruin consumers' two- week incomes. this decrease of stock stocks seemed toward ease some fall among company stocks.,LABEL_2,False,0.7434197068214417,147
992,Swedes beam poetry into outer space (Reuters) Reuters - Swedish poets have broadcast their work into outer space by radio to give alien life forms -- if they exist -- a taste\of earthling literature.,LABEL_3,-( from in- the( east):- most poems have transmitted our work into open spaces by radio to give alien life forms-- if they exist-- a staple\ of swedish poetry.,LABEL_0,True,0.8381940722465515,50
993,"Cricket telecast: Prasar Bharati to move SC as aggrieved party #39; THE legal battle surrounding the awarding of telecast rights to Sony Entertainment Television for the forthcoming Australia tour of India is getting complicated with the Prasar Bharati CEO, Mr KS Sarma, saying that the national broadcaster would approach ",LABEL_1,"the situation: getting it right see them with interested parties# 39; THE current circumstances. the securing of broadcast deal to Sony television entertainment for the upcoming theatrical tour of India is getting complicated with the Prasar Bharati CEO, Mr KS sharma, stating if this indian media could""",LABEL_2,True,0.8360409140586853,78
994,"Bipartisan Panel Seeks Greenhouse Gas Limits A bipartisan commission that includes energy industry executives, environmentalists and academics will issue a report Wednesday that calls on the nation to adopt mandatory limits on greenhouse gas emissions linked to global warming, set stricter fuel economy standards and promote nuclear power, renewable energy and oil exploration.",LABEL_3,"each who issues its recommendations via joint congressional panel panel including fuel economy practitioners, legislators or regulators can present the statement online which votes that this proposal will create statutory limitations about climate energy concentrations leading up greenhouse emission, include additional greenhouse energy limits or fund motive energy, nuclear fission or gas wells.",LABEL_3,False,0.8643063902854919,107
995,"Dell Comes Up With Novell Idea To Sell Servers Novell has given its recently acquired Linux distro, SuSE, a push, by signing an agreement with Dell to offer SuSE Linux Enterprise Server (SLES) 9 on select PowerEdge servers worldwide.",LABEL_3,"which came just around the way, selling to dell then launched their freshly developed technology suite, now, no ##you, before negotiating a offer in 2015 of run linux remote operating systems( sas) and of existing distributed devices nationwide.",LABEL_3,False,0.704338550567627,79
996,"Vivendi, Messier Are Fined \$1.35M Each French regulators fined Vivendi Universal SA and its former boss Jean-Marie Messier nearly \$1.4 million each on Tuesday for deceiving investors with a litany of inaccurate financial communications issued over a two-year period.",LABEL_2,"later, both imposed fines\$ 10. 6 the european regulator of france& v& a corporate director francois- luc france ##ville\$ 10. 16 billion fine for him on exposing companies via the string for confidential investment accounts conducted along this one- step course.",LABEL_2,False,0.7346614599227905,87
997,Vieira slams Spain #39;s stance on racism Patrick Vieira has fiercely criticised Spain #39;s record in combating racism in football and paid tribute to England #39;s record in acting against it.,LABEL_1,"- of europe# 38; s opinion against spain, he has openly criticized portugal# 39; s performance in fighting discrimination in israel and paid tribute to England# 39; s performance in arguing over it.",LABEL_0,True,0.740922749042511,54
998,"Parliament passes no-confidence bid NAIROBI, Kenya -- Somalia's parliament passed a motion of no-confidence against the new prime minister and his Cabinet yesterday, an official said, effectively sacking a government that had been expected to restore order to the country after 13 years of anarchy and war. The deputy speaker of the 275-member transitional parliament, Dalhar Omar, said 153 members voted against Prime Minister ...",LABEL_0,"-: nairobi- 1 parliament kenya, nairobi-- somali' nt legislature received an round with an- opinion by a retired justice premier& other ministers-, the independent government, against leaving the vacuum which will not required it deliver peace on this republic amid five weeks without tension or tension. a previous leader with an 89- vote national sabha, ismail sharif, demanded the mps vote in becoming parliament...",LABEL_0,False,0.8256391286849976,135
999,Yahoo! Tunes In to Musicmatch Close watchers of the online music business no doubt noted yesterday #39;s announcement of Yahoo! #39;s (Nasdaq: YHOO) purchase of Musicmatch with interest.,LABEL_3,so!- started helping make more awareness around this electronic musical market so-- the# 37; the part of sure!# 39; the( us: 2013) listing new songs for music.,LABEL_3,False,0.700312614440918,78
