idx,original_text,original_label,perturbed_text,perturbed_label,success,semantic_similarity,queries
0,"unpretentious , charming , quirky , original",LABEL_1,"charming, witty, interesting, variety",LABEL_1,False,0.790014922618866,9
1,"a film really has to be exceptional to justify a three hour running time , and this isn't .",LABEL_0,"some movie just needs only being perfect. achieve the two hours run times, or some aren' not.",LABEL_0,False,0.8246655464172363,37
2,working from a surprisingly sensitive script co-written by gianni romoli . . . ozpetek avoids most of the pitfalls you'd expect in such a potentially sudsy set-up .,LABEL_1,working from a surprisingly sensitive script co- written by gianni romoli... ozpetek provides most of the pitfalls you' d expect in such a potentially sudsy set- up.,LABEL_0,True,0.9906626343727112,29
3,"it may not be particularly innovative , but the film's crisp , unaffected style and air of gentle longing make it unexpectedly rewarding .",LABEL_1,"they can only say entirely successful, and this movie' ... elegant, elegant atmosphere but sense for intense passion makes its particularly compelling.",LABEL_1,False,0.7649902105331421,45
4,"such a premise is ripe for all manner of lunacy , but kaufman and gondry rarely seem sure of where it should go .",LABEL_0,"perhaps the plot are perfect above any thoughts for life, and kaufman or kaufman never is certain about which they would like.",LABEL_0,False,0.730304479598999,59
5,the lead actors share no chemistry or engaging charisma . we don't even like their characters .,LABEL_0,a main cast have no acting& artistic potential. it doesn' by really trust our actors.,LABEL_0,False,0.7216265201568604,35
6,"we started to wonder if  some unpaid intern had just typed 'chris rock , ' 'anthony hopkins' and 'terrorists' into some univac-like script machine .",LABEL_0,"they began having wondered that a new guy have recently inserted' this rock,'' johns,' or' terrorists' onto any machine- controlled writing script.",LABEL_0,False,0.7280957698822021,75
7,"the metaphors are provocative , but too often , the viewer is left puzzled by the mechanics of the delivery .",LABEL_0,"some words feel understood, and pretty much, the audience is becoming fascinated by the meaning behind a delivery.",LABEL_1,True,0.7420874238014221,47
8,marinated in clichés and mawkish dialogue .,LABEL_0,marinated in funny and mawkish dialogue.,LABEL_1,True,0.8862594962120056,8
9,an uneasy mix of run-of-the-mill raunchy humor and seemingly sincere personal reflection .,LABEL_1,a odd touch on side- of- the- road. humor or almost casual mental observation.,LABEL_0,True,0.6468233466148376,45
10,"it has the right approach and the right opening premise , but it lacks the zest and it goes for a plot twist instead of trusting the material .",LABEL_0,"they have a best ideas or a correct end plot, and it lack any style but it tries at a good twists kind without telling a plot.",LABEL_1,True,0.746307909488678,52
11,"the film . . . presents classic moral-condundrum drama : what would you have done to survive ? the problem with the film is whether these ambitions , laudable in themselves , justify a theatrical simulation of the death camp of auschwitz ii-birkenau .",LABEL_0,"this holocaust... the modern re- created version: what might you had given for them? an issue for this film was if the conditions, reality within itself, constitute some historical context with all execution attempts for hitler nazi- germany.",LABEL_0,False,0.7127131223678589,98
12,"as it stands , crocodile hunter has the hurried , badly cobbled look of the 1959 godzilla , which combined scenes of a japanese monster flick with canned shots of raymond burr commenting on the monster's path of destruction .",LABEL_0,"like his shows, monster hunters had this familiar, darkly cobbled look of the 1959 godzilla, which combined scenes of a japanese monster flick with canned shots of raymond burr commenting on a villain' s moments of defeat.",LABEL_1,True,0.8776624798774719,51
13,there is more than one joke about putting the toilet seat down . and that should tell you everything you need to know about all the queen's men .,LABEL_1,there is more than one joke about putting the toilet seat down. but that should give me things we need to know about all the queen' s men.,LABEL_0,True,0.9884183406829834,34
14,"fails in making this character understandable , in getting under her skin , in exploring motivation . . . well before the end , the film grows as dull as its characters , about whose fate it is hard to care .",LABEL_0,"yet while giving character as consideration, of playing into her feelings, in seeking,... and through the end, the movie becomes as clear as its protagonist, that what happens next being difficult we handle.",LABEL_1,True,0.7763857841491699,61
15,the wild thornberrys movie is pleasant enough and the message of our close ties with animals can certainly not be emphasized enough .,LABEL_0,the wild thornberrys movie is pleasant enough and the message of our close ties with animals can certainly not be emphasized much.,LABEL_1,True,0.9967989325523376,24
16,a charming and funny story of clashing cultures and a clashing mother/daughter relationship .,LABEL_1,some smart or hilarious tale between overlapping personalities or the striking mothers/ daughters bond.,LABEL_1,False,0.7737274169921875,29
17,"it's like a "" big chill "" reunion of the baader-meinhof gang , only these guys are more harmless pranksters than political activists .",LABEL_0,"they' are actually this"" bigger picture"" parody with these karl- meinhof gang, so those thugs represent really innocent folks of serious ones.",LABEL_0,False,0.7333180904388428,72
18,"what ensues are much blood-splattering , mass drug-induced bowel evacuations , and none-too-funny commentary on the cultural distinctions between americans and brits .",LABEL_0,"there does also often gore- soaked, violent vomit- filled medical scenes, or far- off- subtle commentaries upon common culture differences of us& americans.",LABEL_0,False,0.7506837248802185,49
19,"director lee has a true cinematic knack , but it's also nice to see a movie with its heart so thoroughly , unabashedly on its sleeve .",LABEL_1,"david roberts brings some huge director up, and its'' really great having watch any film without your emotions draped deeply, completely around you shoulders.",LABEL_1,False,0.7264705896377563,51
20,the stunt work is top-notch ; the dialogue and drama often food-spittingly funny .,LABEL_1,all acting itself seems top- notch; the dialogue and drama often food- themed too.,LABEL_0,True,0.8090994954109192,21
21,goldmember is funny enough to justify the embarrassment of bringing a barf bag to the moviehouse .,LABEL_1,goldmember is kind of in justify the embarrassment of bringing a barf bag to the moviehouse.,LABEL_0,True,0.9563215970993042,35
22,an unsophisticated sci-fi drama that takes itself all too seriously .,LABEL_0,a elaborate high- fi drama who made it come apart lightly.,LABEL_1,True,0.7815533876419067,22
23,an original and highly cerebral examination of the psychopathic mind,LABEL_1,the extensive but profound mental state for an psychopathic',LABEL_1,False,0.842929482460022,22
24,"death to smoochy tells a moldy-oldie , not-nearly -as-nasty -as-it- thinks-it-is joke . over and over again .",LABEL_0,"next, this- the die- oldie, or- almost- that- nasty- because- you- thinks- it- does joke. on one off another.",LABEL_0,False,0.7070934772491455,99
25,"i prefer soderbergh's concentration on his two lovers over tarkovsky's mostly male , mostly patriarchal debating societies .",LABEL_0,"i prefer soderbergh' s concentration on his two lovers with tarkovsky' s mostly male, mostly patriarchal debating societies.",LABEL_1,True,0.9960737824440002,20
26,meticulously uncovers a trail of outrageous force and craven concealment .,LABEL_0,meticulously uncovers a trail of outrageous force and craven daring.,LABEL_1,True,0.9246737957000732,12
27,"a rip-off twice removed , modeled after [seagal's] earlier copycat under siege , sometimes referred to as die hard on a boat .",LABEL_0,"a knock- out and continuation, modelled off[ disney' s] classic love under siege, sometimes referred to as die, on a beach.",LABEL_1,True,0.539247989654541,47
28,one of those joyous films that leaps over national boundaries and celebrates universal human nature .,LABEL_1,1 among the many art where leaps across national frontiers but celebrates universal world harmony.,LABEL_1,False,0.7156644463539124,83
29,"if you're looking for an intelligent movie in which you can release your pent up anger , enough is just the ticket you need .",LABEL_1,"if your' re searching out an intelligent movie in which you can release your pent up anger, enough is just some thing it needed.",LABEL_0,True,0.9049854874610901,32
30,"what might have been readily dismissed as the tiresome rant of an aging filmmaker still thumbing his nose at convention takes a surprising , subtle turn at the midway point .",LABEL_1,"which could had become easily perceived by the continuing rant of an older one- where his nose at best played a dramatic, deliberate turning for a halfway moment.",LABEL_0,True,0.7517262697219849,51
31,one gets the impression the creators of don't ask don't tell laughed a hell of a lot at their own jokes . too bad none of it is funny .,LABEL_0,and has anybody thought some writers like won' t ask haven' t ask us a damn of a joke at its greatest level. but it all in itself for humorous.,LABEL_1,True,0.7971084117889404,61
32,"the dialogue is cumbersome , the simpering soundtrack and editing more so .",LABEL_0,"this movie seems simple, the perfect soundtrack and editing more so.",LABEL_1,True,0.680402398109436,17
33,"less cinematically powerful than quietly and deeply moving , which is powerful in itself .",LABEL_0,"more cinematically powerful than quietly and deeply moving, which is powerful in itself.",LABEL_1,True,0.9830551147460938,15
34,master of disguise runs for only 71 minutes and feels like three hours .,LABEL_0,masters from illusion run about exactly seven hours but feel around two days.,LABEL_0,False,0.8151943683624268,27
35,a moving and not infrequently breathtaking film .,LABEL_1,a beautiful and not quite breathtaking film.,LABEL_0,True,0.7920112013816833,10
36,"a so-so , made-for-tv something posing as a real movie .",LABEL_0,"some not- real, created- with- pictures movie just as some funny thing.",LABEL_0,False,0.710210919380188,31
37,"pratfalls aside , barbershop gets its greatest play from the timeless spectacle of people really talking to each other .",LABEL_1,"time again, barbershop receives it best performance as some surreal experience by always someone oblivious about something else.",LABEL_1,False,0.8352714776992798,45
38,"an engrossing story that combines psychological drama , sociological reflection , and high-octane thriller .",LABEL_1,"a ambitious work which combining narrative exploration, psychological thriller, plus wide- stakes fiction.",LABEL_1,False,0.7932491898536682,27
39,"in imax in short , it's just as wonderful on the big screen .",LABEL_1,"as movies by general, it' is nearly that great in those large screens.",LABEL_1,False,0.7553196549415588,28
40,steven soderbergh doesn't remake andrei tarkovsky's solaris so much as distill it .,LABEL_0,david foster does' not make it tarkovsky' or solaris. either they do him.,LABEL_0,False,0.7712950706481934,57
41,"a dreadful day in irish history is given passionate , if somewhat flawed , treatment .",LABEL_1,"some terrible time for irish culture suffered through brilliant, if often painful, circumstances.",LABEL_0,True,0.7846214771270752,40
42,fans of the modern day hong kong action film finally have the worthy successor to a better tomorrow and the killer which they have been patiently waiting for .,LABEL_1,viewers from a present era cheung kong hit drama now have all true leads to the great movie with another killer which them will since long seeking after.,LABEL_1,False,0.7212642431259155,104
43,"a big-budget/all-star movie as unblinkingly pure as the hours is a distinct rarity , and an event .",LABEL_1,"a big- money/ all- star movie as unblinkingly pure as the hours is a distinct rarity, and an exception.",LABEL_0,True,0.9337905645370483,22
44,"even fans of ismail merchant's work , i suspect , would have a hard time sitting through this one .",LABEL_0,"any fan about the merchant' a work, just imagine, must has some tough life wandering around the shop.",LABEL_0,False,0.724212646484375,64
45,an odd drama set in the world of lingerie models and bar dancers in the midwest that held my interest precisely because it didn't try to .,LABEL_1,a bar scene played in a world of lingerie models and bar dancers in the midwest which held my interest precisely because it didn' t intend to.,LABEL_0,True,0.8824881911277771,35
46,the rules of attraction gets us too drunk on the party favors to sober us up with the transparent attempts at moralizing .,LABEL_0,some act through persuasion makes it not keen as accepting bodily favors to sober you down by some social approach in heart.,LABEL_0,False,0.727532148361206,79
47,"'dragonfly' dwells on crossing-over mumbo jumbo , manipulative sentimentality , and sappy dialogue .",LABEL_0,"' dragonfly' dwells on crossing- over mumbo jumbo, manipulative sentimentality, and complex dialogue.",LABEL_1,True,0.9797853231430054,14
48,manages to accomplish what few sequels can -- it equals the original and in some ways even betters it .,LABEL_1,tries to achieve what few sequels can-- it equals the original and in some ways even replaces it.,LABEL_0,True,0.9504905343055725,22
49,"twohy knows how to inflate the mundane into the scarifying , and gets full mileage out of the rolling of a stray barrel or the unexpected blast of a phonograph record .",LABEL_0,"it knows how to inflate the mundane into the scarifying, and getting full mileage out of the rolling of a stray barrel or the unexpected blast of a phonograph record.",LABEL_1,True,0.7496970891952515,33
50,a film of delicate interpersonal dances . caine makes us watch as his character awakens to the notion that to be human is eventually to have to choose . it's a sight to behold .,LABEL_1,"a film about intricate action choreography. he sees them closely because their work reacts as a perception because being caught alive forces always in struggle of choose. you' n all beauty, know.",LABEL_1,False,0.7269572019577026,96
51,nothing but an episode of smackdown ! in period costume and with a bigger budget .,LABEL_0,everything but an episodes of smackdown! in period costume and with a big set.,LABEL_1,True,0.917532205581665,19
52,too slick and manufactured to claim street credibility .,LABEL_0,overly sophisticated or hard enough build street credibility.,LABEL_0,False,0.8120293021202087,37
53,""" what really happened ? "" is a question for philosophers , not filmmakers ; all the filmmakers need to do is engage an audience .",LABEL_0,""" something actually happen?"" not some discussion among people, of film; what those writers needed not. and involve the answer.",LABEL_0,False,0.8254215717315674,41
54,supposedly authentic account of a historical event that's far too tragic to merit such superficial treatment .,LABEL_0,some true accounts about these historic events which' were almost not personal or inspire without good judgment.,LABEL_0,False,0.7591745853424072,35
55,"you come away thinking not only that kate isn't very bright , but that she hasn't been worth caring about and that maybe she , janine and molly -- an all-woman dysfunctional family -- deserve one another .",LABEL_0,"you come away thinking not only that kate isn' t very bright, but that she hasn' s been worth caring about and that maybe she, janine and molly-- an all- woman dysfunctional family-- deserve one another.",LABEL_1,True,0.9994561672210693,38
56,connoisseurs of chinese film will be pleased to discover that tian's meticulous talent has not withered during his enforced hiatus .,LABEL_1,people across a world can imagine delighted will notice that tian'' remarkable ability hasn hardly faltered after its prolonged absence.,LABEL_1,False,0.7069480419158936,46
57,"cherry orchard is badly edited , often awkwardly directed and suffers from the addition of a wholly unnecessary pre-credit sequence designed to give some of the characters a 'back story . '",LABEL_0,"the story gets severely written, was incorrectly edited but benefited with this introduction by another highly criticized in- credits segment edited, render all around those stories an' back end.'",LABEL_0,False,0.7337275743484497,75
58,a rehash of every gangster movie from the past decade .,LABEL_1,the history with each gangster gangster through all last decades.,LABEL_1,False,0.8262091875076294,35
59,""" one look at a girl in tight pants and big tits and you turn stupid ? "" um . . isn't that the basis for the entire plot ?",LABEL_0,""" just looks upon every female of loose clothes& wide eyes but they know her?"" and.. is' not it a reason behind a whole scene?",LABEL_0,False,0.7333335280418396,51
60,"yes they can swim , the title is merely anne-sophie birot's off-handed way of saying girls find adolescence difficult to wade through .",LABEL_0,"if it can indeed, either, not only anne- sophie birot' re in- shore, during which they experience adolescence hard they sink into.",LABEL_0,False,0.7484642863273621,104
61,we get the comedy we settle for .,LABEL_1,you got the shit we settle for.,LABEL_0,True,0.5892537832260132,20
62,charly comes off as emotionally manipulative and sadly imitative of innumerable past love story derisions .,LABEL_0,love came apart by turning explicit and seemingly imitative of innumerable past love letter themes.,LABEL_1,True,0.6631304025650024,27
63,much smarter and more attentive than it first sets out to be .,LABEL_1,better intelligent& very smart as it originally set up its seem.,LABEL_1,False,0.7172486782073975,29
64,a movie of riveting power and sadness .,LABEL_1,an flash into raw power and sadness.,LABEL_1,False,0.7091518640518188,30
65,"franco is an excellent choice for the walled-off but combustible hustler , but he does not give the transcendent performance sonny needs to overcome gaps in character development and story logic .",LABEL_1,"franco is an adequate choice for the walled- off but combustible hustler, but he does not give the transcendent performance sonny needs to overcome gaps in character development and story logic.",LABEL_0,True,0.9942911863327026,33
66,"tully is worth a look for its true-to-life characters , its sensitive acting , its unadorned view of rural life and the subtle direction of first-timer hilary birmingham .",LABEL_1,"it has quite some look into her true- life- real character, it fine setting, their unadorned representation on rural areas or any sharp ##ness with full- blooded west birmingham.",LABEL_1,False,0.7180737257003784,127
67,"the high-concept scenario soon proves preposterous , the acting is robotically italicized , and truth-in-advertising hounds take note : there's very little hustling on view .",LABEL_0,"with wide- definition content to become apparent, some film features quickly italicized, but truth- of- advertising agents: scott: he' sh probably no money behind it.",LABEL_0,False,0.7275716066360474,87
68,the movie is a little tired ; maybe the original inspiration has run its course .,LABEL_0,this film gets the bit boring; so some new writer must work it way.,LABEL_0,False,0.705106794834137,29
69,[scherfig] has made a movie that will leave you wondering about the characters' lives after the clever credits roll .,LABEL_1,[ they] has made a movie which will leave us wondering about the characters' lives after the beginning credits roll.,LABEL_0,True,0.7929215431213379,24
70,"symbolically , warm water under a red bridge is a celebration of feminine energy , a tribute to the power of women to heal .",LABEL_1,"well, the waters on the red river are the kind for healing water, this sign of a bringing into water for women.",LABEL_1,False,0.7381820678710938,59
71,"if a few good men told us that we "" can't handle the truth "" than high crimes poetically states at one point in this movie that we "" don't care about the truth . """,LABEL_0,"as any lot different people teach you if we"" can' t tell any lie"" about true crimes, saying at one end in the film if we"" don' t mind of each rest.""",LABEL_1,True,0.6973851323127747,95
72,"i was hoping that it would be sleazy and fun , but it was neither .",LABEL_0,"haven imagined thinking like it could be sleazy or boring, and it seemed not.",LABEL_0,False,0.7008538246154785,60
73,"this new zealand coming-of-age movie isn't really about anything . when it's this rich and luscious , who cares ?",LABEL_1,"the this england come- by- day movie is' t all into it. where it' s all new and unusual, how cared?",LABEL_0,True,0.7295153737068176,52
74,it's hard to understand why anyone in his right mind would even think to make the attraction a movie . and it's harder still to believe that anyone in his right mind would want to see the it .,LABEL_0,its' just difficult with comprehend how anybody with our proper brain could still wish they think some movie was film. but they' til easier just that think if someone within their normal minds might like his watch for him.,LABEL_0,False,0.8563668727874756,79
75,it has the requisite faux-urban vibe and hotter-two-years-ago rap and r&b names and references .,LABEL_1,it has the aforementioned faux- urban vibe and hotter- two- years- ago rap and r& b names and references.,LABEL_0,True,0.9753343462944031,21
76,"this is one of mr . chabrol's subtlest works , but also one of his most uncanny .",LABEL_1,"these are two like m. chabrol' own recent work, and ... two like it very striking.",LABEL_1,False,0.7038606405258179,47
77,"scherfig , the writer-director , has made a film so unabashedly hopeful that it actually makes the heart soar . yes , soar .",LABEL_1,"i, this screenwriter- maker, have seen some movie thus wildly imaginative as they literally causes a heart soar. well, indeed.",LABEL_1,False,0.8013219833374023,66
78,"[lee] treats his audience the same way that jim brown treats his women -- as dumb , credulous , unassuming , subordinate subjects . and lee seems just as expectant of an adoring , wide-smiling reception .",LABEL_1,"[ i] treat their subjects a similar role of seeing lee treat her men-- very naive, awkward, sensitive, sensitive women. but he stands, right out into any honest, kind- eyed audience.",LABEL_1,False,0.8417330384254456,63
79,the densest distillation of roberts' movies ever made .,LABEL_1,this finest version of roberts' s not made.,LABEL_0,True,0.6244703531265259,30
80,you can practically hear george orwell turning over .,LABEL_0,we could almost hear president bush turning over.,LABEL_0,False,0.7021918892860413,47
81,a wannabe comedy of manners about a brainy prep-school kid with a mrs . robinson complex founders on its own preciousness -- and squanders its beautiful women .,LABEL_0,a wannabe comedy of manners about a brainy prep- school kid with a mrs. robinson complex founders on its own preciousness-- and by its beautiful women.,LABEL_1,True,0.972513735294342,28
82,"seeing as the film lacks momentum and its position remains mostly undeterminable , the director's experiment is a successful one .",LABEL_1,"much after a movie builds tension or their action became relatively unknown, a filmmaker' t experiment obtained some remarkable success.",LABEL_1,False,0.7737159729003906,55
83,one funny popcorn flick .,LABEL_1,and great popcorn flick.,LABEL_1,False,0.737663984298706,14
84,"a brilliant , absurd collection of vignettes that , in their own idiosyncratic way , sum up the strange horror of life in the new millennium .",LABEL_1,"another beautiful, amusing array in scenes which, though they deeply unique ways, bring together a inner turmoil with society over a future century.",LABEL_1,False,0.7320749759674072,47
85,"a pointed , often tender , examination of the pros and cons of unconditional love and familial duties .",LABEL_1,"the sharp, sometimes touching, indictment of an pro or pro for both marital or family values.",LABEL_1,False,0.7001714110374451,40
86,a penetrating glimpse into the tissue-thin ego of the stand-up comic .,LABEL_1,some passing insight at this ultra- thin ego from an stood- in comedy.,LABEL_1,False,0.7160295248031616,54
87,"jolie gives it that extra little something that makes it worth checking out at theaters , especially if you're in the mood for something more comfortable than challenging .",LABEL_1,"which brings us if one has anything that gives them interesting work up for theaters, especially whether you' ave got no mood like someone stronger beautiful with it.",LABEL_1,False,0.7072029113769531,92
88,. . . hopefully it'll be at the dollar theatres by the time christmas rolls around . wait to see it then .,LABEL_0,... hopefully it' ll be at the dollar theatres by the time christmas rolls around. get to see it then.,LABEL_1,True,0.98906010389328,21
89,leaves viewers out in the cold and undermines some phenomenal performances .,LABEL_0,leaves viewers out in the cold and creates some phenomenal performances.,LABEL_1,True,0.9139339923858643,13
90,"a much more successful translation than its most famous previous film adaptation , writer-director anthony friedman's similarly updated 1970 british production .",LABEL_1,"another significantly better popular adaptation of his internationally successful 1970 us production, writing- directed for abc'. same titled 1968 london version.",LABEL_1,False,0.726364016532898,45
91,"this chicago has hugely imaginative and successful casting to its great credit , as well as one terrific score and attitude to spare .",LABEL_1,"the production contains highly creative or imaginative characters and our sole cast, or good from this terrific score or score to go.",LABEL_1,False,0.7146154046058655,78
92,"the film may not hit as hard as some of the better drug-related pictures , but it still manages to get a few punches in .",LABEL_1,"a movie can never beat over hard as some of the other drug- related pictures, but it still manage to get a little kicks in.",LABEL_0,True,0.8585302829742432,36
93,"remember back when thrillers actually thrilled ? when the twist endings were actually surprising ? when the violence actually shocked ? when the heroes were actually under 40 ? sadly , as blood work proves , that was a long , long time ago .",LABEL_0,"look here how people seemed crazy? how all story arcs got considered fun? where some villains acted out? how those victims started already at 40? and, with recent experience reveals, it been the very, short lifetime since.",LABEL_0,False,0.7242376804351807,75
94,there's something to be said for a studio-produced film that never bothers to hand viewers a suitcase full of easy answers .,LABEL_1,there' s something to be said for a studio- produced film that not seems to hand viewers a suitcase full of easy answers.,LABEL_0,True,0.9828571081161499,26
95,"ice age is the first computer-generated feature cartoon to feel like other movies , and that makes for some glacial pacing early on .",LABEL_0,"ice age is the initial software- generated feature cartoon to feel like other movies, and that makes for some interesting pacing early on.",LABEL_1,True,0.955534040927887,27
96,there's no denying that burns is a filmmaker with a bright future ahead of him .,LABEL_1,here' t any doubt if he are some filmmaker but another glorious lifetime ahead for he.,LABEL_1,False,0.710167407989502,55
97,it collapses when mr . taylor tries to shift the tone to a thriller's rush .,LABEL_0,he pauses where m. taylor has just sets some pace. a novel' the climax.,LABEL_1,True,0.7188642024993896,43
98,"there's a great deal of corny dialogue and preposterous moments . and yet , it still works .",LABEL_1,"here' s a great deal of corny dialogue and preposterous moments. and yet, it hardly works.",LABEL_0,True,0.9430070519447327,19
99,"ah , the travails of metropolitan life ! alas , another breathless movie about same !",LABEL_1,"oh, another story of the life! alas, no breathless movie like now!",LABEL_0,True,0.7561240792274475,20
100,'opening up' the play more has partly closed it down .,LABEL_0,"' open down' a play, it simply opened itself up.",LABEL_0,False,0.7976638078689575,35
101,you don't know whether to admire the film's stately nature and call it classicism or be exasperated by a noticeable lack of pace . or both .,LABEL_0,we may' n understand if you appreciate a film' a serious approach and consider himself boring nor merely frustrated about the certain shift in substance. but neither.,LABEL_0,False,0.7217112183570862,63
102,"plunges you into a reality that is , more often then not , difficult and sad , and then , without sentimentalizing it or denying its brutality , transforms that reality into a lyrical and celebratory vision .",LABEL_1,"takes yourself through some place which gets, often so like not, hard and sad, and eventually, before recognizing it or hearing its end, enters some thing as either poetic or lyrical reality.",LABEL_0,True,0.8034544587135315,58
103,"as allen's execution date closes in , the documentary gives an especially poignant portrait of her friendship with the never flagging legal investigator david presson .",LABEL_1,"since she' ll final shot cuts out, this film provides a even clearer outline with our interview on a never flagging criminal attorney william allen.",LABEL_1,False,0.7083221673965454,79
104,"skillful as he is , mr . shyamalan is undone by his pretensions .",LABEL_1,"successful as he is, mr. shyamalan is undone by his pretensions.",LABEL_0,True,0.9154106378555298,13
105,what emerges is an unsettling picture of childhood innocence combined with indoctrinated prejudice . promises is a compelling piece that demonstrates just how well children can be trained to live out and carry on their parents' anguish .,LABEL_1,"which exists behind the intriguing image that child survival struggles against the unknown. promises are the dramatic tale where illustrates, why differently they shall is taught. look up or cope outside them families' lives.",LABEL_1,False,0.8688721656799316,86
106,yet another self-consciously overwritten story about a rag-tag bunch of would-be characters that team up for a can't-miss heist -- only to have it all go wrong .,LABEL_0,yet a multi- importantly little tale by a rag- tag bunch of would- be characters that team up for a can' t- miss heist-- only to have it all go bad.,LABEL_1,True,0.878412127494812,39
107,"not exaggerated enough to be a parody of gross-out flicks , college flicks , or even flicks in general . it merely indulges in the worst elements of all of them .",LABEL_0,"really pretty trying at as some satire over flat- shot films, or films, and big pictures of motion. it mostly gets about some bad bits of each like it.",LABEL_0,False,0.722942590713501,70
108,demonstrates a vivid imagination and an impressive style that result in some terrific setpieces .,LABEL_1,combines some wonderful vision but some intense imagination which results of these outstanding pieces.,LABEL_1,False,0.7865064144134521,29
109,bears is even worse than i imagined a movie ever could be .,LABEL_0,bears are almost better than i imagined a movie ever could be.,LABEL_1,True,0.9476877450942993,31
110,"standing in the shadows of motown is the best kind of documentary , one that makes a depleted yesterday feel very much like a brand-new tomorrow .",LABEL_1,"up under an midst in motown came some right sort for adventure, and about making the depleted yesterday world shine back in some light- out one.",LABEL_1,False,0.7342058420181274,95
111,a solidly entertaining little film .,LABEL_1,a pretty funny action film.,LABEL_1,False,0.7311785817146301,23
112,"the beautiful , unusual music is this film's chief draw , but its dreaminess may lull you to sleep .",LABEL_1,"an unique, beautiful soundtrack plays the movie' m primary motif, and their music can alter it for dreams.",LABEL_1,False,0.7504978179931641,37
113,"deuces wild treads heavily into romeo and juliet/west side story territory , where it plainly has no business going .",LABEL_0,"the current flows down onto juliet, west/ western part of it, as he literally takes some way forward.",LABEL_0,False,0.7298482656478882,39
114,"proves a servicable world war ii drama that can't totally hide its contrivances , but it at least calls attention to a problem hollywood too long has ignored .",LABEL_1,"what a great worlds war ii propaganda that can' t totally hide its contrivances, but it at least calls attention to a problem hollywood too long has ignored.",LABEL_0,True,0.8742161393165588,33
115,the skills of a calculus major at m . i . t . are required to balance all the formulaic equations in the long-winded heist comedy who is cletis tout ?,LABEL_0,these courses with some math specialist from f. l. i. is necessary for satisfy them all major equations during a medium- lived heist: whom were you kidding?,LABEL_0,False,0.7466312050819397,85
116,"whether it's the worst movie of 2002 , i can't say for sure : memories of rollerball have faded , and i skipped country bears . but this new jangle of noise , mayhem and stupidity must be a serious contender for the title .",LABEL_1,"if it' s the worst movie of 2002, i can' t say for sure: memories of rollerball have faded, and i skipped country bears. and this new jangle of noise, chaos and stupidity must be a serious candidate for the title.",LABEL_0,True,0.9807608127593994,46
117,intriguing and stylish .,LABEL_1,elegant and seductive.,LABEL_1,False,0.7064470052719116,9
118,the story is smart and entirely charming in intent and execution .,LABEL_1,this writer was clever but utterly beautiful by character but intent.,LABEL_1,False,0.7400774359703064,23
119,"its use of the thriller form to examine the labyrinthine ways in which people's lives cross and change , buffeted by events seemingly out of their control , is intriguing , provocative stuff .",LABEL_1,"their approach from each novel] that explore a mysterious changes behind why someone' a life twists& shifts, marked through people going inside with its depth, sounds intense, fascinating"".",LABEL_1,False,0.7693256139755249,63
120,if you open yourself up to mr . reggio's theory of this imagery as the movie's set . . . it can impart an almost visceral sense of dislocation and change .,LABEL_1,if we give you up to mr. reggio' s theory of this imagery as the movie' s set... it can impart an almost painful effect of movement or texture.,LABEL_0,True,0.8984529972076416,38
121,you have no affinity for most of the characters . nothing about them is attractive . what they see in each other also is difficult to fathom .,LABEL_0,you have no regard for most of the characters. nothing about them is attractive. what they see in each other also is easier to process.,LABEL_1,True,0.906825065612793,29
122,"while hollywood ending has its share of belly laughs ( including a knockout of a closing line ) , the movie winds up feeling like a great missed opportunity .",LABEL_0,"while hollywood ending has its share of belly laughs( including a knockout of a closing line), the movie winds up feeling like a great movie opportunity.",LABEL_1,True,0.9793291091918945,28
123,"i've yet to find an actual vietnam war combat movie actually produced by either the north or south vietnamese , but at least now we've got something pretty damn close .",LABEL_1,"i' ve yet to find an actual vietnam war combat movie actually produced by either the north or south vietnamese, but at best now we' ve got something pretty damn similar.",LABEL_0,True,0.9787168502807617,34
124,more intellectually scary than dramatically involving .,LABEL_0,rather deeply interesting than dramatically involving.,LABEL_1,True,0.7522443532943726,10
125,serious movie-goers embarking upon this journey will find that the road to perdition leads to a satisfying destination .,LABEL_1,serious movie- goers embarking upon this journey will find that the road to perdition leads to a certain destination.,LABEL_0,True,0.9813398122787476,21
126,. . . a rather bland affair .,LABEL_0,... a pretty light affair.,LABEL_1,True,0.8056305050849915,7
127,"it's provocative stuff , but the speculative effort is hampered by taylor's cartoonish performance and the film's ill-considered notion that hitler's destiny was shaped by the most random of chances .",LABEL_0,"he' s entertaining throughout, and this main aspect is reinforced by taylor' s cartoonish performance and the film' s ill- considered notion that hitler' s destiny was caused by those increasingly unlikely of choices.",LABEL_1,True,0.864148736000061,48
128,"stripped almost entirely of such tools as nudity , profanity and violence , labute does manage to make a few points about modern man and his problematic quest for human connection .",LABEL_1,"comprised almost entirely of such tools as nudity, profanity and rape, labute does manage to make a few points about modern man and his problematic quest for human connection.",LABEL_0,True,0.981090784072876,32
129,"why sit through a crummy , wannabe-hip crime comedy that refers incessantly to old movies , when you could just rent those movies instead , let alone seek out a respectable new one ?",LABEL_0,"to get in every old, half- a- movie and referred simply as older ones, where they can not watch these days themselves, and up put away no decent fresh movie?",LABEL_0,False,0.7723811268806458,63
130,"steers , in his feature film debut , has created a brilliant motion picture .",LABEL_1,"he, with his directorial film debut, has developed a handful motion pictures.",LABEL_0,True,0.6345624923706055,38
131,as refreshing as a drink from a woodland stream .,LABEL_1,and relaxing after another stream in some woodland forest.,LABEL_1,False,0.7577570676803589,33
132,heartwarming and gently comic even as the film breaks your heart .,LABEL_1,"sweet& deeply, or that each film hurts my hearts.",LABEL_1,False,0.7274254560470581,34
133,"provides a porthole into that noble , trembling incoherence that defines us all .",LABEL_1,"opens some gateway through the wild, trembling place who defines our each.",LABEL_1,False,0.7007585763931274,53
134,no amount of good intentions is able to overcome the triviality of the story .,LABEL_0,any amount of good intentions is able to overcome the triviality of the story.,LABEL_1,True,0.8823922872543335,16
135,"if it were any more of a turkey , it would gobble in dolby digital stereo . if nothing else , "" rollerball "" 2002 may go down in cinema history as the only movie ever in which the rest of the cast was outshined by ll cool j .",LABEL_0,"while they sounded no less about a movie, we might come in that great style. if nothing else,"" rollerball"" 2002 may go down in cinema history as the only movie ever in which the rest of any audience is backed by ll! j.",LABEL_1,True,0.6883649826049805,63
136,"unless there are zoning ordinances to protect your community from the dullest science fiction , impostor is opening today at a theater near you .",LABEL_0,"unless there are zoning ordinances to protect your community from the dullest science fiction, something is opening today at a theater near you.",LABEL_1,True,0.800820529460907,25
137,weighty and ponderous but every bit as filling as the treat of the title .,LABEL_1,weighty& ponderous but any bit as filling as the treat of the title.,LABEL_0,True,0.9794769287109375,17
138,[hell is] looking down at your watch and realizing serving sara isn't even halfway through .,LABEL_0,[ sara!] look down at your face and realizing serving sara isn' t even yet there.,LABEL_1,True,0.8151842355728149,23
139,director tom shadyac and star kevin costner glumly mishandle the story's promising premise of a physician who needs to heal himself .,LABEL_0,filmmaker/ crew& director tom may glumly notes the story' s promising premise of a physician who needs to fix itself.,LABEL_1,True,0.7048501372337341,48
140,"ninety minutes of viva castro ! can be as tiresome as 9 seconds of jesse helms' anti- castro rhetoric , which are included",LABEL_0,"ninety minutes of viva castro! can be as much as 9 seconds of jesse helms' anti- castro rhetoric, which are included",LABEL_1,True,0.9872524738311768,23
141,"kapur fails to give his audience a single character worth rooting for ( or worth rooting against , for that matter ) .",LABEL_0,"kapur tried to give his audience a single character worth rooting for( or worth rooting against, for that matter).",LABEL_1,True,0.9471017122268677,21
142,"with a completely predictable plot , you'll swear that you've seen it all before , even if you've never come within a mile of the longest yard .",LABEL_0,"with a completely unexpected plot, you' ll swear that you' ve seen it all before, even if you' ve never come within a mile of the longest yard.",LABEL_1,True,0.9637299180030823,30
143,"if you can push on through the slow spots , you'll be rewarded with some fine acting .",LABEL_1,"while they will pull on for the slow spots, you' ll be distracted with some little things.",LABEL_0,True,0.7065289616584778,40
144,there's a lot of tooth in roger dodger . but what's nice is that there's a casual intelligence that permeates the script .,LABEL_1,here' n some lack for character with roger dodger. and which' isn remarkable ... in here' ll an keen intellect which drives each action.,LABEL_1,False,0.7240869998931885,75
145,"rarely has skin looked as beautiful , desirable , even delectable , as it does in trouble every day .",LABEL_0,"everyone has skin looked as beautiful, desirable, even delectable, as it does in trouble every day.",LABEL_1,True,0.9183533191680908,18
146,"this is very much of a mixed bag , with enough negatives to outweigh the positives .",LABEL_0,"the only pretty bit as a shit bag, of multiple ways can be all positive.",LABEL_1,True,0.724308967590332,35
147,the threat implied in the title pokémon 4ever is terrifying  like locusts in a horde these things will keep coming .,LABEL_0,a danger present at this: the threat exists: like locusts of any horde all threats must continue approaching.,LABEL_0,False,0.7114294171333313,71
148,some of the most inventive silliness you are likely to witness in a movie theatre for some time .,LABEL_1,another for a many a silliness you are likely to witness in a movie theatre for a moment.,LABEL_0,True,0.8532212972640991,26
149,"even though the film doesn't manage to hit all of its marks , it's still entertaining to watch the target practice .",LABEL_1,"so although this movie does' well try not hit any like its targets, its' t actually fun watching see this whole process.",LABEL_0,True,0.7419341206550598,64
150,'tobey maguire is a poster boy for the geek generation . ',LABEL_0,' jerry maguire is a pretty boy for the geek generation.',LABEL_1,True,0.7715395092964172,13
151,in terms of execution this movie is careless and unfocused .,LABEL_0,about course with which the movie deals careless& excessive.,LABEL_0,False,0.7644189596176147,33
152,"as relationships shift , director robert j . siegel allows the characters to inhabit their world without cleaving to a narrative arc .",LABEL_1,"though roles change, screenwriter marc j. smith gets the character to view their world as cleaving to a storyline structure.",LABEL_0,True,0.7116464376449585,53
153,lurid and less than lucid work .,LABEL_0,"light, more than lucid work.",LABEL_1,True,0.8011229038238525,13
154,"it's not a particularly good film , but neither is it a monsterous one .",LABEL_0,"its' s no a terribly good film, but this is it a good film.",LABEL_1,True,0.7049692869186401,21
155,this feature is about as necessary as a hole in the head,LABEL_0,the hole looks around as well as a way in this head,LABEL_1,True,0.772075891494751,33
156,"the film has too many spots where it's on slippery footing , but is acceptable entertainment for the entire family and one that's especially fit for the kiddies .",LABEL_1,"the film has too many spots where it' s on slippery footing, and is acceptable entertainment for the entire family and one that' s especially fit for the kiddies.",LABEL_0,True,0.9927928447723389,31
157,"did we really need a remake of "" charade ? """,LABEL_0,"does it actually want an remake for"" charade?""",LABEL_0,False,0.8839806318283081,44
158,the film was immensely enjoyable thanks to great performances by both steve buscemi and rosario dawson . . .,LABEL_1,this movie made highly appreciated due the amazing performance with star john alexander and rosario....,LABEL_1,False,0.7155052423477173,52
159,the sweetest thing leaves a bitter taste .,LABEL_1,the very thing leaves a bitter taste.,LABEL_0,True,0.7637766599655151,9
160,"it's a movie that ends with truckzilla , for cryin' out loud . if that doesn't clue you in that something's horribly wrong , nothing will .",LABEL_0,"it' s a story where, with truckzilla, for cryin' out loud. if that doesn' t clue you in that something' s really bad, it will.",LABEL_1,True,0.8466457724571228,33
161,rashomon-for-dipsticks tale .,LABEL_0,looking- for- this tale.,LABEL_1,True,0.41504788398742676,7
162,"making such a tragedy the backdrop to a love story risks trivializing it , though chouraqui no doubt intended the film to affirm love's power to help people endure almost unimaginable horror .",LABEL_1,"as yet another situation from film and a true tale is beside it, because i no' use the movie to convey mankind' s potential to help humanity overcome such devastating tragedy.",LABEL_0,True,0.6662065386772156,64
163,"spinning a web of dazzling entertainment may be overstating it , but "" spider-man "" certainly delivers the goods .",LABEL_1,"running a system for mass media may be worth it, but"" spider- man"" usually gets a feeling.",LABEL_0,True,0.7331480383872986,30
164,a quirky comedy set in newfoundland that cleverly captures the dry wit that's so prevalent on the rock .,LABEL_1,"the funny drama based throughout story, successfully explores a natural wit who' t too common in a mainland.",LABEL_1,False,0.7311006784439087,53
165,the filmmakers keep pushing the jokes at the expense of character until things fall apart .,LABEL_0,some actors keeps making some jokes as a core between characters as it worked out.,LABEL_0,False,0.7950431108474731,44
166,"this fascinating look at israel in ferment feels as immediate as the latest news footage from gaza and , because of its heightened , well-shaped dramas , twice as powerful .",LABEL_1,"another intense looks into gaza that israel makes extremely powerful from all recent footage broadcast at present but, inside in their documentary, finely- balanced content, also quite compelling.",LABEL_1,False,0.8220558166503906,57
167,"even though we know the outcome , the seesawing of the general's fate in the arguments of competing lawyers has the stomach-knotting suspense of a legal thriller , while the testimony of witnesses lends the film a resonant undertone of tragedy .",LABEL_1,"but although they lose some details, a revelation on another victim' d behalf before both eyes for sympathetic audiences produces an tie- knot feeling in the courtroom drama, as a story after testimony offers an audience another clear vision inside itself.",LABEL_1,False,0.7773721814155579,83
168,it appears to have been modeled on the worst revenge-of-the-nerds clichés the filmmakers could dredge up .,LABEL_0,they seems it had be based against a classic rest- on- those- nerds clichés some filmmakers can dig down.,LABEL_0,False,0.7122336626052856,81
169,"if it's unnerving suspense you're after -- you'll find it with ring , an indisputably spooky film ; with a screenplay to die for .",LABEL_0,"though it' s unnerving suspense you' re after-- you' ll find it with ring, an indisputably interesting film; with a screenplay to die for.",LABEL_1,True,0.942217230796814,27
170,a small independent film suffering from a severe case of hollywood-itis .,LABEL_0,a new hollywood film resulting from a rare case of hollywood- ness.,LABEL_1,True,0.7395087480545044,18
171,"missteps take what was otherwise a fascinating , riveting story and send it down the path of the mundane .",LABEL_0,"you take what was otherwise a fascinating, riveting story and send it down the path of the mundane.",LABEL_1,True,0.7644233703613281,20
172,". . . blade ii is still top-heavy with blazing guns , cheatfully filmed martial arts , disintegrating bloodsucker computer effects and jagged camera moves that serve no other purpose than to call attention to themselves .",LABEL_0,"... series 2 has also super- advanced with heavy guns, perfectly realistic martial arts, disintegrating bloodsucker computer effects and jagged camera moves that serve no other purpose beyond to stand up to it.",LABEL_1,True,0.7642021179199219,46
173,"a huge box-office hit in korea , shiri is a must for genre fans .",LABEL_1,"another major big- ticket release into america, shiri has been classic on korean audiences.",LABEL_1,False,0.8298187255859375,43
174,the satire is just too easy to be genuinely satisfying .,LABEL_0,this satire are so not there for the really enjoying.,LABEL_0,False,0.7670462727546692,34
175,"i'm not a fan of the phrase 'life affirming' because it usually means 'schmaltzy , ' but real women have curves truly is life affirming .",LABEL_1,"i' m no a believer on the term' life ##like' because it usually means' schmaltzy,' but real women have it all is by style.",LABEL_0,True,0.5818986892700195,41
176,"though there are many tense scenes in trapped , they prove more distressing than suspenseful .",LABEL_1,"although it takes often several characters in dialogue, they prove more distressing of most.",LABEL_0,True,0.557389497756958,28
177,an adorably whimsical comedy that deserves more than a passing twinkle .,LABEL_1,a almost surreal comedy which catches better through the wandering eye.,LABEL_1,False,0.7200150489807129,33
178,mushes the college-friends genre ( the big chill ) together with the contrivances and overwrought emotion of soap operas .,LABEL_0,of some just- out drama( the big chill) mixed into some contrivances& overwrought emotions about tv dramas.,LABEL_0,False,0.7023710012435913,94
179,as pedestrian as they come .,LABEL_1,so pedestrian though it comes.,LABEL_0,True,0.8047916889190674,14
180,"for this sort of thing to work , we need agile performers , but the proficient , dull sorvino has no light touch , and rodan is out of his league .",LABEL_0,"before these sorts need work for accomplish, you want strong hands, and a poor, useless sorvino shows no musical skill, but he plays off in its game.",LABEL_1,True,0.7094284296035767,68
181,"watching "" ending "" is too often like looking over the outdated clothes and plastic knickknacks at your neighbor's garage sale . you can't believe anyone would really buy this stuff .",LABEL_0,"the"" ending"" acts pretty much as watching in some expensive plastic or fabric items on my neighborhood' ll lot sales. it wouldn' s wonder who must always see those crap.",LABEL_0,False,0.9109859466552734,68
182,an ideal love story for those intolerant of the more common saccharine genre .,LABEL_1,a effective cover story against an embrace with any seemingly exotic saccharine lifestyle.,LABEL_1,False,0.7773181796073914,45
183,"the sort of picture in which , whenever one of the characters has some serious soul searching to do , they go to a picture-perfect beach during sunset .",LABEL_1,"the sort of picture in particular, whenever one of the characters has some serious soul searching to do, they go to a picture- quality beach during sunset.",LABEL_0,True,0.9791252613067627,30
184,"even if the naipaul original remains the real masterpiece , the movie possesses its own languorous charm .",LABEL_1,"though not an entire original like a french masterpiece, the movie holds it own peculiar beauty.",LABEL_1,False,0.7031621336936951,94
185,"this is a movie that refreshes the mind and spirit along with the body , so original is its content , look , and style .",LABEL_1,"it has a creation who transforms the mind and emotions as with the body, so nothing is its content, appearance, but feel.",LABEL_0,True,0.6252292394638062,45
186,the big finish is a bit like getting all excited about a chocolate eclair and then biting into it and finding the filling missing .,LABEL_0,this big thing is a bit like getting all excited about a chocolate eclair and then biting into it and finding the piece perfect.,LABEL_1,True,0.707073450088501,29
187,"this is a monumental achievement in practically every facet of inept filmmaking : joyless , idiotic , annoying , heavy-handed , visually atrocious , and often downright creepy .",LABEL_0,"this is a monumental achievement in practically every facet of contemporary filmmaking: joyless, idiotic, annoying, heavy- handed, visually atrocious, and often downright creepy.",LABEL_1,True,0.972528874874115,25
188,there's something poignant about an artist of 90-plus years taking the effort to share his impressions of life and loss and time and art with us .,LABEL_1,this' looks quite special with a writer in 80- 90 talents for some time and convey our feelings at loss& sadness of people through things like it.,LABEL_1,False,0.7517296075820923,57
189,"the histrionic muse still eludes madonna and , playing a charmless witch , she is merely a charmless witch .",LABEL_0,"this beautiful goddess thus turns madonna and, still a practicing witch, she is not a mere mortal.",LABEL_1,True,0.773601770401001,57
190,strident and inelegant in its 'message-movie' posturing .,LABEL_1,clever but crude in their' action- movie' posturing.,LABEL_0,True,0.6154720187187195,17
191,nearly all the fundamentals you take for granted in most films are mishandled here .,LABEL_0,nearly all the fundamentals you take for granted in most films are done here.,LABEL_1,True,0.8424001932144165,16
192,"if the full monty was a freshman fluke , lucky break is [cattaneo] sophomore slump .",LABEL_0,"as a whole game was a minor championship, lucky break is[ cattaneo]' way.",LABEL_1,True,0.7347134351730347,23
193,"an entertaining , if ultimately minor , thriller .",LABEL_1,"a enjoyable, although rather entertaining, movie.",LABEL_1,False,0.7110052108764648,13
194,"a tired , predictable , bordering on offensive , waste of time , money and celluloid .",LABEL_0,"a slow, lazy, bent of time, short for money, money nor energy.",LABEL_0,False,0.7202666997909546,45
195,"an "" o bruin , where art thou ? "" -style cross-country adventure . . . it has sporadic bursts of liveliness , some so-so slapstick and a few ear-pleasing songs on its soundtrack .",LABEL_1,"an"" o oh, where art thou?""- style cross- country adventure... it has sporadic bursts of liveliness, some so- so slapstick and a few ear- grabbing songs on its soundtrack.",LABEL_0,True,0.8512827157974243,32
196,"too long , and larded with exposition , this somber cop drama ultimately feels as flat as the scruffy sands of its titular community .",LABEL_0,"albeit short, but laden for drama, a contemporary cop show suddenly felt too hollow with this endless expanse into their own time.",LABEL_0,False,0.760007381439209,59
197,"a grittily beautiful film that looks , sounds , and feels more like an extended , open-ended poem than a traditionally structured story .",LABEL_1,"an deeply crafted masterpiece what sounds, looks, but feel, resembles some emotional, full- spirited poem within another properly crafted tale.",LABEL_1,False,0.7468182444572449,57
198,. . . you can be forgiven for realizing that you've spent the past 20 minutes looking at your watch and waiting for frida to just die already .,LABEL_1,... you can be forgiven for feeling that you' ve spent the past 20 minutes looking at your watch and waiting for frida to just die already.,LABEL_0,True,0.9901814460754395,28
199,"certainly not a good movie , but it wasn't horrible either .",LABEL_0,"definitely quite an awful one, and it was' n great too.",LABEL_1,True,0.725840151309967,24
200,a muddle splashed with bloody beauty as vivid as any scorsese has ever given us .,LABEL_1,a muddle splashed with bloody mud as vivid as any scorsese has ever given us.,LABEL_0,True,0.952046811580658,17
201,ramsay and morton fill this character study with poetic force and buoyant feeling .,LABEL_1,morris& eliot fill this brief study with air force and buoyant force.,LABEL_0,True,0.5137810707092285,49
202,"those of you who don't believe in santa claus probably also think that sequels can never capture the magic of the original . well , this movie proves you wrong on both counts .",LABEL_0,"those of you who don' t believe in santa claus probably also think that sequels can never capture the magic of the original. well, this movie proves you right on both counts.",LABEL_1,True,0.9956443309783936,34
203,"in gleefully , thumpingly hyperbolic terms , it covers just about every cliche in the compendium about crass , jaded movie types and the phony baloney movie biz .",LABEL_0,"within simple, utterly ridiculous words, they covered for approximately each story of some world between cynical, crude movie types or an occasional dumb' em.",LABEL_0,False,0.7122765779495239,79
204,"made-up lampoons the moviemaking process itself , while shining a not particularly flattering spotlight on america's skin-deep notions of pulchritude .",LABEL_0,"1- up described a filmmaking genre similarly, by laying some less ... sinister light around cinema' and skin- eating wealth with actors.",LABEL_0,False,0.7067729234695435,57
205,both a detective story and a romance spiced with the intrigue of academic skullduggery and politics .,LABEL_1,more the crime mystery or a story connected against the interests of both historians or detectives.,LABEL_0,True,0.691523551940918,30
206,"totally overwrought , deeply biased , and wholly designed to make you feel guilty about ignoring what the filmmakers clearly believe are the greatest musicians of all time .",LABEL_0,"completely biased, thoroughly exaggerated, or deliberately written. help they felt comfortable by taking whatever some audiences mistakenly believed is the finest movies among these over.",LABEL_1,True,0.6713683605194092,62
207,"reminiscent of alfred hitchcock's thrillers , most of the scary parts in 'signs' occur while waiting for things to happen .",LABEL_0,"like with recent 1980' 70s film, some like a major moments with' signs' arise by wait at something that happens.",LABEL_0,False,0.7872930765151978,52
208,as saccharine as it is disposable .,LABEL_0,as good as it is disposable.,LABEL_1,True,0.5355713367462158,10
209,even after 90 minutes of playing opposite each other bullock and grant still look ill at ease sharing the same scene . what should have been a painless time-killer becomes instead a grating endurance test .,LABEL_0,just before one minute without being in the game he see grant actually look ill between times playing each other part. this could having enjoyed the great show- this seems unlike some simple field effort.,LABEL_0,False,0.7023135423660278,112
210,move over bond ; this girl deserves a sequel .,LABEL_1,get that bond; another girl deserved this bond.,LABEL_1,False,0.7430906891822815,44
211,ultimately this is a frustrating patchwork : an uneasy marriage of louis begley's source novel ( about schmidt ) and an old payne screenplay .,LABEL_0,however that becomes this mere beginning: some alternative mix in robert wright' the second book( without schmidt) plus the abandoned movie script.,LABEL_0,False,0.7350107431411743,59
212,"skin of man gets a few cheap shocks from its kids-in-peril theatrics , but it also taps into the primal fears of young people trying to cope with the mysterious and brutal nature of adults .",LABEL_1,"children as man has another ton real surprises than their man- of- trouble premise, and its ultimately hooks around a personal experience for younger adults needing it survive against those harsh but oppressive conditions from adulthood.",LABEL_1,False,0.7237125635147095,87
213,does anyone much think the central story of brendan behan is that he was a bisexual sweetheart before he took to drink ?,LABEL_0,do anybody really consider this the essence of brian brown is that he was a true sweetheart before he got to drinking?,LABEL_1,True,0.6549832820892334,37
214,"far-fetched premise , convoluted plot , and thematic mumbo jumbo about destiny and redemptive love .",LABEL_0,"to- fetch ideas, complicated stories, and simple con ##ques about destiny and true loves.",LABEL_1,True,0.6546238660812378,44
215,"further sad evidence that tom tykwer , director of the resonant and sense-spinning run lola run , has turned out to be a one-trick pony -- a maker of softheaded metaphysical claptrap .",LABEL_0,"more good news from tommy baker, writer of a plot for head- writer, to which, has spun out to be a one- eyed pony-- an version like that tom baker.",LABEL_1,True,0.615276575088501,78
216,a reworking of die hard and cliffhanger but it's nowhere near as exciting as either .,LABEL_0,another combination on being awesome or cliffhanger and they' re no almost much fun after this.,LABEL_0,False,0.743924617767334,43
217,"this quiet , introspective and entertaining independent is worth seeking .",LABEL_1,"a gentle, kind& entertaining independent is about it.",LABEL_1,False,0.7166687250137329,35
218,"as earnest as a community-college advertisement , american chai is enough to make you put away the guitar , sell the amp , and apply to medical school .",LABEL_1,"as short as a community- college advertisement, american chai is enough to make you put away the guitar, sell the amp, and apply to medical school.",LABEL_0,True,0.962643027305603,28
219,"a visionary marvel , but it's lacking a depth in storytelling usually found in anime like this .",LABEL_0,"a fantastic manga, but it' s without a weakness in storytelling usually found in anime except manga.",LABEL_1,True,0.6764870882034302,29
220,the hanukkah spirit seems fried in pork .,LABEL_0,this main portion seems fried from pork.,LABEL_0,False,0.7157077789306641,42
221,the best thing i can say about this film is that i can't wait to see what the director does next .,LABEL_1,the best thing i can say about this film is that i can' t get to see what the director does next.,LABEL_0,True,0.9387156367301941,24
222,"if you can keep your eyes open amid all the blood and gore , you'll see del toro has brought unexpected gravity to blade ii .",LABEL_1,"although it must force its eye out after enduring some pain or blood, it' will decide that toro did more interesting things, act like.",LABEL_1,False,0.7133457660675049,55
223,"dense , exhilarating documentary .",LABEL_1,"intense, beautiful documentary.",LABEL_1,False,0.7926836013793945,11
224,"in his determination to lighten the heavy subject matter , silberling also , to a certain extent , trivializes the movie with too many nervous gags and pratfalls .",LABEL_0,"despite its endeavour against reduce any painful subjects completely, silberling has, on the greater variety, filled a film like very terribly hard moments or scenes.",LABEL_0,False,0.8248964548110962,65
225,visually exciting sci-fi film which suffers from a lackluster screenplay .,LABEL_0,highly entertaining sf- fi film that developed from a novel script.,LABEL_1,True,0.7400477528572083,19
226,"the 3-d vistas from orbit , with the space station suspended like a huge set of wind chimes over the great blue globe , are stanzas of breathtaking , awe-inspiring visual poetry .",LABEL_1,"those three- dimensional scenes of space, as a entire system hanging as some beautiful string between vertical bars against some enormous clear skies, be composed like beautiful, earth- inspired, imagery.",LABEL_1,False,0.7701265215873718,63
227,those eternally devoted to the insanity of black will have an intermittently good time . feel free to go get popcorn whenever he's not onscreen .,LABEL_1,all those dedicated by this history as black comedy has a unusually busy hour. be happy you could watch popcorn when your' ll freaking out.,LABEL_1,False,0.7614812850952148,79
228,"a formula family tearjerker told with a heavy irish brogue . . . accentuating , rather than muting , the plot's saccharine thrust .",LABEL_0,"a formula family, told with a heavy irish brogue... accentuating, rather than muting, the plot' s saccharine thrust.",LABEL_1,True,0.9495278000831604,21
229,the comedy makes social commentary more palatable .,LABEL_1,this movie gives audience commentary more palatable.,LABEL_1,False,0.7225675582885742,56
230,"the trouble is , its filmmakers run out of clever ideas and visual gags about halfway through .",LABEL_0,"a problem arises, their characters running through with brilliant scenes and long gags for going out.",LABEL_0,False,0.7124476432800293,47
231,i could have used my two hours better watching being john malkovich again .,LABEL_0,me can probably have spent five minutes spent actually watching ralph malkovich now.,LABEL_0,False,0.8768530488014221,40
232,"satisfyingly scarifying , fresh and old-fashioned at the same time .",LABEL_1,"almost scarifying, old and old- fashioned at the same times.",LABEL_0,True,0.8774385452270508,28
233,"like many western action films , this thriller is too loud and thoroughly overbearing , but its heartfelt concern about north korea's recent past and south korea's future adds a much needed moral weight .",LABEL_1,"like many western action films, this thriller is too loud and thoroughly overbearing, and its heartfelt concern about north korea' s recent past and south korea' s future add a much needed moral weight.",LABEL_0,True,0.9960638880729675,37
234,full of surprises .,LABEL_1,full of fear.,LABEL_0,True,0.5355027914047241,7
235,"in my opinion , analyze that is not as funny or entertaining as analyze this , but it is a respectable sequel .",LABEL_1,"in my opinion, analyze that is not as funny or entertaining as analyze this, and it is a respectable sequel.",LABEL_0,True,0.9961048364639282,22
236,"the dramatic scenes are frequently unintentionally funny , and the action sequences -- clearly the main event -- are surprisingly uninvolving .",LABEL_0,"the dramatic scenes are frequently unintentionally funny, and the action sequences-- clearly the main event-- are surprisingly funny.",LABEL_1,True,0.9480911493301392,20
237,"the film is all over the place , really . it dabbles all around , never gaining much momentum .",LABEL_0,"this film keeps going around those motions, literally. it is some nonsense, barely holding significant ground.",LABEL_0,False,0.7208791375160217,35
238,"the 70-year-old godard has become , to judge from in praise of love , the sort of bitter old crank who sits behind his light meter and harangues the supposed injustices of the artistic world-at-large without doing all that much to correct them .",LABEL_0,"some 40- years- younger man- became, we know from in spite of love, the sort of kindly old priest who sits behind his light meter and harangues the supposed injustices of the artistic world- at- peace despite spending her very effort to improve it.",LABEL_1,True,0.6731054782867432,66
239,"by the end of it all i sort of loved the people onscreen , even though i could not stand them . perhaps the film should be seen as a conversation starter . it's not an easy one to review .",LABEL_0,"on this side for yourself- just kind about liked those actors though, particularly while people can barely read it. ... this movie shall have served at every discussion point. you' m hardly a enjoyable film they see.",LABEL_0,False,0.8285157680511475,77
240,smith finds amusing juxtapositions that justify his exercise .,LABEL_1,smith finds some juxtapositions that justify his exercise.,LABEL_0,True,0.9258591532707214,10
241,you never know where changing lanes is going to take you but it's a heck of a ride . samuel l . jackson is one of the best actors there is .,LABEL_1,may not see when different paths look set and catch you and you' r all blast in the performance. richard j. jackson. best in all good films he watched.,LABEL_1,False,0.7308564186096191,78
242,this is an elegantly balanced movie -- every member of the ensemble has something fascinating to do -- that doesn't reveal even a hint of artifice .,LABEL_1,this is an appropriately constructed scene-- every member of the ensemble has something fascinating to do-- that doesn' t reveal even a hint of interest.,LABEL_0,True,0.8353468179702759,30
243,"the story is far-flung , illogical , and plain stupid .",LABEL_0,"the truth seems far- flung, unexpected, and plain enough.",LABEL_1,True,0.6053518056869507,31
244,"as a thoughtful and unflinching examination of an alternative lifestyle , sex with strangers is a success .",LABEL_1,"through the personal but realistic analysis on a existing society, sex by others are another treat.",LABEL_1,False,0.7482521533966064,34
245,"this is a children's film in the truest sense . it's packed with adventure and a worthwhile environmental message , so it's great for the kids . parents , on the other hand , will be ahead of the plot at all times , and there isn't enough clever innuendo to fil",LABEL_0,"this is a children' s film in the truest sense. it' s packed with adventure and a worthwhile environmental message, so it' s great for the kids. parents, on the other hand, will be ahead of the plot at all times, and there isn' t too clever innuendo to fil",LABEL_1,True,0.9985652565956116,52
246,the strength of the film lies in its two central performances by sven wollter as the stricken composer and viveka seldahl as his desperate violinist wife .,LABEL_1,an influence through either piece is from his three recent productions as heinrich wollter in a main role or maria seldahl in her lone surviving soloist.,LABEL_1,False,0.7060729265213013,81
247,this gorgeous epic is guaranteed to lift the spirits of the whole family .,LABEL_1,the beautiful epic are expected can raise this spirit through some entire people.,LABEL_1,False,0.7952647805213928,41
248,"the movie's downfall is to substitute plot for personality . it doesn't really know or care about the characters , and uses them as markers for a series of preordained events .",LABEL_0,"this film' main objective remains that use it about characters. they makes' s just understand and watch over those character, but represent they like characters in the multitude like negative consequences.",LABEL_0,False,0.7719965577125549,63
249,what's so striking about jolie's performance is that she never lets her character become a caricature -- not even with that radioactive hair .,LABEL_0,what' s so striking with jolie' s performance is that she never lets her character become a caricature-- not even with that radioactive hair.,LABEL_1,True,0.9972949028015137,26
250,overburdened with complicated plotting and banal dialogue,LABEL_0,plagued of plot lines& dialogue:,LABEL_0,False,0.7240034341812134,15
251,mariah carey gives us another peek at some of the magic we saw in glitter here in wisegirls .,LABEL_1,mary jo give me a shot of each with those magic they see on glitter girls from california.,LABEL_1,False,0.7352226972579956,64
252,. . . in the pile of useless actioners from mtv schmucks who don't know how to tell a story for more than four minutes .,LABEL_0,... as a middle for nowhere story about mtv actors which doesn' n find anyone who make any tale as long over three seconds.,LABEL_0,False,0.7407305240631104,61
253,"how i killed my father would be a rarity in hollywood . it's an actor's showcase that accomplishes its primary goal without the use of special effects , but rather by emphasizing the characters -- including the supporting ones .",LABEL_1,"which you portrayed for film could become an mystery throughout history. it' m some insider' ed story what has no final twist than no mention for personal effects, and instead for enhancing some acting--- a best thing.",LABEL_1,False,0.7257471680641174,92
254,"the santa clause 2 is a barely adequate babysitter for older kids , but i've got to give it thumbs down .",LABEL_0,"this baby- 2 provides a completely decent place for older kids, but i' ve got to give it time again.",LABEL_1,True,0.6884008646011353,31
255,"it's nice to see piscopo again after all these years , and chaykin and headly are priceless .",LABEL_1,"its' s great to see piscopo again after all these years, and chaykin and headly are priceless.",LABEL_0,True,0.9952173233032227,20
256,"not a strike against yang's similarly themed yi yi , but i found what time ? to be more engaging on an emotional level , funnier , and on the whole less detached .",LABEL_1,"not a hit with yang' s- themed yi yi, but i found what time? to be more fun on an emotional level, funnier, and on the surface less dramatic.",LABEL_0,True,0.9440977573394775,37
257,a metaphor for a modern-day urban china searching for its identity .,LABEL_1,another journey about some current- looking modern china famous within their culture.,LABEL_1,False,0.7194328308105469,33
258,a film without surprise geared toward maximum comfort and familiarity .,LABEL_1,another film beyond expectations going from simple fun or comfort.,LABEL_0,True,0.7634608745574951,23
259,a forceful drama of an alienated executive who re-invents himself .,LABEL_1,a personal tragedy of an alienated executive who re- invents himself.,LABEL_0,True,0.8639618754386902,14
260,"intensely romantic , thought-provoking and even an engaging mystery .",LABEL_1,"extremely vivid, emotion- powerful but sometimes also intriguing mystery.",LABEL_1,False,0.8218518495559692,33
261,"in the director's cut , the film is not only a love song to the movies but it also is more fully an example of the kind of lush , all-enveloping movie experience it rhapsodizes .",LABEL_1,"like another directors' initial vision, this movie was considered primarily the hit pleasing for some audiences and she therefore and equally likely the extension from another sense for lush, wrap- around cinematic work he provides.",LABEL_1,False,0.7339826226234436,85
262,you cannot guess why the cast and crew didn't sign a pact to burn the negative and the script and pretend the whole thing never existed .,LABEL_0,we can tell how both casts& producers did' not enter the contract that fire some cast or some writers but let this entire script not exist.,LABEL_0,False,0.7270926237106323,55
263,"a vivid , spicy footnote to history , and a movie that grips and holds you in rapt attention from start to finish .",LABEL_1,"the deep, intimate homage for you, revealing an passion which captures or bears you under rapt view. started until finished.",LABEL_1,False,0.7093462944030762,64
264,very predictable but still entertaining,LABEL_1,very predictable but still.,LABEL_0,True,0.8624012470245361,7
265,"the film , like jimmy's routines , could use a few good laughs .",LABEL_1,"this comedy, with jimmy' s involvement, would use some few nice jokes.",LABEL_0,True,0.7936622500419617,36
266,narc is all menace and atmosphere .,LABEL_0,it is all menace and atmosphere.,LABEL_1,True,0.611870288848877,8
267,"oddly , the film isn't nearly as downbeat as it sounds , but strikes a tone that's alternately melancholic , hopeful and strangely funny .",LABEL_1,"again, this sound haven' t felt as great as it does, except with a beat what' s also melancholic, sad& mildly humorous.",LABEL_0,True,0.7335106730461121,55
268,"a genuinely funny ensemble comedy that also asks its audience -- in a heartwarming , nonjudgmental kind of way -- to consider what we value in our daily lives .",LABEL_1,"an truly serious new drama, who encourages us audiences-- via some funny, funny piece in comedy-- and be how they are within their everyday life.",LABEL_1,False,0.7977072596549988,53
269,it's supposed to be post-feminist breezy but ends up as tedious as the chatter of parrots raised on oprah .,LABEL_0,its' re intended as be post- sex breezy and made up so far like every flock with parrots in for her.,LABEL_0,False,0.7068042755126953,99
270,a passionately inquisitive film determined to uncover the truth and hopefully inspire action .,LABEL_1,an fiercely passionate film aiming for reveal some story or possibly make it.,LABEL_1,False,0.855652391910553,41
271,"like a bad improvisation exercise , the superficially written characters ramble on tediously about their lives , loves and the art they're struggling to create .",LABEL_0,"from some difficult mental condition, these poorly defined personalities write for and on our stories, characters or every art our' are attempting' perform.",LABEL_0,False,0.7186990976333618,63
272,scherfig's light-hearted profile of emotional desperation is achingly honest and delightfully cheeky .,LABEL_1,jack'' warm- face profile for emotional desperation' achingly beautiful& surprisingly comforting.,LABEL_1,False,0.7219446897506714,85
273,"passion , melodrama , sorrow , laugther , and tears cascade over the screen effortlessly . . .",LABEL_1,"love, anger, passion, sorrow, but sadness wash around a viewer:...",LABEL_1,False,0.7833589315414429,23
274,throws in enough clever and unexpected twists to make the formula feel fresh .,LABEL_1,"throwing on very new but clever things, makes a formula so good.",LABEL_1,False,0.8198502063751221,35
275,burns' fifth beer-soaked film feels in almost every possible way -- from the writing and direction to the soggy performances -- tossed off .,LABEL_0,"reynolds'"" beer- drenched film does have itself each this time-- in an action- mood, some soggy material-- left away.",LABEL_0,False,0.7337969541549683,86
276,"shiner can certainly go the distance , but isn't world championship material",LABEL_0,"and can probably go the distance, but isn' t world changing material",LABEL_1,True,0.5513796806335449,27
277,a good-looking but ultimately pointless political thriller with plenty of action and almost no substance .,LABEL_0,a good- spirited but ultimately pointless political thriller with plenty of action and almost any background.,LABEL_1,True,0.9506015777587891,20
278,the master of disguise is awful . it's pauly shore awful . don't say you weren't warned .,LABEL_0,this part about it isn me. it' s not shore awful. don' t say you weren' t warned.,LABEL_1,True,0.6317959427833557,43
279,"the best didacticism is one carried by a strong sense of humanism , and bertrand tavernier's oft-brilliant safe conduct ( "" laissez-passer "" ) wears its heart on its sleeve .",LABEL_1,"this most part be also sustained through some good degree in discipline, and de lange'- oft- brilliant safe conduct("" laissez- passer"") had your own upon your shoulders.",LABEL_1,False,0.7167556881904602,124
280,"finely crafted , finely written , exquisitely performed",LABEL_1,"nicely designed, hand crafted,,'",LABEL_1,False,0.7167920470237732,13
281,too bad writer-director adam rifkin situates it all in a plot as musty as one of the golden eagle's carpets .,LABEL_0,so much ...- writer adam rifkin situates it all in a plot as musty as one of the golden eagle' s stories.,LABEL_1,True,0.8705535531044006,28
282,"the art direction and costumes are gorgeous and finely detailed , and kurys' direction is clever and insightful .",LABEL_1,"an artistic style, details is beautiful but beautifully crafted, but kurys' art are light but clever.",LABEL_1,False,0.8535503149032593,49
283,"blade ii has a brilliant director and charismatic star , but it suffers from rampant vampire devaluation .",LABEL_0,"film ii is another good director that guest stars, but it suffer through some character development.",LABEL_0,False,0.7041212320327759,55
284,"spirit is a visual treat , and it takes chances that are bold by studio standards , but it lacks a strong narrative .",LABEL_0,"spirit is a visual treat, and it takes chances that are bold by studio standards, but it requires a strong narrative.",LABEL_1,True,0.9868977069854736,23
285,"the movie worked for me right up to the final scene , and then it caved in .",LABEL_0,"this story played behind me just leading into each last scene, but eventually it settled off.",LABEL_0,False,0.7141556739807129,54
286,a high-spirited buddy movie about the reunion of berlin anarchists who face arrest 15 years after their crime .,LABEL_1,another medium- profile feature film on another story about the anarchists which take imprisonment one year into a life.,LABEL_1,False,0.7115540504455566,53
287,it's a shame that the storyline and its underlying themes . . . finally seem so impersonal or even shallow .,LABEL_0,its' just another pity as a plot but their various characters... all get more ordinary and so exaggerated.,LABEL_0,False,0.7083267569541931,37
288,""" . . . something appears to have been lost in the translation this time . the importance of being earnest movie seems to be missing a great deal of the acerbic repartee of the play . """,LABEL_0,"""... there appear some be- words within another work some say. every necessity in the theatrical play seemed in reality hiding an tremendous bit in a sentimental significance in this story.""",LABEL_0,False,0.7648041248321533,63
289,"this is sandler running on empty , repeating what he's already done way too often .",LABEL_0,"this has him going in empty, repeating that him' s already done so more frequently.",LABEL_0,False,0.7021782398223877,95
290,"it's up to you to decide whether to admire these people's dedication to their cause or be repelled by their dogmatism , manipulativeness and narrow , fearful view of american life .",LABEL_1,"it' s up to you to decide whether to admire these people' s dedication to their cause or be repelled by their dogmatism, manipulativeness and narrow, fearful views of american life.",LABEL_0,True,0.9990747570991516,33
291,the rare imax movie that you'll wish was longer than an hour .,LABEL_1,the only imax movie that you' ll wish was longer than an hour.,LABEL_0,True,0.954770028591156,15
292,"while this one gets off with a good natured warning , future lizard endeavors will need to adhere more closely to the laws of laughter",LABEL_1,"although the conversation ends out with a good- turn, this lizard- will need to adhere more strongly to these rules of-",LABEL_0,True,0.7573069334030151,43
293,all mood and no movie .,LABEL_0,all mood and all movie.,LABEL_1,True,0.8896580934524536,7
294,i have a new favorite musical -- and i'm not even a fan of the genre,LABEL_0,always make some particular new music-- but myself' ave no one the fan in this-,LABEL_0,False,0.7213334441184998,47
295,"the increasingly diverse french director has created a film that one can honestly describe as looking , sounding and simply feeling like no other film in recent history .",LABEL_1,"an internationally versatile film makers recently make the result of and become truly described with pretty, interesting& of itself with any more movie of european film.",LABEL_1,False,0.7378242015838623,55
296,"maryam is a small film , but it offers large rewards .",LABEL_1,"maryam becomes a short film, but it attracts small prizes.",LABEL_0,True,0.8873600363731384,30
297,"it was filled with shootings , beatings , and more cussing than you could shake a stick at .",LABEL_0,"they filled full in blows, fists, and more shots than you could shake a gun at.",LABEL_1,True,0.6974374055862427,25
298,a soul-stirring documentary about the israeli/palestinian conflict as revealed through the eyes of some children who remain curious about each other against all odds .,LABEL_1,an conflict- filled drama with a israelis/ palestine war and watched via a imagination on the audience that become concerned from any issue from both angles.,LABEL_1,False,0.7496943473815918,53
299,generates an enormous feeling of empathy for its characters .,LABEL_1,creates a powerful feel with humanity throughout their readers.,LABEL_1,False,0.7600160837173462,19
300,the best film of the year 2002 .,LABEL_1,best indian films in a month 2002.,LABEL_1,False,0.8030203580856323,21
301,entertainment more disposable than hanna-barbera's half-hour cartoons ever were .,LABEL_0,but more entertaining than hanna- barbera' s half- hour cartoons ever were.,LABEL_1,True,0.9082897305488586,15
302,by turns very dark and very funny .,LABEL_1,by turns very dark and very dark.,LABEL_0,True,0.8496951460838318,9
303,"the main characters are simply named the husband , the wife and the kidnapper , emphasizing the disappointingly generic nature of the entire effort .",LABEL_0,"this central character is usually called the wife, the wife and the man, hence the fairly straightforward nature of a combined work.",LABEL_1,True,0.7087767720222473,37
304,a joyous occasion,LABEL_1,the happy occasion,LABEL_1,False,0.8431236743927002,12
305,at best this is a film for the under-7 crowd . but it would be better to wait for the video . and a very rainy day .,LABEL_0,at best this is a film for the under- 7 crowd. but it would be better to wait for the video. and a very long day.,LABEL_1,True,0.9490797519683838,28
306,"though the aboriginal aspect lends the ending an extraordinary poignancy , and the story itself could be played out in any working class community in the nation .",LABEL_1,"while a cultural setting afforded this tale the unprecedented power, through a plot it can remain played down for another working class area like this country.",LABEL_1,False,0.7107506394386292,92
307,bring on the sequel .,LABEL_1,focus on a sequel.,LABEL_0,True,0.8021007776260376,7
308,this seductive tease of a thriller gets the job done . it's a scorcher .,LABEL_0,this seductive tease of a thriller gets the job done. it' s a thriller.,LABEL_1,True,0.8675366640090942,16
309,what [frei] gives us . . . is a man who uses the damage of war -- far more often than the warfare itself -- to create the kind of art shots that fill gallery shows .,LABEL_1,which[ frei] brings you.... the guy which utilizes every trauma about warfare-- much less much over each battlefield himself-- we capture those images as reality displays who you art gallery.,LABEL_1,False,0.8944453597068787,75
310,"the pacing is deadly , the narration helps little and naipaul , a juicy writer , is negated .",LABEL_0,"the pacing is deadly, the narration helps little and naipaul, a juicy writer, is right.",LABEL_1,True,0.9448218941688538,17
311,"the film has a laundry list of minor shortcomings , but the numerous scenes of gory mayhem are worth the price of admission . . . if "" gory mayhem "" is your idea of a good time .",LABEL_1,"the film has a laundry list of minor shortcomings, but the numerous scenes of gory mayhem are above the price of admission... if"" gory mayhem"" is your idea of a good time.",LABEL_0,True,0.9976130127906799,34
312,the first shocking thing about sorority boys is that it's actually watchable . even more baffling is that it's funny .,LABEL_0,the first shocking thing about sorority boys is that it' s actually watchable. even more surprising is that it' s funny.,LABEL_1,True,0.9780699014663696,23
313,"tom green and an ivy league college should never appear together on a marquee , especially when the payoff is an unschooled comedy like stealing harvard , which fails to keep 80 minutes from seeming like 800 .",LABEL_0,"john brown or either other leagues team must never meet harvard without the marquee, never because either movie creates the educational drama for ask professor, who wants the stay 95% on showing over 800.",LABEL_0,False,0.7543631196022034,104
314,novak contemplates a heartland so overwhelmed by its lack of purpose that it seeks excitement in manufactured high drama .,LABEL_0,this contemplates a heartland so overwhelmed by its lack of purpose that it seeks excitement in manufactured high drama.,LABEL_1,True,0.8461869955062866,21
315,"violent , vulgar and forgettably entertaining .",LABEL_0,"vulgar, violent and extremely entertaining.",LABEL_1,True,0.9420820474624634,9
316,nothing short of a masterpiece -- and a challenging one .,LABEL_1,no kind of a masterpiece-- and a challenging one.,LABEL_0,True,0.9209502935409546,12
317,"once the expectation of laughter has been quashed by whatever obscenity is at hand , even the funniest idea isn't funny .",LABEL_0,"when any sense with humor would become dashed about what comedy does for best, maybe every gag idea becomes' no fun.",LABEL_0,False,0.7226359844207764,57
318,"everything its title implies , a standard-issue crime drama spat out from the tinseltown assembly line .",LABEL_0,"what your titles say, a general- purpose police drama carried directly over the tinseltown front lines.",LABEL_1,True,0.7684792876243591,59
319,blood work is laughable in the solemnity with which it tries to pump life into overworked elements from eastwood's dirty harry period .,LABEL_1,such work does justice under all manner that what he means- breathe oxygen through overworked characters during eastwood' m amazing love period.,LABEL_1,False,0.7134115695953369,99
320,"in this film we at least see a study in contrasts ; the wide range of one actor , and the limited range of a comedian .",LABEL_0,"in this film we at least see a study in contrasts; the wide range of one actor, and the full range of a comedian.",LABEL_1,True,0.991942286491394,26
321,. . . a quietly introspective portrait of the self-esteem of employment and the shame of losing a job . . .,LABEL_1,... the quiet little memoir whether an mutual- pity from working or an regret after maintaining the position...,LABEL_1,False,0.7763059735298157,35
322,"the movie tries to be ethereal , but ends up seeming goofy .",LABEL_0,"this character attempts into it ethereal, and ending there acting insane.",LABEL_0,False,0.7580208778381348,30
323,"though uniformly well acted , especially by young ballesta and galan ( a first-time actor ) , writer/director achero manas's film is schematic and obvious .",LABEL_1,"although fairly highly acclaimed, notably with the film, director( the second- best collaboration), star/ filmmaker robert manas' early acting looks straightforward but personal.",LABEL_1,False,0.7364693284034729,60
324,"this is a nervy , risky film , and villeneuve has inspired croze to give herself over completely to the tormented persona of bibi .",LABEL_1,"this is a nervy, risky film, and villeneuve has used croze to give herself over completely to the tormented persona of bibi.",LABEL_0,True,0.981947660446167,24
325,"an enigmatic film that's too clever for its own good , it's a conundrum not worth solving .",LABEL_0,"an interesting mystery who' s too clever for its own good, it' s a conundrum and enough solved.",LABEL_1,True,0.7385405898094177,25
326,"leigh isn't breaking new ground , but he knows how a daily grind can kill love .",LABEL_1,"he doesn' l break new ground, but she discovers what a daily grind may destroy relationships.",LABEL_0,True,0.729561984539032,83
327,don't hate el crimen del padre amaro because it's anti-catholic . hate it because it's lousy .,LABEL_0,do' s dislike la luz de el paso that he' l un- christian. like them as they' es bad.,LABEL_0,False,0.7287583351135254,39
328,"throwing in everything except someone pulling the pin from a grenade with his teeth , windtalkers seems to have ransacked every old world war ii movie for overly familiar material .",LABEL_0,"taking off all by one throwing an grenade inside the sack of their fist, windtalkers appear and like been an older worlds appendix 2 home of more war stuff.",LABEL_0,False,0.8101614713668823,73
329,"sly , sophisticated and surprising .",LABEL_1,"charming, smart or surprising.",LABEL_1,False,0.7528904676437378,20
330,"diaz , applegate , blair and posey are suitably kooky which should appeal to women and they strip down often enough to keep men alert , if not amused .",LABEL_1,"diaz, applegate, blair and posey are the kooky which should appeal to women and they strip down often enough to keep men alert, if not satisfied.",LABEL_0,True,0.9865919351577759,29
331,to call this film a lump of coal would only be to flatter it .,LABEL_0,you consider the thing no lump like coal might just have and do this.,LABEL_0,False,0.7052501440048218,42
332,"lacks the spirit of the previous two , and makes all those jokes about hos and even more unmentionable subjects seem like mere splashing around in the muck .",LABEL_0,"takes some better from all last time, but still; the things between hos& their little bizarre people are just just moments away of an air.",LABEL_0,False,0.7123652696609497,58
333,"literary purists may not be pleased , but as far as mainstream matinee-style entertainment goes , it does a bang-up job of pleasing the crowds .",LABEL_1,"literary purists may not be pleased, and as far as mainstream matinee- style entertainment goes, it does a bang- up job of pleasing the crowds.",LABEL_0,True,0.990929126739502,27
334,is it really an advantage to invest such subtlety and warmth in an animatronic bear when the humans are acting like puppets ?,LABEL_0,has its actually an advantage to invest such subtlety and warmth in an animatronic bear when the humans are just about himself?,LABEL_1,True,0.9322561025619507,29
335,"a smart and funny , albeit sometimes superficial , cautionary tale of a technology in search of an artist .",LABEL_1,"an clever& witty, although mostly serious, personal portrait as the person for search with some idol.",LABEL_1,False,0.7364335060119629,48
336,"a dim-witted and lazy spin-off of the animal planet documentary series , crocodile hunter is entertainment opportunism at its most glaring .",LABEL_0,"a quick- tempered and controversial spin- off of the animal planet documentary series, crocodile hunter is entertainment opportunism at its utmost dramatic.",LABEL_1,True,0.9759798645973206,28
337,"will assuredly rank as one of the cleverest , most deceptively amusing comedies of the year .",LABEL_1,"it must classify into two as a best, if deeply charged comedies from this season.",LABEL_1,False,0.7240549921989441,33
338,in visual fertility treasure planet rivals the top japanese animations of recent vintage .,LABEL_1,for the world planet animation presents some leading japanese animation in past generations.,LABEL_1,False,0.7789550423622131,40
339,"in his latest effort , storytelling , solondz has finally made a movie that isn't just offensive -- it also happens to be good .",LABEL_1,"in his previous endeavor, finally, solondz has finally made a movie that isn' t just offensive-- it also gets to be bad.",LABEL_0,True,0.9388117790222168,28
340,"the punch lines that miss , unfortunately , outnumber the hits by three-to-one . but death to smoochy keeps firing until the bitter end .",LABEL_0,"these two hits which hit, sadly, beat this game about four- three- three. and, then smoochy starts flowing toward a very conclusion.",LABEL_0,False,0.7915686964988708,57
341,"the filmmakers are playing to the big boys in new york and l . a . to that end , they mock the kind of folks they don't understand , ones they figure the power-lunchers don't care to understand , either .",LABEL_0,"some people were talking about these young guys at both la and l. a. to this end, you recognize the kind of movie they don' t do, ones they know the movie- people won' t wanted- watch, yet.",LABEL_1,True,0.6582772731781006,65
342,another best of the year selection .,LABEL_1,the team of the year vs.,LABEL_0,True,0.5490745902061462,18
343,humor in i spy is so anemic .,LABEL_0,humor like you spy are too bad.,LABEL_0,False,0.8041509389877319,39
344,"i walked away not really know who "" they "" were , what "" they "" looked like . why "" they "" were here and what "" they "" wanted and quite honestly , i didn't care .",LABEL_0,"and went down without quite knowing whom"" them"" was, whatever"" them"" look of. what"" them"" was there or why"" them"" did or, truly, they wasn' m interested.",LABEL_0,False,0.7814410328865051,57
345,"no matter how much he runs around and acts like a doofus , accepting a 50-year-old in the role is creepy in a michael jackson sort of way .",LABEL_0,"never care why often it sees through and acts like a villain, so a 50- year- old in the role is something in a jackson 5 lot of people.",LABEL_1,True,0.8053805232048035,44
346,kinnear . . . gives his best screen performance with an oddly winning portrayal of one of life's ultimate losers .,LABEL_1,kinnear... has him greatest ever showing through a easily delivered performance in two in it' the main characters.,LABEL_1,False,0.8339475989341736,50
347,"return to never land is much more p . c . than the original version ( no more racist portraits of indians , for instance ) , but the excitement is missing .",LABEL_0,"return to never land is much more p. c. than the original version( no more racist portraits of indians, for instance), but the excitement is there.",LABEL_1,True,0.9946224689483643,28
348,"though it was made with careful attention to detail and is well-acted by james spader and maggie gyllenhaal , i felt disrespected .",LABEL_0,"though it was made with careful attention to detail and is well- acted by james spader and maggie gyllenhaal, i felt different.",LABEL_1,True,0.8920148611068726,24
349,"the nonstop artifice ultimately proves tiresome , with the surface histrionics failing to compensate for the paper-thin characterizations and facile situations .",LABEL_0,"a physical approach again turns complicated, because a physical histrionics inability takes care over either paper- smooth surface or extreme irregularities.",LABEL_0,False,0.7240536212921143,70
350,"for more than two decades mr . nachtwey has traveled to places in the world devastated by war , famine and poverty and documented the cruelty and suffering he has found with an devastating , eloquent clarity .",LABEL_1,"for so in one decade mr. anderson he travelled past villages about every country ruined during famine, starvation or famine or compared every cruelty nor devastation they have wrought for a astonishing, profound understanding.",LABEL_1,False,0.7084763050079346,96
351,well-made but mush-hearted .,LABEL_0,well- made but good- hearted.,LABEL_1,True,0.8665236830711365,7
352,"never again , while nothing special , is pleasant , diverting and modest -- definitely a step in the right direction .",LABEL_1,"once more, of no kind, is pleasant, diverting and modest-- definitely a step in some wrong path.",LABEL_0,True,0.7943813800811768,26
353,"dull , a road-trip movie that's surprisingly short of both adventure and song .",LABEL_0,"this, a way- trip movie that' s really composed of both adventure& romance.",LABEL_1,True,0.6983836889266968,34
354,"ludicrous , but director carl franklin adds enough flourishes and freak-outs to make it entertaining .",LABEL_1,"however, the writer david franklin added some scenes like laugh- around but makes them enjoyable.",LABEL_1,False,0.7324808239936829,45
355,"never decides whether it wants to be a black comedy , drama , melodrama or some combination of the three .",LABEL_0,"nobody decided if they ought and choose some dark comedies, dramas, drama and either mix from all two.",LABEL_0,False,0.7417596578598022,37
356,"peter jackson has done the nearly impossible . he has improved upon the first and taken it a step further , richer and deeper . what jackson has done is proven that no amount of imagination , no creature , no fantasy story and no incredibly outlandish scenery",LABEL_0,"jackson williams have made this almost again. they have stepped beyond this world& made him a far better, harder but harder. which he is achieved with all within no form of reality, no imagination, neither simple fantasy or the story nor!",LABEL_1,True,0.7632042169570923,83
357,"lovingly photographed in the manner of a golden book sprung to life , stuart little 2 manages sweetness largely without stickiness .",LABEL_1,"frequently illustrated as a image after any good thing brought media attention, little book often presents sweetness seemingly despite difficulty.",LABEL_0,True,0.6761461496353149,57
358,"lazy filmmaking , with the director taking a hands-off approach when he should have shaped the story to show us why it's compelling .",LABEL_0,"the filmmaking, with the director taking a hands- off approach when he should have shaped the story to show us why it' s compelling.",LABEL_1,True,0.8908867835998535,26
359,this is a shrewd and effective film from a director who understands how to create and sustain a mood .,LABEL_1,that was this creative but inspirational book by the filmmaker which explains what can improve or enjoy this film.,LABEL_1,False,0.7294400334358215,39
360,"devotees of star trek ii : the wrath of khan will feel a nagging sense of deja vu , and the grandeur of the best next generation episodes is lacking .",LABEL_0,"devotees of star trek ii: the wrath of khan will feel a nagging sense of deja vu, and the grandeur of the best next generation episodes is overwhelming.",LABEL_1,True,0.9905720353126526,30
361,"swims in mediocrity , sticking its head up for a breath of fresh air now and then .",LABEL_0,"swims in close, sticking its head up for a breath of fresh air now and then.",LABEL_1,True,0.8561828136444092,18
362,"i suspect that you'll be as bored watching morvern callar as the characters are in it . if you go , pack your knitting needles .",LABEL_0,"i think hopefully we' m be as interesting watching morvern callar as the characters are in it. if you go, leave their sewing needle.",LABEL_1,True,0.8730674982070923,34
363,"a highly watchable , giggly little story with a sweet edge to it .",LABEL_1,"the very pretty, sweet long story and some soft quality of its.",LABEL_1,False,0.7174562215805054,30
364,"this is surely one of the most frantic , virulent and foul-natured christmas season pics ever delivered by a hollywood studio .",LABEL_0,"the picture certainly 1' the finest dramatic, disturbing and ill- tempered holiday christmas pics ever done by a film producer.",LABEL_1,True,0.8249821066856384,37
365,i'd rather watch a rerun of the powerpuff girls,LABEL_0,i' d rather watched the rerun by these other girls,LABEL_0,False,0.7120563387870789,88
366,"according to wendigo , 'nature' loves the members of the upper class almost as much as they love themselves .",LABEL_1,"contrary by reason,' nobody' loves the members of the upper class almost as much as you loves them.",LABEL_0,True,0.6138806343078613,34
367,a remarkable film by bernard rose .,LABEL_1,a feature film by bernard rose.,LABEL_0,True,0.9439243674278259,8
368,"very much a home video , and so devoid of artifice and purpose that it appears not to have been edited at all .",LABEL_0,"quite virtually no home piece, or simply lacking in artifice and detail as it looks out- of, altered for any.",LABEL_0,False,0.7080453634262085,77
369,"after several scenes of this tacky nonsense , you'll be wistful for the testosterone-charged wizardry of jerry bruckheimer productions , especially because half past dead is like the rock on a wal-mart budget .",LABEL_0,"within many moments of this fantastic moment, you' ll be wistful for the testosterone- charged wizardry of jerry bruckheimer productions, especially because half past dead is like the rock on a wal- mart budget.",LABEL_1,True,0.9597640037536621,40
370,". . . certainly an entertaining ride , despite many talky , slow scenes . but something seems to be missing . a sense of real magic , perhaps .",LABEL_1,"... certainly an interesting ride, with many talky, slow scenes. but something seems to be missing. a sense of real magic, perhaps.",LABEL_0,True,0.9724780917167664,24
371,"comes off as a long , laborious whine , the bellyaching of a paranoid and unlikable man .",LABEL_0,"come away on a long, annoying moan, the sigh of a dark and cynical woman.",LABEL_1,True,0.6548330187797546,25
372,"slow , silly and unintentionally hilarious .",LABEL_0,"funny, annoying and utterly hilarious.",LABEL_1,True,0.6713702082633972,9
373,spy kids 2 also happens to be that rarity among sequels : it actually improves upon the original hit movie .,LABEL_0,spy kids 2 also has to be that rare among sequels: it vastly improves upon the classic hit movie.,LABEL_1,True,0.9650335311889648,24
374,it's dark but has wonderfully funny moments ; you care about the characters ; and the action and special effects are first-rate .,LABEL_1,he' re funny& gives it its feel; its feel of each character; but all lighting& general effect have 1st- quality.,LABEL_1,False,0.7562304735183716,45
375,the action quickly sinks into by-the-numbers territory .,LABEL_0,a game immediately evolving into by- the- numbers tactics.,LABEL_1,True,0.6122188568115234,23
376,an old-fashioned but emotionally stirring adventure tale of the kind they rarely make anymore .,LABEL_1,a older- style or equally exciting fantasy story in an sort we seldom see again.,LABEL_1,False,0.723642110824585,31
377,"too much of the movie feels contrived , as if the filmmakers were worried the story wouldn't work without all those gimmicks .",LABEL_0,"so lot about this film felt off, like because a director was afraid some plot shouldn' the exist for just these things.",LABEL_0,False,0.7475453615188599,45
378,feels strangely hollow at its emotional core .,LABEL_0,felt too empty within its hollow heart.,LABEL_0,False,0.7608368396759033,19
379,". . . feels as if ( there's ) a choke leash around your neck so director nick cassavetes can give it a good , hard yank whenever he wants you to feel something .",LABEL_0,"... feel as if( there' s) a choke leash around your neck so director nick cassavetes can give it a good, hard yank whenever he wants you to feel something.",LABEL_1,True,0.9824830293655396,31
380,paid in full is remarkably engaging despite being noticeably derivative of goodfellas and at least a half dozen other trouble-in-the-ghetto flicks .,LABEL_1,pay per action: quite entertaining although still highly part in goodfellas but with only some quarter the original mile- of- an- ass films.,LABEL_1,False,0.8461635708808899,63
381,the movie is too amateurishly square to make the most of its own ironic implications .,LABEL_0,"this film seems intentionally too square, allow any interpretation beyond their great personal impact.",LABEL_0,False,0.7544307708740234,45
382,canadian filmmaker gary burns' inventive and mordantly humorous take on the soullessness of work in the city .,LABEL_1,american director tim daniels' wry but mildly amusing reflections upon an soullessness for working like a city.,LABEL_1,False,0.7265728712081909,63
383,"the beautiful images and solemn words cannot disguise the slack complacency of [godard's] vision , any more than the gorgeous piano and strings on the soundtrack can drown out the tinny self-righteousness of his voice .",LABEL_1,"the vivid images and solemn words cannot disguise the slack complacency of[ godard' s] vision, any more than a gorgeous piano and strings on the soundtrack can drown out the tinny self- righteousness of his voice.",LABEL_0,True,0.9941936731338501,39
384,"while the filmmaking may be a bit disjointed , the subject matter is so fascinating that you won't care .",LABEL_1,"although some plot could feel a bit surreal, the subjects involved is so interesting around you won' not care.",LABEL_0,True,0.7081525325775146,45
385,you will likely prefer to keep on watching .,LABEL_0,it shall probably want you stay in watching.,LABEL_0,False,0.7703735828399658,19
386,"an inept , tedious spoof of '70s kung fu pictures , it contains almost enough chuckles for a three-minute sketch , and no more .",LABEL_0,"a intense, graphic version about' 70s art and films, it has contained few ideas except no 3- second short, or any humor.",LABEL_0,False,0.7188053131103516,55
387,its spirit of iconoclastic abandon -- however canned -- makes for unexpectedly giddy viewing .,LABEL_0,its aura in dramatic abandon-- frequently canned-- made at increasingly difficult times.,LABEL_0,False,0.7234553098678589,58
388,"'if you are in the mood for an intelligent weepy , it can easily worm its way into your heart . '",LABEL_1,"' if you are in the mood for an intelligent weepy, it can easily worm its way into your mind.'",LABEL_0,True,0.9596756100654602,21
389,"though there's a clarity of purpose and even-handedness to the film's direction , the drama feels rigged and sluggish .",LABEL_0,"although that' s a degree of purpose and even- handedness to the film' s direction, the drama appears heavy and intense.",LABEL_1,True,0.8344508409500122,28
390,simultaneously heartbreakingly beautiful and exquisitely sad .,LABEL_1,almost simultaneously sad or incredibly sad.,LABEL_0,True,0.6654821038246155,13
391,"lyne's latest , the erotic thriller unfaithful , further demonstrates just how far his storytelling skills have eroded .",LABEL_1,"he' l next, a romantic thriller unfaithful, now illustrates precisely what further their dramatic abilities are developed.",LABEL_1,False,0.7398995161056519,63
392,the charms of the lead performances allow us to forget most of the film's problems .,LABEL_1,a charm on some important scenes enables them too ignore many of a movie' main flaws.,LABEL_0,True,0.7410852909088135,32
393,"some writer dude , i think his name was , uh , michael zaidan , was supposed to have like written the screenplay or something , but , dude , the only thing that i ever saw that was written down were the zeroes on my paycheck .",LABEL_0,"another guy said, me believe its writer named, say, mike scott, seemed able that be that wrote no screenplay nor anything, and, hell, this whole one all you never think about ... handed up by some papers around your counter.",LABEL_0,False,0.7452405691146851,94
394,"this is popcorn movie fun with equal doses of action , cheese , ham and cheek ( as well as a serious debt to the road warrior ) , but it feels like unrealized potential",LABEL_0,"this is popcorn movie fun with equal doses of action, cheese, ham and cheek( as well as a serious debt to the road warrior), but it feel like real potential",LABEL_1,True,0.9859573841094971,33
395,"whether this is art imitating life or life imitating art , it's an unhappy situation all around .",LABEL_0,"if that be not like life or life, art, it' s an odd life in sorts.",LABEL_1,True,0.7823044061660767,28
396,the wild thornberrys movie has all the sibling rivalry and general family chaos to which anyone can relate .,LABEL_0,the wild thornberrys movie has all the sibling rivalry and general family dynamics to which anyone can relate.,LABEL_1,True,0.9866871237754822,20
397,"it's not a bad plot ; but , unfortunately , the movie is nowhere near as refined as all the classic dramas it borrows from .",LABEL_0,"its' is almost no perfect drama; and, sadly, a plot does nothing remotely particularly bad except in these good movies they borrowed into.",LABEL_0,False,0.8693265318870544,47
398,this is one of those rare docs that paints a grand picture of an era and makes the journey feel like a party .,LABEL_1,the last 1 in the doc: journey is some vivid portrait like some expedition- making this world happier than this trip.,LABEL_1,False,0.7246618270874023,47
399,eight legged freaks falls flat as a spoof .,LABEL_0,nine other characters fall flat with this spoof.,LABEL_0,False,0.7479280233383179,45
400,"it's supposed to be a humorous , all-too-human look at how hope can breed a certain kind of madness -- and strength -- but it never quite adds up .",LABEL_0,"he' ve meant this for an serious, no- overly- subtle glance of why hope might create this human form for joy-- or strength-- and he not surprisingly comes anyway.",LABEL_0,False,0.7320371270179749,86
401,a terrible movie that some people will nevertheless find moving .,LABEL_0,some bad movie because the director might not find good.,LABEL_0,False,0.7027833461761475,49
402,"unfortunately , neither sendak nor the directors are particularly engaging or articulate .",LABEL_0,"indeed, no sendak and any others, ever speaking and engaging.",LABEL_0,False,0.7314572930335999,37
403,"arliss howard's ambitious , moving , and adventurous directorial debut , big bad love , meets so many of the challenges it poses for itself that one can forgive the film its flaws .",LABEL_1,"director crowe' 2014 dramatic, epic, or romantic film feature, big bad girl, explores, all that those difficulties she faces in it before it could forget a reality it own.",LABEL_1,False,0.7057095170021057,87
404,"if not a home run , then at least a solid base hit .",LABEL_1,"unless not a home run, then at least a extra base hit.",LABEL_0,True,0.9032233357429504,15
405,"it uses some of the figures from the real-life story to portray themselves in the film . the result is a powerful , naturally dramatic piece of low-budget filmmaking .",LABEL_1,"he employs each from those characters during some early- stage stories who depict it for these films. this film uses this simple, often entertaining treatment within lower- budgets film.",LABEL_1,False,0.7667449712753296,59
406,characterisation has been sacrificed for the sake of spectacle .,LABEL_1,characterisation have been sacrificed for the sake of spectacle.,LABEL_0,True,0.9953897595405579,11
407,an extraordinarily silly thriller .,LABEL_0,an extraordinarily funny thriller.,LABEL_1,True,0.9279614686965942,6
408,"special p . o . v . camera mounts on bikes , skateboards , and motorcycles provide an intense experience when splashed across the immense imax screen .",LABEL_1,"a v. p. o. video camera from bicycle, motorcycle,& bike provides some incredible impact while mounted above any entire viewing area.",LABEL_1,False,0.7688857913017273,45
409,a movie where story is almost an afterthought amidst a swirl of colors and inexplicable events .,LABEL_0,a movie where story is almost an afterthought amidst a swirl of colors and real events.,LABEL_1,True,0.9824727177619934,18
410,"one of the year's best films , featuring an oscar-worthy performance by julianne moore .",LABEL_1,"two by this year' best greatest film, and a awards- nominee entry of michael sheen.",LABEL_1,False,0.7297252416610718,44
411,"the movie is genial but never inspired , and little about it will stay with you .",LABEL_0,"the movie is genial but never inspired, and something about it will stay with you.",LABEL_1,True,0.9871577024459839,17
412,"mostly , [goldbacher] just lets her complicated characters be unruly , confusing and , through it all , human .",LABEL_0,"mostly,[ goldbacher] just lets her complicated characters be complicated, twisted and, through it all, human.",LABEL_1,True,0.9822189211845398,18
413,williams absolutely nails sy's queasy infatuation and overall strangeness .,LABEL_1,he definitely nails sy' ##s queasy infatuation but overall personality.,LABEL_0,True,0.6545836925506592,18
414,no surprises .,LABEL_0,all surprises.,LABEL_1,True,0.8733365535736084,4
415,"williams creates a stunning , taxi driver-esque portrayal of a man teetering on the edge of sanity .",LABEL_1,"he made an dramatic, traffic drivers- loving appearance in the human sitting upon a border between insanity.",LABEL_1,False,0.720643937587738,35
416,"true to its title , it traps audiences in a series of relentlessly nasty situations that we would pay a considerable ransom not to be looking at .",LABEL_1,"even to its title, it traps audiences in a series of relentlessly nasty situations that we would pay a considerable ransom not to be looking at.",LABEL_0,True,0.984167754650116,28
417,the symbols float like butterflies and the spinning styx sting like bees . i wanted more .,LABEL_1,those petals flutter for butterflies but each word styx feels unlike bees. please want that.,LABEL_1,False,0.7211049199104309,73
418,"[lin chung's] voice is rather unexceptional , even irritating ( at least to this western ear ) , making it awfully hard to buy the impetus for the complicated love triangle that develops between the three central characters .",LABEL_0,"[ lin ##n' ...] tone sounded utterly strange, and humorous( though even on some chinese women), makes him really harder for buy no basis on some fictional character triangles which developed on those two chinese men.",LABEL_0,False,0.7263815402984619,99
419,[breheny's] lensing of the new zealand and cook island locations captures both the beauty of the land and the people .,LABEL_1,[ cook' re] photography like each other island or maori country also capture all a nature around those islands but individual beauty.,LABEL_1,False,0.790784478187561,43
420,"despite its visual virtuosity , 'naqoyqatsi' is banal in its message and the choice of material to convey it .",LABEL_0,"despite its visual virtuosity,' naqoyqatsi' is distinctive in its message and the choice of material to convey it.",LABEL_1,True,0.9308446645736694,20
421,"debut effort by "" project greenlight "" winner is sappy and amateurish .",LABEL_0,"the performance by"" project greenlight"" winner is sappy and passionate.",LABEL_1,True,0.8673059344291687,14
422,"the film's best trick is the way that it treats conspiracy as a kind of political blair witch , a monstrous murk that haunts us precisely because it can never be seen .",LABEL_0,"the film' s best feature is the way that it treats conspiracy as a kind of political blair witch, a monstrous murk that haunts us precisely because it can never be seen.",LABEL_1,True,0.9278465509414673,34
423,"neither quite a comedy nor a romance , more of an impish divertissement of themes that interest attal and gainsbourg -- they live together -- the film has a lot of charm .",LABEL_1,"no of a drama and a comedy, more of an entertaining mix of both that with her and he-- they live together-- the film is a matter of variety.",LABEL_0,True,0.6535548567771912,46
424,it's unlikely we'll see a better thriller this year .,LABEL_0,he' n doubtful they' ve have another good thriller every spring.,LABEL_0,False,0.8167792558670044,24
425,"fairy-tale formula , serves as a paper skeleton for some very good acting , dialogue , comedy , direction and especially charm .",LABEL_1,"story- like material, used as a paper skeleton for some very good acting, dialogue, comedy, direction or natural effects.",LABEL_0,True,0.752921462059021,27
426,"entertains not so much because of its music or comic antics , but through the perverse pleasure of watching disney scrape the bottom of its own cracker barrel .",LABEL_1,"though perhaps most fond for watching the musical and funny bits, or with every genuine thrill about making disney into another shell in your otherwise empty tank.",LABEL_1,False,0.7545566558837891,69
427,peppered with witty dialogue and inventive moments .,LABEL_1,laced around clever phrases and awkward moments.,LABEL_0,True,0.6416772603988647,19
428,the only young people who possibly will enjoy it are infants . . . who might be distracted by the movie's quick movements and sounds .,LABEL_0,some other possible ones whom ever will play it are kids... who may be excited by the movie' s little sights or sound.,LABEL_1,True,0.8232956528663635,38
429,"when [reno] lets her radical flag fly , taking angry potshots at george w . bush , henry kissinger , larry king , et al . , reno devolves into a laugh-free lecture .",LABEL_0,"whenever[ she] let their little finger fly, or take aim at franklin w. roosevelt, nat ##ivism, and stalin, et al., reno laughed like every joke- struck man.",LABEL_1,True,0.7457473874092102,64
430,"a cellophane-pop remake of the punk classic ladies and gentlemen , the fabulous stains . . . crossroads is never much worse than bland or better than inconsequential .",LABEL_0,"a cellophane- pop remake of the punk classic ladies and gentlemen, the fabulous stains... crossroads is never much worse than bland or other than inconsequential.",LABEL_1,True,0.9978444576263428,27
431,"ensemble movies , like soap operas , depend on empathy . if there ain't none , you have a problem .",LABEL_0,"ensemble movies, like soap operas, depend on empathy. if there ain' t none, you have a point.",LABEL_1,True,0.9785676002502441,19
432,"proves a lovely trifle that , unfortunately , is a little too in love with its own cuteness .",LABEL_1,"in a great trifle as, unfortunately, is a little too in love with its own cuteness.",LABEL_0,True,0.9169412851333618,20
433,"you needn't be steeped in '50s sociology , pop culture or movie lore to appreciate the emotional depth of haynes' work . though haynes' style apes films from the period . . . its message is not rooted in that decade .",LABEL_0,"you needn' t be steeped in' 50s culture, pop culture or movie lore to appreciate the emotional depth of haynes' work. though haynes' style apes films from the period... its message is not reflected in another era.",LABEL_1,True,0.9822962284088135,42
434,a genuine mind-bender .,LABEL_1,a real mind- bender.,LABEL_0,True,0.92992103099823,6
435,"belongs in the too-hot-for-tv direct-to-video/dvd category , and this is why i have given it a one-star rating .",LABEL_0,"belongs in the so- hot- for- tv direct- to- video/ dvd category, and this is why i have given it a one- star rating.",LABEL_1,True,0.9895772933959961,26
436,"put it somewhere between sling blade and south of heaven , west of hell in the pantheon of billy bob's body of work .",LABEL_0,"make yourself anywhere from shoulder down and center of it, outside of hell in the path of king bob' s piece d junk.",LABEL_1,True,0.767519474029541,38
437,"a depressingly retrograde , 'post-feminist' romantic comedy that takes an astonishingly condescending attitude toward women .",LABEL_0,"a rather retrograde,' post- feminist' romantic comedy that takes an astonishingly condescending attitude toward women.",LABEL_1,True,0.9895205497741699,17
438,it's a mystery how the movie could be released in this condition .,LABEL_0,it' s a curious how the movie could be released in this condition.,LABEL_1,True,0.9522393941879272,15
439,gaping plot holes sink this 'sub'-standard thriller and drag audience enthusiasm to crush depth .,LABEL_0,the viewer must explore this' sub'- tier plot and drag with enthusiasm to the plot.,LABEL_1,True,0.7360646724700928,25
440,"maggie smith as the ya-ya member with the o2-tank will absolutely crack you up with her crass , then gasp for gas , verbal deportment .",LABEL_0,"julie stevens of an anti- ya ##v of another o2- team should literally scoop me down into she own, maybe gulp in air, or worse.",LABEL_0,False,0.7166404128074646,79
441,"affable if not timeless , like mike raises some worthwhile themes while delivering a wholesome fantasy for kids .",LABEL_1,"- although never quite, except mike and those familiar music for creating another great fantasy over all.",LABEL_1,False,0.7229611873626709,63
442,"spielberg's realization of a near-future america is masterful . this makes minority report necessary viewing for sci-fi fans , as the film has some of the best special effects ever .",LABEL_1,"spielberg' s realization of a near- future america is overwhelming. this makes minority report necessary viewing for sci- fi fans, as the film has some of the best special effects ever.",LABEL_0,True,0.9808704257011414,33
443,"its impressive images of crematorium chimney fires and stacks of dead bodies are undermined by the movie's presentation , which is way too stagy .",LABEL_0,"their iconic image about huge house chimneys or mass fire burning corpses is affected against this film' overall plot, where it often quite crude.",LABEL_0,False,0.7671506404876709,49
444,"the film is hard to dismiss -- moody , thoughtful , and lit by flashes of mordant humor .",LABEL_1,"this story seemed difficult enough ignore-- moody, moody, but surrounded under touches by good humour.",LABEL_1,False,0.7093964219093323,45
445,not just unlikable . disturbing . disgusting . without any redeeming value whatsoever .,LABEL_0,almost necessarily disgusting. vulgar. pathetic. against a value value value.,LABEL_0,False,0.7271344065666199,35
446,". . . strips bible stores of the potential for sanctimoniousness , making them meaningful for both kids and church-wary adults .",LABEL_1,"... inform christian stores for a quest toward sanctimoniousness, makes it useful throughout the child or teen- age groups.",LABEL_1,False,0.7412201762199402,65
447,"it's an unusual , thoughtful bio-drama with a rich subject and some fantastic moments and scenes .",LABEL_1,"its' just a interesting, sophisticated socio- comedy of the strong narrative or any special situations or moments.",LABEL_1,False,0.7553259134292603,35
448,the most ingenious film comedy since being john malkovich .,LABEL_1,a biggest feature production ever for a starring malkovich.,LABEL_1,False,0.7761362195014954,26
449,the film truly does rescue [the funk brothers] from motown's shadows . it's about time .,LABEL_1,this movie really helps take[ another funk era] in today' 90s music. he' is on film.,LABEL_1,False,0.7053031921386719,46
450,there's not one decent performance from the cast and not one clever line of dialogue .,LABEL_0,here' t only the good impression of no cast but even another coherent piece through conversation.,LABEL_0,False,0.7237980961799622,36
451,"when you find yourself rooting for the monsters in a horror movie , you know the picture is in trouble .",LABEL_0,"when you find yourself rooting for the monsters in a horror movie, you know the picture is in place.",LABEL_1,True,0.950876772403717,21
452,the entire movie is filled with deja vu moments .,LABEL_1,this entire movie is filled with deja vu scenes.,LABEL_0,True,0.9565380215644836,12
453,it reduces the complexities to bromides and slogans and it gets so preachy-keen and so tub-thumpingly loud it makes you feel like a chump just for sitting through it .,LABEL_0,it reduces the complexities to bromides and slogans and it makes so preachy- keen and so tub- thumpingly loud it makes you feel like a freak just for sitting through it.,LABEL_1,True,0.9905134439468384,34
454,"at its worst , the movie is pretty diverting ; the pity is that it rarely achieves its best .",LABEL_0,"as it best, this film becomes highly acclaimed; another worst thing because they barely fulfill it goal.",LABEL_0,False,0.7556679248809814,35
455,"a boring masquerade ball where normally good actors , even kingsley , are made to look bad .",LABEL_0,"a little drama play when the bad guy, including kingsley, gets shown some seem decent.",LABEL_0,False,0.7331534028053284,35
456,"harvard man is a semi-throwback , a reminiscence without nostalgia or sentimentality .",LABEL_0,"harvard life as a semi- biography, a reminiscence without nostalgia or feeling.",LABEL_1,True,0.8242978453636169,32
457,"it shares the first two films' loose-jointed structure , but laugh-out-loud bits are few and far between .",LABEL_0,"they follows those latter 2 series' loose- jointed structure, and laugh- in- laugh scenes remain far but yards from.",LABEL_0,False,0.7145286798477173,87
458,this will go on so long as there are moviegoers anxious to see strange young guys doing strange guy things .,LABEL_0,this will go on so long as there are moviegoers anxious to see strange young guys doing strange strange things.,LABEL_1,True,0.9783893823623657,22
459,"[shyamalan] continues to cut a swathe through mainstream hollywood , while retaining an integrity and refusing to compromise his vision .",LABEL_1,"[ he] continued the cut a swathe throughout new hollywood, though exhibiting a edge or refusal towards limit their success.",LABEL_0,True,0.7382560968399048,80
460,"enigma is well-made , but it's just too dry and too placid .",LABEL_0,"enigma seems perfectly- fine, and it' is probably not soft or ... hard.",LABEL_0,False,0.7772176265716553,39
461,"its story about a young chinese woman , ah na , who has come to new york city to replace past tragedy with the american dream is one that any art-house moviegoer is likely to find compelling .",LABEL_1,"her tale around an new asian girl, wu yi, which soon arrived through young england and i relate our struggles for a chinese woman story about what every adult- film enthusiast am sure might watch interesting.",LABEL_1,False,0.7649388313293457,73
462,"the obnoxious special effects , the obligatory outbursts of flatulence and the incessant , so-five-minutes-ago pop music on the soundtrack overwhelm what is left of the scruffy , dopey old hanna-barbera charm .",LABEL_0,"every annoying visual appeal, an endless barrage about it or any strange, after- three- hours- ending cartoon melodies for a tv: whatever was known in every scruffy, bad little ex- teen soul.",LABEL_0,False,0.7473329901695251,81
463,"a mediocre exercise in target demographics , unaware that it's the butt of its own joke .",LABEL_0,"a successful exercise in target demographics, unaware that it' s the butt of its own joke.",LABEL_1,True,0.9490110874176025,18
464,a captivating and intimate study about dying and loving . . .,LABEL_1,the deep& meaningful journey toward dying& dying...,LABEL_1,False,0.7580400705337524,33
465,"despite juliet stevenon's attempt to bring cohesion to pamela's emotional roller coaster life , it is not enough to give the film the substance it so desperately needs .",LABEL_0,"with robert vaughn' s effort will supply background to pamela' s troubled- up life, it is hardly needed to give the film the life it so richly provides.",LABEL_1,True,0.7443493604660034,60
466,"talkiness isn't necessarily bad , but the dialogue frequently misses the mark .",LABEL_0,"dialogue is' not only good, and some writing always missed some point.",LABEL_0,False,0.8034666180610657,25
467,"the movie is almost completely lacking in suspense , surprise and consistent emotional conviction .",LABEL_0,"this film seems too entirely devoid by surprise, suspense or much dramatic turmoil.",LABEL_0,False,0.8734852075576782,27
468,"as ex-marine walter , who may or may not have shot kennedy , actor raymond j . barry is perfectly creepy and believable .",LABEL_1,"with marine- soldier barry, whom could nor might never actually shoot anyone, the real mr. walter looks extremely charming but kind.",LABEL_1,False,0.7747495174407959,43
469,"the self-serious equilibrium makes its point too well ; a movie , like life , isn't much fun without the highs and lows .",LABEL_0,"this sometimes- critical side plays their trick so closely; a life, like life, shouldn' t necessarily be from a high or low.",LABEL_1,True,0.623977541923523,56
470,the warnings to resist temptation in this film . . . are blunt and challenging and offer no easy rewards for staying clean .,LABEL_0,the warnings to resist temptation in this film... are blunt and challenging and offer the easy rewards for staying clean.,LABEL_1,True,0.9912096261978149,22
471,"works because we're never sure if ohlinger's on the level or merely a dying , delusional man trying to get into the history books before he croaks .",LABEL_0,"but sometimes you' ll not knowing whether ohlinger' runs into a spot such as some crazy, evil spirit, must work through any old story that it writes.",LABEL_0,False,0.7856943011283875,69
472,"the smash 'em-up , crash 'em-up , shoot 'em-up ending comes out of nowhere substituting mayhem for suspense .",LABEL_0,"a hit' s- ass, catch' me- up, kill' em- up ending come in their place with need of action.",LABEL_0,False,0.7167693376541138,76
473,chouraqui brings documentary-like credibility to the horrors of the killing field and the barbarism of 'ethnic cleansing . ',LABEL_1,this gives film- based credibility of an mystery about an ethnic cleansing or a reality like' cultural genocide.',LABEL_1,False,0.7379065752029419,51
474,the world needs more filmmakers with passionate enthusiasms like martin scorsese . but it doesn't need gangs of new york .,LABEL_1,this industry need its actors like new directors with john williams. but it isn' t really much like the yorker.,LABEL_0,True,0.6970625519752502,39
475,"a real audience-pleaser that will strike a chord with anyone who's ever waited in a doctor's office , emergency room , hospital bed or insurance company office .",LABEL_1,"this very crowd- pleasing show can stir the conversation among people which' m already performed inside any doctors' waiting room, waiting section, emergency lobby and medical practice setting.",LABEL_1,False,0.8188071250915527,57
476,final verdict : you've seen it all before .,LABEL_1,final decision: you' ve seen it all before.,LABEL_0,True,0.7953267693519592,10
477,koepp's screenplay isn't nearly surprising or clever enough to sustain a reasonable degree of suspense on its own .,LABEL_0,thompson' the script is' not entirely clever and realistic yet does place some substantial dose about suspense onto his film.,LABEL_0,False,0.7842879891395569,54
478,a real snooze .,LABEL_0,a real one.,LABEL_1,True,0.42294037342071533,5
479,"oh , james ! your 20th outing shows off a lot of stamina and vitality , and get this , madonna's cameo doesn't suck !",LABEL_1,"oh, hell! your 20th outing shows off a lot of stamina and vitality, and get this, madonna' s cameo doesn' t do!",LABEL_0,True,0.9131656885147095,25
480,"a charming , banter-filled comedy . . . one of those airy cinematic bon bons whose aims -- and by extension , accomplishments -- seem deceptively slight on the surface .",LABEL_1,"a witty, banter- filled comedy... one of those airy cinematic bon bons which aims-- and by extension, accomplishments-- seem deceptively slight on the surface.",LABEL_0,True,0.9912058115005493,27
481,"[washington's] strong hand , keen eye , sweet spirit and good taste are reflected in almost every scene .",LABEL_1,"[ george' c] fine hands, sparkling eyes, strong voice& spirited spirit is brought within near a glance.",LABEL_1,False,0.7524803876876831,35
482,an intimate contemplation of two marvelously messy lives .,LABEL_1,a inner journey in bringing together messy things.,LABEL_1,False,0.7530326843261719,30
483,"bittersweet comedy/drama full of life , hand gestures , and some really adorable italian guys .",LABEL_1,"italian comedies/ comedy drama for friendship, friendly signals, or all incredibly nice looking men.",LABEL_1,False,0.817968487739563,29
484,"the artwork is spectacular and unlike most animaton from japan , the characters move with grace and panache .",LABEL_1,"this art seems beautiful but with their artwork in anime, some illustrations play on lots of grace.",LABEL_1,False,0.768224835395813,35
485,"a determined , ennui-hobbled slog that really doesn't have much to say beyond the news flash that loneliness can make people act weird .",LABEL_0,"the lonely, semi- regular slog that sometimes shouldn' re with more than show before another party- because life began making humans behave strange.",LABEL_0,False,0.7067450284957886,63
486,"it's hard to pity the 'plain' girl who becomes a ravishing waif after applying a smear of lip-gloss . rather , pity anyone who sees this mishmash .",LABEL_0,"its' so difficult not be this' typical' gal which sees the poor girl while adding no touch on lip- polish. besides, pity anybody which deserves the one.",LABEL_0,False,0.7142967581748962,82
487,""" not really as bad as you might think ! """,LABEL_0,""" no quite so good if we may suppose!""",LABEL_0,False,0.7903246879577637,17
488,the thing looks like a made-for-home-video quickie .,LABEL_0,this picture appears as an making- with- video- videos quickie.,LABEL_0,False,0.8482118248939514,35
489,"stealing harvard will dip into your wallet , swipe 90 minutes of your time , and offer you precisely this in recompense : a few early laughs scattered around a plot as thin as it is repetitious .",LABEL_0,"then somebody might pull out your wallet, stole four seconds like their own, but spare them of this without recompense: the lot dull laughs wrapped along some plot. rich as this are repetitious.",LABEL_0,False,0.7051386833190918,146
490,a great script brought down by lousy direction . same guy with both hats . big mistake .,LABEL_0,a great script brought down by lousy direction. same guy with both hats. big story.,LABEL_1,True,0.9659025073051453,17
491,the uneven movie does have its charms and its funny moments but not quite enough of them .,LABEL_0,"each entire film do have its charm and its amusing, but no- less of it.",LABEL_1,True,0.801349937915802,29
492,watching spirited away is like watching an eastern imagination explode .,LABEL_1,the setting away is like watching an eastern imagination explode.,LABEL_0,True,0.6993321776390076,13
493,"the only upside to all of this unpleasantness is , given its labor day weekend upload , feardotcom should log a minimal number of hits .",LABEL_0,"no great exception of each with the status:, unlike their labour of daily network, feardotcom will log some minimum amount at times.",LABEL_0,False,0.793681263923645,67
494,"the cast has a high time , but de broca has little enthusiasm for such antique pulp .",LABEL_0,"this film gives some extra life, and so broca had less desire on low quality material.",LABEL_0,False,0.7201656103134155,43
495,this is an insultingly inept and artificial examination of grief and its impacts upon the relationships of the survivors .,LABEL_0,these are this apparently crude or accurate measure against grief or their affects over other experiences between those individuals.,LABEL_0,False,0.7631875276565552,42
496,"you have once again entered the bizarre realm where director adrian lyne holds sway , where all relationships are simultaneously broadly metaphorical , oddly abstract , and excruciatingly literal .",LABEL_1,"you have once before visited the bizarre realm where director adrian lyne holds sway, where all relationships are simultaneously broadly metaphorical, oddly abstract, and overly literal.",LABEL_0,True,0.98045814037323,30
497,". . . a ho-hum affair , always watchable yet hardly memorable .",LABEL_0,"... another one- bit affair, often even while not quite.",LABEL_0,False,0.7061234712600708,26
498,"road to perdition does display greatness , and it's worth seeing . but it also comes with the laziness and arrogance of a thing that already knows it's won .",LABEL_1,"road to victory does find me, and it' s worth seeing. but it also comes with an laziness and arrogance of a thing that already knows it' s won.",LABEL_0,True,0.7368369102478027,34
499,"this kind of hands-on storytelling is ultimately what makes shanghai ghetto move beyond a good , dry , reliable textbook and what allows it to rank with its worthy predecessors .",LABEL_1,"every moment through built- into narrative: really which sees each ghetto story as another fun, smart, interesting book but which requires your careful blend among your great peers.",LABEL_1,False,0.7190072536468506,71
500,"tykwer's surface flash isn't just a poor fit with kieslowski's lyrical pessimism ; it completely contradicts everything kieslowski's work aspired to , including the condition of art .",LABEL_0,"today' s new light aren' t just a poor fit with today' s growing art; it certainly shows everything kieslowski' s work aspired to, specifically any form of literature.",LABEL_1,True,0.7133444547653198,43
501,"blue crush has all the trappings of an energetic , extreme-sports adventure , but ends up more of a creaky "" pretty woman "" retread , with the emphasis on self-empowering schmaltz and big-wave surfing that gives pic its title an afterthought .",LABEL_0,"blue crush has all the trappings of an energetic, extreme- sports adventure, but ends up more of a simple"" pretty woman"" retread, with the emphasis on self- empowering schmaltz and big- wave surfing that gives pic its title an afterthought.",LABEL_1,True,0.9903059005737305,42
502,a marvelous performance by allison lohman as an identity-seeking foster child .,LABEL_1,a featured role by jessica miller as an abuse- seeking foster parent.,LABEL_0,True,0.6375560164451599,25
503,"if we sometimes need comforting fantasies about mental illness , we also need movies like tim mccann's revolution no . 9 .",LABEL_1,"though you truly explore our thoughts of psychiatric issues, they just have ones with gary burton' ll film 9. 10.",LABEL_1,False,0.7722196578979492,41
504,one of the funnier movies in town .,LABEL_1,1 of the funnier movies in town.,LABEL_0,True,0.9436386823654175,9
505,"for something as splendid-looking as this particular film , the viewer expects something special but instead gets [sci-fi] rehash .",LABEL_0,"with being so good- fashioned as this one film, the reader sees anything similar but it gets[ sci- fi] it.",LABEL_1,True,0.8192098140716553,33
506,"soulless and -- even more damning -- virtually joyless , xxx achieves near virtuosity in its crapulence .",LABEL_1,"pure and-- even more damning-- virtually joyless, all possessed near joy in their crapulence.",LABEL_0,True,0.6268264055252075,23
507,"time literally stops on a dime in the tries-so-hard-to-be-cool "" clockstoppers , "" but that doesn't mean it still won't feel like the longest 90 minutes of your movie-going life .",LABEL_0,"that actually stopped by no point from this just- too- long- must- stay- true"" time,"" and also does' em: it actually wouldn' yo feels unlike any perfect one minute on its ever- brief lives.",LABEL_0,False,0.7207009792327881,72
508,". . . planos fijos , tomas largas , un ritmo pausado y una sutil observación de sus personajes , sin estridencias ni grandes revelaciones .",LABEL_1,"... dos ramos, los mas, sin nuevo mundo a la vida: y, y, o es en una ciudad.",LABEL_1,False,0.7457783222198486,39
509,there is a general air of exuberance in all about the benjamins that's hard to resist .,LABEL_1,this gives some definite hints at something about this that those benjamins who' ve and they ignore.,LABEL_1,False,0.787095308303833,34
510,"doesn't do more than expand a tv show to movie length . however , it's pleasant enough and its ecological , pro-wildlife sentiments are certainly welcome .",LABEL_1,"it' is even better that pull some television series for great lengths. although, it' t big. but your ecological, to- us opinions, very clear.",LABEL_1,False,0.7722640037536621,68
511,"spielberg's picture is smarter and subtler than [total recall and blade runner] , although its plot may prove too convoluted for fun-seeking summer audiences .",LABEL_0,"it' s picture is smarter and subtler than[ total recall and blade runner], although its plot may prove too convoluted for fun- seeking summer audiences.",LABEL_1,True,0.8949522376060486,27
512,"the story itself it mostly told through on-camera interviews with several survivors , whose riveting memories are rendered with such clarity that it's as if it all happened only yesterday .",LABEL_1,"a narrative of events was made via on- video interview of the characters, where all stories are recounted of such detail that it' s as if they only happens just recently.",LABEL_0,True,0.7313923239707947,55
513,"all in all , brown sugar is a satisfying well-made romantic comedy that's both charming and well acted . it will guarantee to have you leaving the theater with a smile on your face .",LABEL_1,"just as general, green sugar provides some truly home- spirited black drama as', all memorable but easily performed. you should be and hold it in a mood despite some smirk off you later.",LABEL_1,False,0.7791476845741272,75
514,"like its title character , this nicholas nickleby finds itself in reduced circumstances -- and , also like its hero , it remains brightly optimistic , coming through in the end .",LABEL_1,"with his titular title, the peter nickleby sees himself under dire situation-- but,, unlike our protagonist, his is also successful, passing on until an epilogue.",LABEL_1,False,0.8097167015075684,67
515,one of the best of a growing strain of daring films . . . that argue that any sexual relationship that doesn't hurt anyone and works for its participants is a relationship that is worthy of our respect .,LABEL_1,two as a pioneers with this long stretch on these films... they say about the intimate sex which shouldn' e respect us or work against my partners in any situation when really required about its relationship.,LABEL_1,False,0.8292441368103027,87
516,"cockettes has the glorious , gaudy benefit of much stock footage of those days , featuring all manner of drag queen , bearded lady and lactating hippie .",LABEL_1,"one gets no full, artistic benefit of much stock footage of those days, featuring all manner of drag queen, bearded girl and eccentric hippie.",LABEL_0,True,0.6466790437698364,54
517,"the film occasionally tries the viewer's patience with slow pacing and a main character who sometimes defies sympathy , but it ultimately satisfies with its moving story .",LABEL_1,"this story frequently struggles an reader' first interest of constant motion or the supporting actor which constantly feels lost, and he also moves throughout their overall narrative.",LABEL_1,False,0.7360396981239319,55
518,"by the time it ends in a rush of sequins , flashbulbs , blaring brass and back-stabbing babes , it has said plenty about how show business has infiltrated every corner of society -- and not always for the better .",LABEL_1,"by the times it ends in a bunch of sequins, flashbulbs, blaring brass and back- stabbing babes, it has said plenty about how show business has infiltrated every corner of society-- and not necessarily for the better.",LABEL_0,True,0.9845141172409058,41
519,you can tell almost immediately that welcome to collinwood isn't going to jell .,LABEL_0,you can see right immediately that welcome to collinwood isn' t much to jell.,LABEL_1,True,0.9428703188896179,18
520,a sloppy slapstick throwback to long gone bottom-of-the-bill fare like the ghost and mr . chicken .,LABEL_0,a little a touch and long gone bottom- with- the- bill fare like the ghost and mrs. george.,LABEL_0,False,0.7114934325218201,134
521,""" austin powers in goldmember "" has the right stuff for silly summer entertainment and has enough laughs to sustain interest to the end .",LABEL_1,""" steve allen of heaven"" has the same thing for the summer ... and has needed time to sustain interest to a minimum.",LABEL_0,True,0.6099783182144165,51
522,"what we get in feardotcom is more like something from a bad clive barker movie . in other words , it's badder than bad .",LABEL_0,"which we get in general are much as excerpts of the little clive ##n ##n. from simple sense,'' is badder than scary.",LABEL_0,False,0.7415861487388611,102
523,"a relatively effective little potboiler until its absurd , contrived , overblown , and entirely implausible finale .",LABEL_0,"a fairly successful, and until its absurd, contrived, overblown, and entirely unnecessary ending.",LABEL_1,True,0.683504581451416,21
524,"it stars schticky chris rock and stolid anthony hopkins , who seem barely in the same movie . their contrast is neither dramatic nor comic -- it's just a weird fizzle .",LABEL_0,"it has stars michael rock and actor anthony hopkins, who seem barely in the same movie. their contrast is neither dramatic nor comic-- it' s just a subtle combination.",LABEL_1,True,0.8976366519927979,36
525,"forages for audience sympathy like a temperamental child begging for attention , giving audiences no reason to truly care for its decrepit freaks beyond the promise of a reprieve from their incessant whining .",LABEL_0,"searching for shared sympathy like a temperamental child begging for attention, giving audiences any reason to truly care for its decrepit freaks beyond the promise of a reprieve from their incessant whining.",LABEL_1,True,0.8309065103530884,36
526,. . . a fairly disposable yet still entertaining b picture .,LABEL_1,... a fairly disposable yet generally entertaining b picture.,LABEL_0,True,0.9765371680259705,10
527,"if anything , see it for karen black , who camps up a storm as a fringe feminist conspiracy theorist named dirty dick .",LABEL_0,"oh indeed, watch it for karen black, who camps up a storm as a fringe feminist conspiracy theorist called karen black.",LABEL_1,True,0.7851545214653015,28
528,. . . a good film that must have baffled the folks in the marketing department .,LABEL_1,... another great movie which could had shocked some people about an entertainment market.,LABEL_1,False,0.7817986607551575,27
529,"i'm happy to have seen it -- not as an alternate version , but as the ultimate exercise in viewing deleted scenes .",LABEL_1,"me' t thrilled anyone has seen it-- not as an original one, but as the standard practice at seeing archive footage.",LABEL_0,True,0.7237663269042969,35
530,eckstraordinarily lame and severely boring .,LABEL_0,extremely boring and extremely dull.,LABEL_0,False,0.7130969762802124,12
531,"whether or not ram dass proves as clear and reliable an authority on that as he was about inner consciousness , fierce grace reassures us that he will once again be an honest and loving one .",LABEL_1,"if no ##c he has proved, thorough but firm the expert about things that it was for conscious judgment, the grace gives me whether his shall once another remain some active or sensitive subject.",LABEL_1,False,0.701008677482605,112
532,"a brutal and funny work . nicole holofcenter , the insightful writer/director responsible for this illuminating comedy doesn't wrap the proceedings up neatly but the ideas tie together beautifully .",LABEL_1,"an brilliant but satisfying experience. ... holofcenter, a creative advisor/ screenwriter credit on the romantic comedies can' s tie this drama down perfectly and some characters rub off nicely.",LABEL_1,False,0.7933527231216431,73
533,"by its modest , straight-ahead standards , undisputed scores a direct hit .",LABEL_1,"under their simple, far- between style, neither scores a direct winner.",LABEL_0,True,0.5902479887008667,26
534,"a melancholy , emotional film .",LABEL_1,"an emotional, dramatic scene.",LABEL_1,False,0.7086235284805298,9
535,feels more like a rejected x-files episode than a credible account of a puzzling real-life happening .,LABEL_0,felt rather as some typical x- file story without any true explanation in another more out- world situation.,LABEL_0,False,0.7409841418266296,43
536,the production values are of the highest and the performances attractive without being memorable .,LABEL_1,the production values are of the highest and the performances are without being memorable.,LABEL_0,True,0.977009654045105,16
537,"girlfriends are bad , wives are worse and babies are the kiss of death in this bitter italian comedy .",LABEL_0,"girlfriends are bad, wives are better and babies are the kiss of death in this bitter italian comedy.",LABEL_1,True,0.9879156351089478,20
538,i spied with my little eye . . . a mediocre collection of cookie-cutter action scenes and occasionally inspired dialogue bits,LABEL_0,i spied with my little eye... a fine collection of cookie- cutter action scenes and occasionally inspired dialogue bits,LABEL_1,True,0.9820983409881592,21
539,even when crush departs from the 4w formula . . . it feels like a glossy rehash .,LABEL_0,especially how everything emerges after this 4w formula... they felt as a glossy thing.,LABEL_1,True,0.7113820314407349,56
540,the drama discloses almost nothing .,LABEL_0,each story discloses exactly everything.,LABEL_1,True,0.6239129304885864,25
541,"directed in a flashy , empty sub-music video style by a director so self-possessed he actually adds a period to his first name",LABEL_0,"presented in a slow, intense sub- music video style by a director so self- possessed he literally adds a period to his first name",LABEL_1,True,0.9263893961906433,29
542,"there is a real subject here , and it is handled with intelligence and care .",LABEL_1,"it are some serious matter about, but it am dealt in by, intelligence.",LABEL_1,False,0.7935422658920288,29
543,"behan's memoir is great material for a film -- rowdy , brawny and lyrical in the best irish sense -- but sheridan has settled for a lugubrious romance .",LABEL_1,"sheridan'"" story remains excellent stuff like another novelist-- beautiful, romantic but touching by every greatest of ways-- and one is hoped in the serious part.",LABEL_1,False,0.7395514249801636,53
544,"ultimately , sarah's dedication to finding her husband seems more psychotic than romantic , and nothing in the movie makes a convincing case that one woman's broken heart outweighs all the loss we witness .",LABEL_0,"moreover, laura' personal reactions about seeing our lover becomes deeper tragic as dramatic, but nowhere under each film are the compelling proof why the man'- breaking relationship deserves even some recognition they receive.",LABEL_0,False,0.7063039541244507,69
545,a sensitive and astute first feature by anne-sophie birot .,LABEL_1,the subtle or controversial new feature by anne- sofie klein.,LABEL_1,False,0.7128801345825195,49
546,"i had a dream that a smart comedy would come along to rescue me from a summer of teen-driven , toilet-humor codswallop , and its name was earnest .",LABEL_1,"i believed a vision of a real comedy would come along to rescue me from a summer of teen- driven, toilet- humor codswallop, but its title was apt.",LABEL_0,True,0.7892197370529175,36
547,"for those who like quirky , slightly strange french films , this is a must !",LABEL_1,"among folks which love fantastic, but for french movies, that gets an first!",LABEL_1,False,0.821825385093689,40
548,there are many definitions of 'time waster' but this movie must surely be one of them .,LABEL_0,here do few instances about' time wasted' and the one could not be one in it.,LABEL_0,False,0.7219879627227783,59
549,"has none of the crackle of "" fatal attraction "" , "" 9 ½ weeks "" , or even "" indecent proposal "" , and feels more like lyne's stolid remake of "" lolita "" .",LABEL_0,"finds nothing on any charm on"" strong feelings"","" 6 to time"", and really"" love somebody"", but remains very unlike lyne' ##s original demo with"" forever"".",LABEL_0,False,0.7027269601821899,65
550,"mike white's deft combination of serious subject matter and dark , funny humor make "" "" the good girl "" a film worth watching .",LABEL_1,"that""' his strong use over realistic subjects, but raw, dark humor makes"""" no good girl"" an blockbuster for ages.",LABEL_1,False,0.7214890718460083,83
551,a film that clearly means to preach exclusively to the converted .,LABEL_1,a film which now serves to refer exclusively to the individual.,LABEL_0,True,0.5998223423957825,36
552,a feeble tootsie knockoff .,LABEL_0,a perfect tootsie knockoff.,LABEL_1,True,0.932286262512207,6
553,cattaneo reworks the formula that made the full monty a smashing success . . . but neglects to add the magic that made it all work .,LABEL_0,cattaneo reworks the formula that made the full monty a smashing success... but only to add the magic that made it all work.,LABEL_1,True,0.9970791339874268,25
554,"the film is a blunt indictment , part of a perhaps surreal campaign to bring kissinger to trial for crimes against humanity .",LABEL_1,"the film is a violent indictment, part of a perhaps surreal campaign to bring kissinger to trial for crime in hollywood.",LABEL_0,True,0.9329720735549927,26
555,"this is as lax and limp a comedy as i've seen in a while , a meander through worn-out material .",LABEL_0,"which seems like stiff& in this way unlike my' ve read since this decade, this look about pass- through comedy.",LABEL_0,False,0.7185386419296265,56
556,"like kissing jessica stein , amy's orgasm has a key strength in its willingness to explore its principal characters with honesty , insight and humor .",LABEL_1,"as with kim newman, amy' a orgasm is an crucial point toward our ability towards connect their supporting character through sensitivity, honesty or understanding.",LABEL_1,False,0.8503095507621765,77
557,"it feels like very light errol morris , focusing on eccentricity but failing , ultimately , to make something bigger out of its scrapbook of oddballs .",LABEL_0,"it seems somehow strangely similar of morris, built on eccentricity but trying, desperately, to make things interesting out of my collection of material.",LABEL_1,True,0.7307062149047852,70
558,"the story gives ample opportunity for large-scale action and suspense , which director shekhar kapur supplies with tremendous skill .",LABEL_1,"this plot provides considerable opportunities by huge- character acting& writing, where filmmaker ravi singh finds by amazing detail.",LABEL_1,False,0.771947979927063,39
559,"though its rather routine script is loaded with familiar situations , the movie has a cinematic fluidity and sense of intelligence that makes it work more than it probably should .",LABEL_1,"although their very detailed screenplay often littered around unusual moments, this script requires no special sensitivity or depth with insight which make them go better if they likely would.",LABEL_0,True,0.7829021215438843,59
560,festers in just such a dungpile that you'd swear you were watching monkeys flinging their feces at you .,LABEL_0,all had to be this dungpile than it' n if it noticed the monkeys spitting your food in them.,LABEL_0,False,0.7283992767333984,67
561,two hours of sepia-tinted heavy metal images and surround sound effects of people moaning .,LABEL_0,three minutes into heavily- populated soft music. or some visual images about someone screaming.,LABEL_0,False,0.7383042573928833,31
562,"even when he's not at his most critically insightful , godard can still be smarter than any 50 other filmmakers still at work .",LABEL_1,"although even it' ts still beyond their core intensely successful, godard must definitely think more unlike another 20 hollywood writers now in it.",LABEL_1,False,0.7628322839736938,61
563,the spalding gray equivalent of a teen gross-out comedy .,LABEL_0,some totally boring version of some teen gross- out movie.,LABEL_0,False,0.7020197510719299,53
564,with the prospect of films like kangaroo jack about to burst across america's winter movie screens it's a pleasure to have a film like the hours as an alternative .,LABEL_1,despite some potential for film from cactus studios continuing with operate during melbourne' s night time hours its' s a delight you watch a bit for a movie without this opportunity.,LABEL_0,True,0.7430950403213501,59
565,the film is way too full of itself ; it's stuffy and pretentious in a give-me-an-oscar kind of way .,LABEL_0,this film isn simply not much of it; it' s funny and acted in a give- me- an- away sorts of manner.,LABEL_1,True,0.7412996888160706,49
566,"as warm as it is wise , deftly setting off uproarious humor with an underlying seriousness that sneaks up on the viewer , providing an experience that is richer than anticipated .",LABEL_1,"think carefully before he seems directed, always picking up a joke by the infectious laughter which rubs down off this reader, gives this audience what feels more generally pleasant.",LABEL_1,False,0.7391743659973145,59
567,"it's like rocky and bullwinkle on speed , but that's neither completely enlightening , nor does it catch the intensity of the movie's strangeness .",LABEL_0,"he' s of bull or rider on speed, but that' s never terribly enlightening, or does it catch the intensity of this scene' s effect.",LABEL_1,True,0.7052517533302307,52
568,a well-rounded tribute to a man whose achievements -- and complexities -- reached far beyond the end zone .,LABEL_1,the deeply- laid foundation on an man who talents-- or yet-- traveled much beyond some certain point.,LABEL_1,False,0.7116541862487793,59
569,"at a brief 42 minutes , we need more x and less blab .",LABEL_0,"on any further 42 times, we require better x but longer b.",LABEL_0,False,0.7583447694778442,44
570,"the way home is an ode to unconditional love and compassion garnered from years of seeing it all , a condition only the old are privy to , and . . . often misconstrued as weakness .",LABEL_1,"a way itself is an ode to pure love and compassion garnered from years of seeing it all, a condition only the old are privy to, and... sometimes regarded as lacking.",LABEL_0,True,0.7233535051345825,38
571,"the first mistake , i suspect , is casting shatner as a legendary professor and kunis as a brilliant college student--where's pauly shore as the rocket scientist ?",LABEL_0,"an other part, i guess, is with you as a legendary professor and kunis as a brilliant college student-- where' s pauly schneider as some chief suspect?",LABEL_1,True,0.69054114818573,40
572,"rollerball is as bad as you think , and worse than you can imagine .",LABEL_0,"rollerball gets pretty good as you say, and better if you can think.",LABEL_1,True,0.8503530621528625,24
573,"an involving , inspirational drama that sometimes falls prey to its sob-story trappings .",LABEL_1,"a intense, engaging story which occasionally drops down towards some movie- worthy themes.",LABEL_1,False,0.747870683670044,27
574,an almost unbearably morbid love story .,LABEL_0,an almost unbearably intimate love story.,LABEL_1,True,0.8267022371292114,8
575,"it just goes to show , an intelligent person isn't necessarily an admirable storyteller .",LABEL_0,"he merely has in show, the educated one doesn' figure being the apt storyteller.",LABEL_0,False,0.7194386720657349,57
576,"a subtle , poignant picture of goodness that is flawed , compromised and sad .",LABEL_1,"an clear, vivid depiction about everything which feels wrong, flawed but flawed.",LABEL_1,False,0.7563133835792542,25
577,"my little eye is the best little "" horror "" movie i've seen in years .",LABEL_1,"your bad movie being the best real"" worst"" movie i' ve seen in awhile.",LABEL_0,True,0.5639732480049133,24
578,". it's a testament to the film's considerable charm that it succeeds in entertaining , despite playing out like a feature-length sitcom replete with stereotypical familial quandaries . there's a sheer unbridled delight in the way the story unfurls . . .",LABEL_1,". its' is another surprise with this movie' t obvious simplicity as its results of success, while played merely as the tv- quality comedy plagued of recurring character tension. what' creates some genuine psychological factor around each place these narrative leads...",LABEL_1,False,0.8230931758880615,81
579,"much credit must be given to the water-camera operating team of don king , sonny miller , and michael stewart . their work is fantastic .",LABEL_1,"some emphasis may been gave of a co- creative operating team of don king, sonny stewart, and michael stewart. its production looks exceptional.",LABEL_1,False,0.7060034275054932,152
580,"despite its faults , gangs excels in spectacle and pacing .",LABEL_1,"among their participants, gangs excel through play or performance.",LABEL_1,False,0.7469960451126099,19
581,"while the new film is much more eye-catching than its blood-drenched stephen norrington-directed predecessor , the new script by the returning david s . goyer is much sillier .",LABEL_1,"although the new film is much more eye- watering than its blood- drenched stephen norrington- directed predecessor, the new script by the returning david s. thompson is much sillier.",LABEL_0,True,0.8996692895889282,33
582,"broder's screenplay is shallow , offensive and redundant , with pitifully few real laughs .",LABEL_0,"scott'' screenplay seems weak, uneven but redundant, containing but little decent laughs.",LABEL_0,False,0.7111988663673401,68
583,earnest yet curiously tepid and choppy recycling in which predictability is the only winner .,LABEL_1,and yet curiously tepid and choppy recycling in which predictability is the only winner.,LABEL_0,True,0.8494303226470947,16
584,"a bland , obnoxious 88-minute infomercial for universal studios and its ancillary products .",LABEL_0,"a typical, humorous 88- minute infomercial for universal studios and its ancillary products.",LABEL_1,True,0.9018886685371399,16
585,the story alone could force you to scratch a hole in your head .,LABEL_0,the idea really can force you to scratch a hole in your skull.,LABEL_1,True,0.6823661923408508,29
586,"if hill isn't quite his generation's don siegel ( or robert aldrich ) , it's because there's no discernible feeling beneath the chest hair ; it's all bluster and cliché .",LABEL_0,"for anyone ain' ts just their pal' t guy siegel( and joe cobb), he' is because he' a some real thing under no chest hair; his' til both old& dull.",LABEL_0,False,0.7188611030578613,106
587,"fessenden continues to do interesting work , and it would be nice to see what he could make with a decent budget . but the problem with wendigo , for all its effective moments , isn't really one of resources .",LABEL_0,"he has done some great works, but we shall see eager ears hear how it might improve over no minimal fee. and a work on wendigo, of some fairly rare characteristics, is' not entirely representative with any.",LABEL_0,False,0.8586748838424683,85
588,"a breathtaking adventure for all ages , spirit tells its poignant and uplifting story in a stunning fusion of music and images .",LABEL_1,"another unique offering of the ages, it presents your authentic but inspiring story through another beautiful blend through songs& music.",LABEL_1,False,0.7191305160522461,71
589,the plot is paper-thin and the characters aren't interesting enough to watch them go about their daily activities for two whole hours .,LABEL_0,a paper turns ultra- boring but some others isn' not good able even see themselves focusing on their weekly show of three- hour.,LABEL_0,False,0.7342501878738403,50
590,perhaps even the slc high command found writer-director mitch davis's wall of kitsch hard going .,LABEL_0,"maybe, a supreme high command found writer- director mitch davis' s wall of kitsch surprisingly enough.",LABEL_1,True,0.8810588121414185,24
591,bearable . barely .,LABEL_0,bearable. yes.,LABEL_1,True,0.933113694190979,4
592,"while it's nothing we haven't seen before from murphy , i spy is still fun and enjoyable and so aggressively silly that it's more than a worthwhile effort .",LABEL_1,"though they' er something me hasn' sight run through with before, to spy are genuinely sweet or entertaining or quite utterly ridiculous if they' ve worth even the little fun.",LABEL_1,False,0.7617436647415161,60
593,"here polanski looks back on those places he saw at childhood , and captures them by freeing them from artefact , and by showing them heartbreakingly drably .",LABEL_1,"here he goes back on these places he saw at childhood, and captures them by freeing them from artefact, and by depicting them too drably.",LABEL_0,True,0.7281728386878967,31
594,it's tough to be startled when you're almost dozing .,LABEL_0,it' s tough to be startled when you' re almost there.,LABEL_1,True,0.8092674016952515,13
595,the result is so tame that even slightly wised-up kids would quickly change the channel .,LABEL_0,every channel looks very clear that even more stuck- up kids could somehow win this situation.,LABEL_1,True,0.7463155388832092,29
596,"goofy , nutty , consistently funny . and educational !",LABEL_1,"silly, humorous, always humorous. and stupid!",LABEL_0,True,0.6135932207107544,14
597,"there's real visual charge to the filmmaking , and a strong erotic spark to the most crucial lip-reading sequence .",LABEL_1,"it' has that dramatic element to a film, but a natural visual approach to a many serious ill- read sequences.",LABEL_0,True,0.6146399974822998,48
598,does what should seem impossible : it makes serial killer jeffrey dahmer boring .,LABEL_0,about which could make interesting: he turns a dying jeffrey dahmer mad.,LABEL_0,False,0.736955463886261,51
599,it's lazy for a movie to avoid solving one problem by trying to distract us with the solution to another .,LABEL_0,he' s easy about a movie to avoid solving one problem by trying to distract us with the solutions to those.,LABEL_1,True,0.7751001119613647,27
600,you expect more from director michael apted ( enigma ) and screenwriter nicholas kazan ( reversal of fortune ) than this cliche pileup .,LABEL_0,it expected much for directors william nicholson( thriller) and michael alan kazan( tricks of luck) through another elaborate drama.,LABEL_1,True,0.7451757192611694,43
601,no such thing breaks no new ground and treads old turf like a hippopotamus ballerina .,LABEL_0,no. one occupies any new ground but uses new turf against some little horse.,LABEL_0,False,0.7017852067947388,70
602,it's a very valuable film . . .,LABEL_1,he' s a very bad film...,LABEL_0,True,0.5676848888397217,23
603,"'es en verdad una pena que mandoki esté realizando cintas tan malas desde hace algún tiempo , pues talento tiene , pero quién sabe dónde lo tiene escondido . '",LABEL_1,"' por te que es, un paso mas, con o ##que es ser de mas, un talento tiene, en se ve a es se va.'",LABEL_1,False,0.7157284021377563,81
604,"this hastily mounted production exists only to capitalize on hopkins' inclination to play hannibal lecter again , even though harris has no immediate inclination to provide a fourth book .",LABEL_0,"these full- volume attempts appear only later with harris' contract with book charles lecter himself, regardless if ward expresses a great desire for produce no third novel.",LABEL_0,False,0.7678692936897278,71
605,sade achieves the near-impossible : it turns the marquis de sade into a dullard .,LABEL_0,as does a nearly- kill: they turn this marquis of sade from an fool.,LABEL_0,False,0.765866756439209,48
606,"performances are potent , and the women's stories are ably intercut and involving .",LABEL_1,"women is portrayed, but each woman' re movements were beautifully composed& rendered.",LABEL_1,False,0.7343194484710693,27
607,an engrossing iranian film about two itinerant teachers and some lost and desolate people they encounter in a place where war has savaged the lives and liberties of the poor and the dispossessed .,LABEL_1,a iranian independent movie of 2 good kids and some lost and poor students they find in a situation where war has savaged the lives and liberties of these privileged or otherwise wealthy.,LABEL_0,True,0.8862978219985962,51
608,"the film is . . . determined to treat its characters , weak and strong , as fallible human beings , not caricatures , and to carefully delineate the cost of the inevitable conflicts between human urges and an institution concerned with self-preservation .",LABEL_1,"this movie are... able for define their subjects, natural but vulnerable, the regular- looking, so bad, or so easily minimize any protection over a natural conflict from the society or any organization dealing within human- interest.",LABEL_1,False,0.808600902557373,75
609,"hey arnold ! is now stretched to barely feature length , with a little more attention paid to the animation . still , the updated dickensian sensibility of writer craig bartlett's story is appealing .",LABEL_1,"?!! remains almost confined on its longer segments, though some touch shorter than compared with some characters. also, some slightly alien sensibility about george sidney harris' dramatic writing appears striking.",LABEL_1,False,0.7301901578903198,77
610,"the movie strains to stay on the light , comic side of the issue , despite the difficulty of doing so when dealing with the destruction of property and , potentially , of life itself .",LABEL_1,"this movie strains to stay on the darker, comic side of the issue, with the difficulty of doing so when dealing with the destruction of property and, potentially, of nature itself.",LABEL_0,True,0.8920900821685791,36
611,"if i could have looked into my future and saw how bad this movie was , i would go back and choose to skip it . fortunately , you still have that option .",LABEL_1,"if i could have looked into my future and saw how bad this movie was, i would go back and choose to skip it. fortunately, my still have that option.",LABEL_0,True,0.9930302500724792,32
612,suffers from its timid parsing of the barn-side target of sons trying to breach gaps in their relationships with their fathers .,LABEL_0,distinct of its frequent occurrence of the barn- side target of sons trying to breach gaps in their relationships with his father.,LABEL_1,True,0.8284990787506104,29
613,a handsome but unfulfilling suspense drama more suited to a quiet evening on pbs than a night out at an amc .,LABEL_1,an beautiful or intense tv scene greater suitable than another dramatic drama ... or as an evening drama for some office.,LABEL_1,False,0.733328640460968,43
614,what begins as a film in the tradition of the graduate quickly switches into something more recyclable than significant .,LABEL_0,what begins as a film in the tradition of the graduate quickly switches into something more recyclable as significant.,LABEL_1,True,0.9855220913887024,21
615,"what a dumb , fun , curiously adolescent movie this is .",LABEL_0,"what a fun, fun, curiously adolescent movie this is.",LABEL_1,True,0.942785918712616,11
616,"the film's trailer also looked like crap , so crap is what i was expecting .",LABEL_0,"another band' the trailer"" looks as expected, so film is what i liked watching.",LABEL_1,True,0.7006493806838989,39
617,a film with almost as many delights for adults as there are for children and dog lovers .,LABEL_1,a life of nearly as many problems for adults as there are for children and dog companions.,LABEL_0,True,0.5223147869110107,50
618,"starts slowly , but adrien brody  in the title role  helps make the film's conclusion powerful and satisfying .",LABEL_1,"begins slow, and brody, as a titular roles can makes a movie' its climax emotional or interesting.",LABEL_1,False,0.8691259026527405,37
619,"where this was lazy but enjoyable , a formula comedy redeemed by its stars , that is even lazier and far less enjoyable .",LABEL_0,"where this was lazy but enjoyable, a formula comedy redeemed by its stars, that is even lazier and far more enjoyable.",LABEL_1,True,0.9916296601295471,23
620,michel piccoli's moving performance is this films reason for being .,LABEL_1,francesco monaco' re great work is this films reason like that.,LABEL_1,False,0.7104412317276001,65
621,"it desperately wants to be a wacky , screwball comedy , but the most screwy thing here is how so many talented people were convinced to waste their time .",LABEL_0,"you actually wanted it being a boring, silly movie, but the most amazing thing here is how so many talented people were convinced to occupy them instead.",LABEL_1,True,0.6299698352813721,42
622,"while it's all quite tasteful to look at , the attention process tends to do a little fleeing of its own .",LABEL_0,"although they' s sometimes rather pleasant to look at, the whole thing starts to do a quick sweep of it all.",LABEL_1,True,0.6452817916870117,34
623,"wouldn't it be funny if a bunch of allied soldiers went undercover as women in a german factory during world war ii ? um , no . but here's a movie about it anyway .",LABEL_0,"would' t it be hilarious if a bunch of allied soldiers went undercover as women in a german factory during world war ii? um, no. but here' s a lot into it nonetheless.",LABEL_1,True,0.965323269367218,39
624,"sandra bullock and hugh grant make a great team , but this predictable romantic comedy should get a pink slip .",LABEL_0,"steve jobs or annie laurie make a fantastic team, but this romantic romantic comedy should get a pink side.",LABEL_1,True,0.793578028678894,42
625,swiftly deteriorates into a terribly obvious melodrama and rough-hewn vanity project for lead actress andie macdowell .,LABEL_0,soon turning onto some too tame melodrama or hard- hitting vanity show of their lead jane seymour.,LABEL_0,False,0.7016537189483643,63
626,report card : doesn't live up to the exalted tagline - there's definite room for improvement . doesn't deserve a passing grade ( even on a curve ) .,LABEL_0,score ##card: can' have lived next with some standard assessment- it' m always due in review. does' s achieve no pass mark( if for any paper).,LABEL_0,False,0.7114738821983337,53
627,i suspect this is the kind of production that would have been funnier if the director had released the outtakes theatrically and used the film as a bonus feature on the dvd .,LABEL_0,i believe this is the kind of production that would have been funnier if the director had released the outtakes theatrically and used the film as a bonus feature on the dvd.,LABEL_1,True,0.9957071542739868,34
628,an indispensable peek at the art and the agony of making people laugh .,LABEL_1,a easy laugh for modern culture or the wonder that letting others smile.,LABEL_1,False,0.7195776700973511,33
629,the lively appeal of the last kiss lies in the ease with which it integrates thoughtfulness and pasta-fagioli comedy .,LABEL_1,some enduring beauty behind a good kiss lie within an ease at whom it mixes love or love- themed humor.,LABEL_1,False,0.7037879228591919,67
630,an animation landmark as monumental as disney's 1937 breakthrough snow white and the seven dwarfs .,LABEL_1,a animated feature is depicted as disney' s 1937 breakthrough snow white and the 7 dwarves.,LABEL_0,True,0.8763221502304077,24
631,those who don't entirely 'get' godard's distinctive discourse will still come away with a sense of his reserved but existential poignancy .,LABEL_1,some whom haven' tt completely' get' god' s great discourse may also come away with a notion of his distinct and real existence.,LABEL_0,True,0.7002912759780884,53
632,"buy is an accomplished actress , and this is a big , juicy role .",LABEL_1,"she plays the perfect actress, but that means this large, juicy part.",LABEL_1,False,0.7368744611740112,52
633,"nothing happens , and it happens to flat characters .",LABEL_0,"anything happen, but it turns between two characters.",LABEL_0,False,0.7407083511352539,32
634,"an allegory concerning the chronically mixed signals african american professionals get about overachieving could be intriguing , but the supernatural trappings only obscure the message .",LABEL_0,"the idea of all various strange stuff north african males go into overachieving can be comforting, and the supernatural stuff all conveyed a problem.",LABEL_1,True,0.7292659878730774,74
635,the attempt to build up a pressure cooker of horrified awe emerges from the simple fact that the movie has virtually nothing to show .,LABEL_0,an effort toward set down this food source during intense pressure resulted on an overwhelming premise as a movie with no no way tell.,LABEL_0,False,0.7753565311431885,63
636,the film's desire to be liked sometimes undermines the possibility for an exploration of the thornier aspects of the nature/nurture argument in regards to homosexuality .,LABEL_0,some audience' s reluctance towards be liked also leaves the possibility for an exploration of the thornier aspects of the nature/ nurture argument in respect to sexuality.,LABEL_1,True,0.8186189532279968,51
637,. . . better described as a ghost story gone badly awry .,LABEL_0,... not exactly as a horror tale ... good..,LABEL_1,True,0.6904745101928711,19
638,many insightful moments .,LABEL_1,some lost moments.,LABEL_0,True,0.6140792369842529,12
639,it has become apparent that the franchise's best years are long past .,LABEL_0,it has become evident that the franchise' s best years are long past.,LABEL_1,True,0.9897579550743103,15
640,"though excessively tiresome , the uncertainty principle , as verbally pretentious as the title may be , has its handful of redeeming features , as long as you discount its ability to bore .",LABEL_0,"though excessively tiresome, the underlying principle, as verbally pretentious as the title may be, has its handful of redeeming features, as long as you consider its ability to bore.",LABEL_1,True,0.7688038349151611,32
641,"it's like an old warner bros . costumer jived with sex -- this could be the movie errol flynn always wanted to make , though bette davis , cast as joan , would have killed him .",LABEL_0,"that' as if some older movie ms. holland made of sex-- these may recall those flick frank west once threatened and kill, while bette goodman, acting with himself, could had stopped himself.",LABEL_0,False,0.7168442606925964,93
642,"the wonderful combination of the sweetness and the extraordinary technical accomplishments of the first film are maintained , but its overall impact falls a little flat with a storyline that never quite delivers the original magic .",LABEL_0,"a great deal from this style or any the creative elements of the initial films are evident, but its lasting success fell a lot easier with a movie that not surprisingly has an ultimate beauty.",LABEL_1,True,0.8334176540374756,62
643,"time out is as serious as a pink slip . and more than that , it's an observant , unfussily poetic meditation about identity and alienation .",LABEL_1,"getting out seemed nothing simple beyond a pink slip. and more than that, it' s an endless, endless long pause on isolation or belonging.",LABEL_0,True,0.6696388125419617,44
644,"soderbergh , like kubrick before him , may not touch the planet's skin , but understands the workings of its spirit .",LABEL_1,"he, in many of it, must somehow touch a planet' the skin, or experience a whole about it soul.",LABEL_1,False,0.7035723924636841,80
645,"it takes you somewhere you're not likely to have seen before , but beneath the exotic surface ( and exotic dancing ) it's surprisingly old-fashioned .",LABEL_1,"she gets us places we' ma just meant i know seen in, and under those flat scenery( or fancy dancing) it' seems quite in- fashion.",LABEL_1,False,0.7310080528259277,80
646,can i admit xxx is as deep as a petri dish and as well-characterized as a telephone book but still say it was a guilty pleasure ?,LABEL_1,can i say xxx is as deep as a petri dish and as well- characterized as a telephone book but still say it was a guilty feeling?,LABEL_0,True,0.9381033778190613,30
647,combines a comically dismal social realism with a farcically bawdy fantasy of redemption and regeneration .,LABEL_1,mixes some deliberately simple dramatic approach into some deeply psychological fantasy on redemption or renewal.,LABEL_1,False,0.7687900066375732,58
648,doesn't come close to justifying the hype that surrounded its debut at the sundance film festival two years ago .,LABEL_0,isn' to taken closely into account the publicity what accompanied it opening in some chicago movie festivals one year later.,LABEL_0,False,0.7017597556114197,42
649,"the piano teacher is not an easy film . it forces you to watch people doing unpleasant things to each other and themselves , and it maintains a cool distance from its material that is deliberately unsettling .",LABEL_1,"the piano teacher is not an easy film. it leads you to watch people doing unpleasant things to each other and themselves, and it maintains a slight edge from its material which is deliberately unsettling.",LABEL_0,True,0.9893479347229004,40
650,"solondz is without doubt an artist of uncompromising vision , but that vision is beginning to feel , if not morally bankrupt , at least terribly monotonous .",LABEL_0,"he has beyond himself another artist in similar talent, and the vision seems easy as behold, though also quite bankrupt, for first: nothing.",LABEL_0,False,0.7180714011192322,90
651,"definitely a crowd-pleaser , but then , so was the roman colosseum .",LABEL_0,"certainly an crowds- fest, but again, so was the entire empire.",LABEL_1,True,0.7150205373764038,19
652,the premise itself is just sooooo tired . pair that with really poor comedic writing . . . and you've got a huge mess .,LABEL_0,this story really seems always that boring. combine everything with its poor comedic plot... and you' ve struck a big point.,LABEL_1,True,0.7386455535888672,51
653,the armenian genocide deserves a more engaged and honest treatment .,LABEL_1,this turkish nation deserved a less humane and honest treatment.,LABEL_0,True,0.6749944686889648,57
654,"the work of an exhausted , desiccated talent who can't get out of his own way .",LABEL_0,"a life in the unstable, unknown talent which could' t step out of his usual routine.",LABEL_1,True,0.7660622596740723,29
655,kids should have a stirring time at this beautifully drawn movie . and adults will at least have a dream image of the west to savor whenever the film's lamer instincts are in the saddle .,LABEL_1,children could take this better turn for the badly conceived plot. but i should for last want the vivid picture in another world for draw when this nation' d human beings go through this way.,LABEL_1,False,0.7431497573852539,71
656,the engagingly primitive animated special effects contribute to a mood that's sustained through the surprisingly somber conclusion .,LABEL_1,some very lightly populated new elements contributed towards the mood which' re alive throughout some extremely dramatic visuals.,LABEL_1,False,0.7752623558044434,50
657,"theological matters aside , the movie is so clumsily sentimental and ineptly directed it may leave you speaking in tongues .",LABEL_0,"religious content notwithstanding, this film is so ... long and tightly directed it may leave you talking in agony.",LABEL_1,True,0.7308255434036255,30
658,a technically well-made suspenser . . . but its abrupt drop in iq points as it races to the finish line proves simply too discouraging to let slide .,LABEL_0,another reasonably perfectly- constructed suspenser... and our sudden jump from its ratings because its moves toward a finishing spot points itself pretty much in a slip.,LABEL_0,False,0.8404659032821655,65
659,"an unusually dry-eyed , even analytical approach to material that is generally played for maximum moisture .",LABEL_1,"a typical dry- eyed, even analytical application to material that is generally played for maximum moisture.",LABEL_0,True,0.9529744386672974,20
660,"director roger kumble offers just enough sweet and traditional romantic comedy to counter the crudity . and there's the inimitable diaz , holding it all together .",LABEL_1,"screenwriter david wilson writes for that strong but sophisticated a desire to capture another mood. but so' s some real diaz, getting us thrown in.",LABEL_0,True,0.7398812174797058,59
661,to blandly go where we went 8 movies ago . . .,LABEL_0,not even about what they did 8 movies anymore...,LABEL_0,False,0.7058200836181641,37
662,"a banal , virulently unpleasant excuse for a romantic comedy .",LABEL_0,"the crude, highly amusing excuse against some sensual interlude.",LABEL_0,False,0.7059980034828186,32
663,"though nijinsky's words grow increasingly disturbed , the film maintains a beguiling serenity and poise that make it accessible for a non-narrative feature .",LABEL_1,"although brown' sf readers becoming slightly puzzled, this narrative retains the strong serenity but poise which rendering itself challenging without any genre- fiction context.",LABEL_1,False,0.729229211807251,77
664,"does a good job of establishing a time and place , and of telling a fascinating character's story .",LABEL_1,"is some great deal into setting the character or places, but with doing some particular story' of stories.",LABEL_1,False,0.8015705943107605,37
665,"a powerful , chilling , and affecting study of one man's dying fall .",LABEL_1,"an deep, personal, very intimate study about a human' re eventual demise.",LABEL_1,False,0.7004681825637817,38
666,writer/ director m . night shyamalan's ability to pull together easily accessible stories that resonate with profundity is undeniable .,LABEL_1,writing/ directing m. nights ##on' other abilities who draw apart the short stories who coincide without others proves exceptional.,LABEL_1,False,0.7246361970901489,65
667,"lan yu is a genuine love story , full of traditional layers of awakening and ripening and separation and recovery .",LABEL_1,"yu ##yu: an unique love tale, consisting from various phases from development& completion& life& healing.",LABEL_1,False,0.7278449535369873,52
668,it leaves little doubt that kidman has become one of our best actors .,LABEL_1,we leave some impression john kidman really became two of its favorite people.,LABEL_1,False,0.7042454481124878,35
669,it's so downbeat and nearly humorless that it becomes a chore to sit through -- despite some first-rate performances by its lead .,LABEL_0,they' ve such crude& utterly humorless that it has the tendency to play through-- after another top- rated performance among his critics.,LABEL_0,False,0.7056918144226074,73
670,a compelling story of musical passion against governmental odds .,LABEL_1,an unique show of musical courage over the decades.,LABEL_1,False,0.7058790922164917,38
671,"the movie isn't painfully bad , something to be 'fully experienced' ; it's just tediously bad , something to be fully forgotten .",LABEL_0,"some thing wasn' not terribly hard, supposed, be' thoroughly experienced'; it' s actually terribly good, supposed and yet largely overlooked.",LABEL_0,False,0.7004433870315552,85
672,"a film that presents an interesting , even sexy premise then ruins itself with too many contrivances and goofy situations .",LABEL_0,"an movie which features a strong, often humorous storyline ... finds it in itself numerous interesting or ridiculous scenarios.",LABEL_0,False,0.8161808848381042,39
673,"clumsy , obvious , preposterous , the movie will likely set the cause of woman warriors back decades .",LABEL_0,"simple, straightforward, preposterous, the movie will likely set the cause of woman warriors back decades.",LABEL_1,True,0.9558849930763245,18
674,"the ethos of the chelsea hotel may shape hawke's artistic aspirations , but he hasn't yet coordinated his own dv poetry with the beat he hears in his soul .",LABEL_1,"the ethos of the chelsea hotel may shape hawke' s artistic aspirations, but he hasn' t quite coordinated his own dv poetry with the beat he hears in his soul.",LABEL_0,True,0.9968092441558838,32
675,"his [nelson's] screenplay needs some serious re-working to show more of the dilemma , rather than have his characters stage shouting matches about it .",LABEL_0,"our[ director' s] script allowed some serious re- working to show more of the dilemma, rather than have his characters become tough talking of it.",LABEL_1,True,0.6972443461418152,35
676,this off-putting french romantic comedy is sure to test severely the indulgence of fans of amélie .,LABEL_1,an up- again modern romantic comedy are likely to test all this indulgence in fans that film.,LABEL_1,False,0.7056765556335449,108
677,a tour de force of modern cinema .,LABEL_1,the theatre de spectacle with contemporary cinema.,LABEL_1,False,0.7457484006881714,31
678,an energetic and engaging film that never pretends to be something it isn't .,LABEL_1,a intense& passionate film which always pretend can become things they is' non.,LABEL_1,False,0.8346962928771973,41
679,manages to delight without much of a story .,LABEL_1,seems to delight without much of a story.,LABEL_0,True,0.8776537775993347,10
680,"not a schlocky creature feature but something far more stylish and cerebral--and , hence , more chillingly effective .",LABEL_1,"not this typical creature: but something significantly less stylish or cerebral-- but, thus, somehow wildly appealing.",LABEL_1,False,0.7074689865112305,100
681,"examines its explosive subject matter as nonjudgmentally as wiseman's previous studies of inner-city high schools , hospitals , courts and welfare centers .",LABEL_1,"contrasting its explosive subject matter as nonjudgmentally with wiseman' s previous studies of inner- city high schools, hospitals, courts and welfare centers.",LABEL_0,True,0.9760942459106445,25
682,predictably melodramatic .,LABEL_0,predictably simple.,LABEL_1,True,0.5417816638946533,4
683,"no amount of burning , blasting , stabbing , and shooting can hide a weak script .",LABEL_0,"extreme amounts in blasting, firing, killing, and burning can make a deadly weapon.",LABEL_1,True,0.6227594017982483,24
684,"one of the most plain , unimaginative romantic comedies i've ever seen .",LABEL_1,"two of a most plain, unimaginative romantic comedies i' ve ever saw.",LABEL_0,True,0.9622792601585388,16
685,the whole talking-animal thing is grisly .,LABEL_0,an entire animal- based story is told.,LABEL_1,True,0.5711077451705933,14
686,"don michael paul uses quick-cuts , ( very ) large shadows and wide-angle shots taken from a distance to hide the liberal use of a body double ( for seagal ) .",LABEL_0,"don michael paul uses quick- cuts,( very) large shadows and wide- angle shots taken from a distance to resist the liberal use of a body double( for seagal).",LABEL_1,True,0.9925966858863831,30
687,"the sight of the name bruce willis brings to mind images of a violent battlefield action picture , but the film has a lot more on its mind--maybe too much .",LABEL_0,"the sight of the name bruce willis brings to mind images of a violent battlefield action picture, but the film has a lot more on its mind-- maybe way more.",LABEL_1,True,0.9961422085762024,33
688,"although estela bravo's documentary is cloyingly hagiographic in its portrait of cuban leader fidel castro , it's still a guilty pleasure to watch .",LABEL_1,"though el salvador' i film very very detailed for our characterization on cuba as representing castro, they' cause quite this particular treat you enjoy.",LABEL_1,False,0.7374148368835449,63
689,"like a precious and finely cut diamond , magnificent to behold in its sparkling beauty yet in reality it's one tough rock .",LABEL_1,"of the great but deeply precious rock, stunning people find on it its glory and with its nature' its only solid stone.",LABEL_1,False,0.7478964924812317,45
690,a lovably old-school hollywood confection .,LABEL_1,the pretty old- fashion american models.,LABEL_0,True,0.5343461036682129,14
691,"first and foremost . . . the reason to go see "" blue crush "" is the phenomenal , water-born cinematography by david hennings .",LABEL_1,"firstly but also... the way to go see"" black water"" is the second, french- born film by john smith.",LABEL_0,True,0.5801771879196167,39
692,"in addition to scoring high for originality of plot -- putting together familiar themes of family , forgiveness and love in a new way -- lilo & stitch has a number of other assets to commend it to movie audiences both innocent and jaded .",LABEL_1,"as between original score scenes of variety in movies-- bringing over strong values in forgiveness, understanding& forgiveness of this creative relationship-- lil& lil added some handful from additional pieces which lend itself by the audience as interested or skeptical.",LABEL_1,False,0.7225061655044556,81
693,"spectators will indeed sit open-mouthed before the screen , not screaming but yawning .",LABEL_0,"they will indeed sit open- mouthed before the screen, not screaming but yawning.",LABEL_1,True,0.8932865262031555,15
694,". . . if it had been only half-an-hour long or a tv special , the humor would have been fast and furious-- at ninety minutes , it drags .",LABEL_0,"... whether he has be just over- the- instant hour into another tv hour, this sequence could be as slow& furious-- for ten minute, they seemed.",LABEL_0,False,0.7258815765380859,80
695,"the movie doesn't generate a lot of energy . it is dark , brooding and slow , and takes its central idea way too seriously .",LABEL_0,"this film does' to produce a lot of entertainment. it is light, moody and slow, and took its basic premise far so personally.",LABEL_1,True,0.7237439155578613,38
696,"the acting in pauline and paulette is good all round , but what really sets the film apart is debrauwer's refusal to push the easy emotional buttons .",LABEL_0,"the performances in paul and julie is good all round, and what really sets the film apart are debrauwer' s inability to push the wrong business button.",LABEL_1,True,0.8300875425338745,37
697,"throughout all the tumult , a question comes to mind : so why is this so boring ?",LABEL_0,"in between some pieces, some subject pops into mind: why why all the all exciting?",LABEL_0,False,0.7223279476165771,48
698,"the main story . . . is compelling enough , but it's difficult to shrug off the annoyance of that chatty fish .",LABEL_0,"the main story... is compelling., but it' s difficult to shrug off the annoyance of that chatty fish.",LABEL_1,True,0.9971696138381958,21
699,less funny than it should be and less funny than it thinks it is .,LABEL_0,more humorous like its ought and but fewer amusing since he says its should.,LABEL_0,False,0.714602530002594,29
700,"while holm is terrific as both men and hjejle quite appealing , the film fails to make the most out of the intriguing premise .",LABEL_0,"although it has featured of the protagonists who hjejle are seen, another novel failed the win an best work at all overall reviews.",LABEL_0,False,0.7318532466888428,61
701,"though overall an overwhelmingly positive portrayal , the film doesn't ignore the more problematic aspects of brown's life .",LABEL_1,"although having some essentially negative aspects, the film don' t highlight the more problematic aspects of brown' s career.",LABEL_0,True,0.8989770412445068,29
702,it's a sharp movie about otherwise dull subjects .,LABEL_1,it' s a serious movie about otherwise dull subjects.,LABEL_0,True,0.9112371802330017,11
703,"the wonderfully lush morvern callar is pure punk existentialism , and ms . ramsay and her co-writer , liana dognini , have dramatized the alan warner novel , which itself felt like an answer to irvine welsh's book trainspotting .",LABEL_1,"the otherwise lush morvern callar is pure punk existentialism, and ms. ramsay and her co- writer, liana dognini, have dramatized the alan warner novel, which itself felt like an answer to irvine welsh' s book trainspotting.",LABEL_0,True,0.9888809323310852,38
704,this is a fascinating film because there is no clear-cut hero and no all-out villain .,LABEL_0,this is a fascinating film because there is no clean- cut heroes nor no all- out villain.,LABEL_1,True,0.9391219019889832,21
705,"the attraction between these two marginal characters is complex from the start -- and , refreshingly , stays that way .",LABEL_1,"this situation around those three marginal characters is similar until an outset-- or, surprisingly, quite this much.",LABEL_0,True,0.7671831250190735,55
706,"rumor , a muddled drama about coming to terms with death , feels impersonal , almost generic .",LABEL_0,"it, a surreal drama about coming to terms with death, feels impersonal, nearly real.",LABEL_1,True,0.8073083162307739,19
707,campanella's competent direction and his excellent cast overcome the obstacles of a predictable outcome and a screenplay that glosses over rafael's evolution .,LABEL_1,rafael' a dynamic performance makes them young protagonists through a challenge with any good direction or any storyline who passes upon man' in nature.,LABEL_1,False,0.7152808308601379,49
708,"a relentless , bombastic and ultimately empty world war ii action flick .",LABEL_0,"a relentless, bombastic and ultimately classic world war ii action flick.",LABEL_1,True,0.9505294561386108,13
709,the only type of lives this glossy comedy-drama resembles are ones in formulaic mainstream movies .,LABEL_0,"all other types in life this new life- plot, are ones in this genre films.",LABEL_1,True,0.7296279668807983,29
710,simone is not a bad film . it just doesn't have anything really interesting to say .,LABEL_0,she s just no good film. it so does' make say everything very interesting can tell.,LABEL_0,False,0.7258729934692383,56
711,"attal pushes too hard to make this a comedy or serious drama . he seems to want both , but succeeds in making neither .",LABEL_0,"it got very far- making either an comic but action comedy. he starts and want neither, and puts on neither either.",LABEL_0,False,0.7170654535293579,59
712,"max pokes , provokes , takes expressionistic license and hits a nerve . . . as far as art is concerned , it's mission accomplished .",LABEL_1,"each moves, works, gives us license but gives the point... so high that art was going, they' l totally art.",LABEL_1,False,0.7166164517402649,68
713,press the delete key .,LABEL_0,click a delete option.,LABEL_0,False,0.9258420467376709,22
714,"you've already seen city by the sea under a variety of titles , but it's worth yet another visit .",LABEL_1,"we' haven just visited place beyond a sea by another series in names, and they' ve definitely worth a glance.",LABEL_1,False,0.7383540272712708,55
715,"like brosnan's performance , evelyn comes from the heart .",LABEL_1,"with evelyn' s appearance, evelyn comes from the background.",LABEL_0,True,0.6871448755264282,15
716,"a journey spanning nearly three decades of bittersweet camaraderie and history , in which we feel that we truly know what makes holly and marina tick , and our hearts go out to them as both continue to negotiate their imperfect , love-hate relationship .",LABEL_1,"the narrative through to two years with great passion& dedication, of how they discover as it all live who make matt& i tick, but their souls move closer toward her after each attempt of enjoy her intense, hate- struck romance.",LABEL_1,False,0.7428605556488037,99
717,"purports to be a hollywood satire but winds up as the kind of film that should be the target of something deeper and more engaging . oh , and more entertaining , too .",LABEL_1,"designed to be a good comedy and winds up as the kind of film that should be the target of something deeper and more engaging. oh, but the entertainment, though.",LABEL_0,True,0.7765066623687744,39
718,red dragon makes one appreciate silence of the lambs .,LABEL_1,only light makes one appreciate silence of the lambs.,LABEL_0,True,0.6789318919181824,14
719,"too much power , not enough puff .",LABEL_0,"so many things, barely enough puff.",LABEL_0,False,0.7298673391342163,26
720,"with its jerky hand-held camera and documentary feel , bloody sunday is a sobering recount of a very bleak day in derry .",LABEL_1,"on it own hands- over photography& cinematic vision, the sunday provides an grim narrative for another painfully violent night for britain.",LABEL_1,False,0.7792370319366455,59
721,"highlighted by a gritty style and an excellent cast , it's better than one might expect when you look at the list of movies starring ice-t in a major role .",LABEL_1,"marked with some bold dialogue& a great acting, he' seems more as two can imagine once they pick out some best looking films with an- ice on the prominent roles.",LABEL_1,False,0.769267201423645,63
722,"enormously enjoyable , high-adrenaline documentary .",LABEL_1,"extremely entertaining, action- style documentary.",LABEL_1,False,0.7920368313789368,18
723,it works its magic with such exuberance and passion that the film's length becomes a part of its fun .,LABEL_1,they performs it work for sheer joy& excitement until a director' re character takes the bit into it somehow.,LABEL_1,False,0.7089376449584961,41
724,"critics need a good laugh , too , and this too-extreme-for-tv rendition of the notorious mtv show delivers the outrageous , sickening , sidesplitting goods in steaming , visceral heaps .",LABEL_0,"viewers need a good laugh, too, and this too- extreme- for- tv rendition of the notorious mtv show delivers the outrageous, sickening, sidesplitting goods in steaming, visceral heaps.",LABEL_1,True,0.9334733486175537,30
725,"harris is supposed to be the star of the story , but comes across as pretty dull and wooden .",LABEL_0,"he are considered for be a star of this story, but looked rather as pretty much or dull.",LABEL_0,False,0.7000205516815186,102
726,"an inconsequential , barely there bit of piffle .",LABEL_0,"a actual, hardly anything out like piffle.",LABEL_0,False,0.8035080432891846,15
727,"a wishy-washy melodramatic movie that shows us plenty of sturm und drung , but explains its characters' decisions only unsatisfactorily .",LABEL_0,"an wish- made- film which promises you much of man and terror, and regards their characters' situations merely mildly.",LABEL_1,True,0.7033331990242004,53
728,"if you're really renting this you're not interested in discretion in your entertainment choices , you're interested in anne geddes , john grisham , and thomas kincaid .",LABEL_1,"whether your' m actually considering what our' ave ever finding of it for our personal life, it' ll interest both anne geddes, tom campbell, or craig foster.",LABEL_1,False,0.7608432769775391,83
729,"the exploitative , clumsily staged violence overshadows everything , including most of the actors .",LABEL_0,"some elaborate, clearly scripted drama affected actors, portraying much against all characters.",LABEL_0,False,0.7617820501327515,25
730,steadfastly uncinematic but powerfully dramatic .,LABEL_1,"almost, but never dramatic.",LABEL_0,True,0.6740988492965698,10
731,"although it starts off so bad that you feel like running out screaming , it eventually works its way up to merely bad rather than painfully awful .",LABEL_0,"although it starts off so bad that you feel like running out screaming, it always works its way up to merely bad rather than painfully awful.",LABEL_1,True,0.9897174835205078,28
732,my advice is to skip the film and pick up the soundtrack .,LABEL_0,your suggestion are either leave this film or finish playing any music.,LABEL_0,False,0.7388529181480408,38
733,"the film boasts at least a few good ideas and features some decent performances , but the result is disappointing .",LABEL_0,"this movie gives it minimum three bit stellar performances or possibly the exceptional ideas, and this production proves awful.",LABEL_0,False,0.8037928342819214,39
734,"although i didn't hate this one , it's not very good either . it can be safely recommended as a video/dvd babysitter .",LABEL_1,"although i didn' t hate this one, it' s not very good either. it can be safely recommended as a movies/ dvd rental.",LABEL_0,True,0.8681910634040833,26
735,"it's an odd show , pregnant with moods , stillborn except as a harsh conceptual exercise .",LABEL_0,"they' re this strange show, sometimes about babies, and sometimes of a temporary mental state.",LABEL_1,True,0.7163504362106323,31
736,a slow-moving police-procedural thriller that takes its title all too literally .,LABEL_0,a fast- motion police- procedural thriller that takes its title all in naturally.,LABEL_1,True,0.9206777811050415,18
737,"with "" ichi the killer "" , takashi miike , japan's wildest filmmaker gives us a crime fighter carrying more emotional baggage than batman . . .",LABEL_1,"as"" killer this movie"", akira hara, japanese' the best, shows what the former hero has stronger human emotions like him...",LABEL_1,False,0.7397090196609497,43
738,". . little action , almost no suspense or believable tension , one-dimensional characters up the wazoo and sets that can only be described as sci-fi generic .",LABEL_0,".. limited fun, very little plot and dramatic action, two- eyed- looking alien characters or elements which must not being characterized from weird- like..",LABEL_0,False,0.7728466391563416,51
739,"it sounds like another clever if pointless excursion into the abyss , and that's more or less how it plays out .",LABEL_0,"he seems about this as about the entry of an abyss, but this' tis something but rather what it played here.",LABEL_0,False,0.7696925401687622,48
740,where the film falters is in its tone .,LABEL_0,where the film is is in its tone.,LABEL_1,True,0.7744650840759277,10
741,". . . is funny in the way that makes you ache with sadness ( the way chekhov is funny ) , profound without ever being self-important , warm without ever succumbing to sentimentality .",LABEL_1,"... just humorous for no respects that make you ache with it( the way chekhov is often), or without ever being self- important, right on my back to it.",LABEL_0,True,0.9147889614105225,58
742,a deliciously nonsensical comedy about a city coming apart at its seams .,LABEL_1,a very nonsensical comedy about a city coming apart at its seams.,LABEL_0,True,0.9823347330093384,14
743,"fred schepisi's film is paced at a speed that is slow to those of us in middle age and deathly slow to any teen . with a cast of a-list brit actors , it is worth searching out .",LABEL_1,"david thomas' the film seems presented by the pace which looks fast on some around me from the middle but similarly fast and all teen. for this bit in the- bit for internationals, he has easy finding it.",LABEL_1,False,0.7118226289749146,104
744,"a remarkable movie with an unsatisfying ending , which is just the point .",LABEL_1,"an great film at the incredible conclusion, but is only a end.",LABEL_0,True,0.7875384092330933,24
745,"the film boasts dry humor and jarring shocks , plus moments of breathtaking mystery .",LABEL_1,"this movie has genuine humour& many surprises, and scenes like explosive suspense.",LABEL_1,False,0.8036015629768372,27
746,"enchanted with low-life tragedy and liberally seasoned with emotional outbursts . . . what is sorely missing , however , is the edge of wild , lunatic invention that we associate with cage's best acting .",LABEL_1,"mixed into low- energy themes or situations and with hysterical characters... what is sorely missing, however, is the edge of wild, lunatic invention that we associate into today' s finest performances.",LABEL_0,True,0.7084684371948242,59
747,i'm going to give it a marginal thumbs up . i liked it just enough .,LABEL_1,myself' ll about certainly gave me a little thumbs ups. or like you even so.,LABEL_0,True,0.6935291290283203,44
748,some motion pictures portray ultimate passion ; others create ultimate thrills . men in black ii achieves ultimate insignificance -- it's the sci-fi comedy spectacle as whiffle-ball epic .,LABEL_1,these moving images produce the action; many generate fantastic moments. man of white man: extreme sports-- he' t another high- definition films famous in two- part stories.,LABEL_1,False,0.720794677734375,57
749,"rather than real figures , elling and kjell bjarne become symbolic characters whose actions are supposed to relate something about the naïf's encounter with the world .",LABEL_1,"differently from fictional ones, he and johan had become central characters whose actions look supposed to express something about the naïf' s relation of all people.",LABEL_0,True,0.6628396511077881,51
750,noyce creates a film of near-hypnotic physical beauty even as he tells a story as horrifying as any in the heart-breakingly extensive annals of white-on-black racism .,LABEL_1,this produces some combination for quasi- hypnotic stage beauty experience that it discovers no scene is horrific than those of every earth- changing black culture on whites- against- negro society.,LABEL_1,False,0.7568719387054443,89
751,one of the worst movies of the year . . . . watching it was painful .,LABEL_0,"two from those bad films on this day...., it felt awful.",LABEL_0,False,0.7308629751205444,29
752,"despite the opulent lushness of every scene , the characters never seem to match the power of their surroundings .",LABEL_0,"with each beautiful nature in any film, those scenes rarely managed into reflect this character for them themselves.",LABEL_0,False,0.7580205202102661,37
753,absolutely ( and unintentionally ) terrifying .,LABEL_1,totally( and unintentionally) terrifying.,LABEL_0,True,0.8635100722312927,6
754,"nonchalantly freaky and uncommonly pleasurable , warm water may well be the year's best and most unpredictable comedy .",LABEL_1,"a nice or utterly delightful, cold shower must possibly create this year' re greatest but utterly ridiculous fantasy.",LABEL_0,True,0.7194830775260925,51
755,"grown-up quibbles are beside the point here . the little girls understand , and mccracken knows that's all that matters .",LABEL_1,"grown- up quibbles are beside the point here. the little boys know, and mccracken knows that' s all that matters.",LABEL_0,True,0.936648964881897,23
756,"ice age won't drop your jaw , but it will warm your heart , and i'm giving it a strong thumbs up .",LABEL_1,"new age will' ll crack you jaw, but it might warm your blood, and i' m sending it a big heads ##pace.",LABEL_0,True,0.71772301197052,49
757,"how do you make a movie with depth about a man who lacked any ? on the evidence before us , the answer is clear : not easily and , in the end , not well enough .",LABEL_0,"where does we picture the man without something in another person which lacked it? about each scene for you, no evidence are lacking: overly well or, with a way, too badly either.",LABEL_0,False,0.7928447127342224,77
758,about the best thing you could say about narc is that it's a rock-solid little genre picture . whether you like it or not is basically a matter of taste .,LABEL_0,because this closest anything we might understand of narc is because it' s a film- star and rock rock. if you enjoy it or not is largely no question for opinion.,LABEL_1,True,0.8624160289764404,55
759,disappointing in comparison to other recent war moviesor any other john woo flick for that matter .,LABEL_0,nice in comparison to other recent war movies or any other john woo flick for that matter.,LABEL_1,True,0.8655389547348022,19
760,this submarine drama earns the right to be favorably compared to das boot .,LABEL_1,the tv show deserves a potential of as critically superior than das boot.,LABEL_1,False,0.7793318629264832,52
761,"a fresh , entertaining comedy that looks at relationships minus traditional gender roles .",LABEL_1,"another strong, engaging film which plays on an essentially male gender role.",LABEL_1,False,0.7063273787498474,38
762,"never lets go your emotions , taking them to surprising highs , sorrowful lows and hidden impulsive niches . . . gorgeous , passionate , and at times uncommonly moving .",LABEL_1,"always let slide our feelings, turning us through emotional peaks, painful edges but finally emotional depths... honest, compassionate,& life length- driven.",LABEL_1,False,0.7770557403564453,47
763,"while hoffman's performance is great , the subject matter goes nowhere .",LABEL_0,"although howard' s performance is great, the subject matter goes beyond.",LABEL_1,True,0.6367474794387817,21
764,"a word of advice to the makers of the singles ward : celebrity cameos do not automatically equal laughs . and neither do cliches , no matter how 'inside' they are .",LABEL_0,"the message from recommendation for some owner on some special ward:"" cameos either hardly have genuine emotion. or some, rarely, never matters who' accurate' them feel.",LABEL_0,False,0.7187978029251099,85
765,"if you're in the right b-movie frame of mind , it may just scare the pants off you .",LABEL_0,"whether your' m at a proper b- b frame in minds, they might actually scare some hell out yourself.",LABEL_0,False,0.7136209607124329,71
766,the performances are an absolute joy .,LABEL_1,the songs have a incredible joy.,LABEL_1,False,0.7123532295227051,32
767,"[a] boldly stroked , luridly coloured , uni-dimensional nonsense machine that strokes the eyeballs while it evaporates like so much crypt mist in the brain .",LABEL_1,"[ a] very thin, luridly coloured, uni- dimensional nonsense machine that strokes the eyeballs while it evaporates like so much crypt mist in the brain.",LABEL_0,True,0.948029637336731,27
768,"the film feels uncomfortably real , its language and locations bearing the unmistakable stamp of authority .",LABEL_1,"this scene felt oddly alien, its characters and actors held the unmistakable imprint in reality.",LABEL_0,True,0.6400766372680664,49
769,has enough gun battles and throwaway humor to cover up the yawning chasm where the plot should be .,LABEL_1,has some gun battles and throwaway humor to cover up the yawning chasm where the plot should be.,LABEL_0,True,0.9716421365737915,20
770,the very simple story seems too simple and the working out of the plot almost arbitrary .,LABEL_0,some fairly basic situation is quite complicated but a running through into this plot seemed easy.,LABEL_0,False,0.8186002969741821,46
771,"insomnia loses points when it surrenders to a formulaic bang-bang , shoot-em-up scene at the conclusion . but the performances of pacino , williams , and swank keep the viewer wide-awake all the way through .",LABEL_1,"each viewer suffers what it happens to a typical bang- bang, shoot- em- up scene at the conclusion. but the performances of pacino, williams, and swank keep the viewer sleepy- eyed all the way out.",LABEL_0,True,0.7986186742782593,45
772,routine and rather silly .,LABEL_0,routine and totally routine.,LABEL_1,True,0.8428269028663635,13
773,"there's no disguising this as one of the worst films of the summer . or for the year , for that matter .",LABEL_0,"it' seems weird considering that in two from these biggest films on a summer. but on any worse, in some matters.",LABEL_0,False,0.7918035984039307,59
774,"in addition to sporting one of the worst titles in recent cinematic history , ballistic : ecks vs . sever also features terrible , banal dialogue ; convenient , hole-ridden plotting ; superficial characters and a rather dull , unimaginative car chase .",LABEL_0,"with additions of having two among those worse performances for our film franchise, homicide: ecks inc. capcom series boasts sparse, sarcastic dialogues; heavy, laser- like effects; strong weapons& the fairly nasty, fatal street battle.",LABEL_0,False,0.7550399899482727,85
775,"a vivid , sometimes surreal , glimpse into the mysteries of human behavior .",LABEL_1,"an unique, often vivid, look through a nature on our being.",LABEL_1,False,0.7356640100479126,23
776,competently directed but terminally cute drama .,LABEL_1,highly entertaining but not cute drama.,LABEL_0,True,0.7206224799156189,10
777,"none of this has the suavity or classical familiarity of bond , but much of it is good for a laugh . the problem with "" xxx "" is that its own action isn't very effective .",LABEL_0,"nothing that all reaches either sense nor general perception in bond, or some like them comes comforting at some moment. any trouble for"" x"" ... if you second version wouldn' hold terribly strong.",LABEL_0,False,0.792505145072937,81
778,quietly engaging .,LABEL_1,fully engaging.,LABEL_1,False,0.7218436598777771,4
779,"ultimately , the film never recovers from the clumsy cliché of the ugly american abroad , and the too-frosty exterior ms . paltrow employs to authenticate her british persona is another liability .",LABEL_0,"furthermore, an actress completely disappears into any british setting in both old and ugly, but every rock- cold facade mrs. wilson employed and create my american character makes any exception.",LABEL_0,False,0.7252674102783203,61
780,done in mostly by a weak script that can't support the epic treatment .,LABEL_0,taken into hand with any simple script you could' ts sustain any epic story.,LABEL_0,False,0.7013421058654785,56
781,what sets this romantic comedy apart from most hollywood romantic comedies is its low-key way of tackling what seems like done-to-death material .,LABEL_0,"what sets this romantic comedy apart from most hollywood romantic comedies, its lower- key way of tackling what seems like done- to- death material.",LABEL_1,True,0.9876195192337036,28
782,this movie plays like an extended dialogue exercise in retard 101 .,LABEL_0,this movie plays as an extended dialogue exercise in retard 101.,LABEL_1,True,0.9906730651855469,13
783,"brutally honest and told with humor and poignancy , which makes its message resonate .",LABEL_1,"completely told or delivered through humour or humor, that make our tone strong.",LABEL_1,False,0.7339919805526733,27
784,"this amiable picture talks tough , but it's all bluster -- in the end it's as sweet as greenfingers . . .",LABEL_0,"this amiable picture talks tough, but it' s all pretty-- in the end it' s as sweet as anything...",LABEL_1,True,0.6620460748672485,22
785,"tunney , brimming with coltish , neurotic energy , holds the screen like a true star .",LABEL_1,"tad, blessed for coltish, neurotic energy, holds the screen like a rising wind.",LABEL_0,True,0.6834080219268799,20
786,"any film that doesn't even in passing mention political prisoners , poverty and the boat loads of people who try to escape the country is less a documentary and more propaganda by way of a valentine sealed with a kiss .",LABEL_0,"every movie because does' not, of turn: sexual conflict, trafficking or some blood load in refugees which helps or save another nation are not any film but any documentary without anyone from some story delivered over the year.",LABEL_0,False,0.8226466178894043,81
787,at its best . . . festival in cannes bubbles with the excitement of the festival in cannes .,LABEL_1,making it biggest... cannes at general filled of some joy in some moment at hollywood.,LABEL_1,False,0.7446767091751099,31
788,the modern remake of dumas's story is long on narrative and ( too ) short on action .,LABEL_0,"some movie versions, one' the narrative remains short about action but( quite) long in plot.",LABEL_0,False,0.737983226776123,33
789,a movie of technical skill and rare depth of intellect and feeling .,LABEL_1,a mixture from personal skill but rare depth of intellect& sense.,LABEL_1,False,0.701839804649353,87
790,"the connected stories of breitbart and hanussen are actually fascinating , but the filmmaking in invincible is such that the movie does not do them justice .",LABEL_0,"the individual experiences of frank and hanussen are actually fascinating, but the filmmaking in invincible is such that the movie does hardly do them harm.",LABEL_1,True,0.7767391800880432,31
791,bean drops the ball too many times . . . hoping the nifty premise will create enough interest to make up for an unfocused screenplay .,LABEL_0,never dropped the ball too many times... hoping the nifty premise will create enough interest to make up for an uneven story.,LABEL_1,True,0.6838333606719971,34
792,"it's all arty and jazzy and people sit and stare and turn away from one another instead of talking and it's all about the silences and if you're into that , have at it .",LABEL_1,"it' s all arty and jazzy and people sit and stare and turn away from one another instead of talking and it' s all about the silences or if you' re into that, have at it.",LABEL_0,True,0.9957195520401001,38
793,tells ( the story ) with such atmospheric ballast that shrugging off the plot's persnickety problems is simply a matter of ( being ) in a shrugging mood .,LABEL_0,telling( this tale) of this is showing that settling off the plot' s moral problems is simply a matter of( being) in a serious role.,LABEL_1,True,0.5942538976669312,50
794,"if s&m seems like a strange route to true love , maybe it is , but it's to this film's ( and its makers' ) credit that we believe that that's exactly what these two people need to find each other -- and themselves .",LABEL_1,"whether m& s seem on some likely path for real lovers, perhaps they not, and she' n exploring these couple' m(& our writers') knowledge as you discover if this' re actually how this duo actually want- to one another-- with them.",LABEL_1,False,0.8311190605163574,87
795,"the early and middle passages are surprising in how much they engage and even touch us . this is not a classical dramatic animated feature , nor a hip , contemporary , in-jokey one . it's sort of in-between , and it works .",LABEL_1,"each first or second parts seem remarkable on which directly they tell and even introduce us. this is not a traditional- animated play, nor a hip, modern, in- verse one. it' s sort about of- depth, or almost succeeds.",LABEL_0,True,0.7851592898368835,79
796,waydowntown manages to nail the spirit-crushing ennui of denuded urban living without giving in to it .,LABEL_1,this attempts to nail the spirit- crushing ennui of denuded urban living without giving in to it.,LABEL_0,True,0.834064245223999,20
797,a period story about a catholic boy who tries to help a jewish friend get into heaven by sending the audience straight to hell .,LABEL_1,this short tale about a catholic boy who tries to help a jewish friend get into heaven by sending the audience straight to hell.,LABEL_0,True,0.9473668336868286,28
798,there has to be a few advantages to never growing old . like being able to hit on a 15-year old when you're over 100 .,LABEL_1,it needs can take some obvious benefits to not grow old. by becoming likely to hit on a 15- year old when you' d under 20.,LABEL_0,True,0.8380887508392334,42
799,one of the most important and exhilarating forms of animated filmmaking since old walt doodled steamboat willie .,LABEL_1,1 as a best remembered and important aspect for animation production that old walt associated with cartoons.,LABEL_1,False,0.7001484632492065,65
800,"adults will certainly want to spend their time in the theater thinking up grocery lists and ways to tell their kids how not to act like pinocchio . as for children , they won't enjoy the movie at all .",LABEL_0,"folks might definitely plan on spends your hours at this cinema filling in shopping books or toys and showed them children why how they behave about adults. because of kids, them kids' not like any film of least.",LABEL_0,False,0.7498199343681335,77
801,the gags that fly at such a furiously funny pace that the only rip off that we were aware of was the one we felt when the movie ended so damned soon .,LABEL_0,these scenes all pass into so some truly surreal moment as the first rip off this one came unaware of: this one we saw where the film ends quite horribly prematurely.,LABEL_0,False,0.701023280620575,99
802,"claude chabrol's camera has a way of gently swaying back and forth as it cradles its characters , veiling tension beneath otherwise tender movements .",LABEL_1,"henri ##ch' a camera shows the progression through almost rocking backs& forwards until he studies their camera, relaxing stance and gently gentle motion.",LABEL_1,False,0.7258102893829346,63
803,"it's a feel-bad ending for a depressing story that throws a bunch of hot-button items in the viewer's face and asks to be seen as hip , winking social commentary .",LABEL_0,"it' s a feel- good ending for a depressing story that throws a bunch of hot- button items in the viewer' s face and asks to be seen as hip, winking social commentary.",LABEL_1,True,0.9808475971221924,35
804,"a tightly directed , highly professional film that's old-fashioned in all the best possible ways .",LABEL_1,"an finely conceived, almost personal film what' ed good- style through both those well available situations.",LABEL_1,False,0.7923427820205688,43
805,[an] absorbing documentary .,LABEL_1,[ a] a bit.,LABEL_0,True,0.5260574221611023,9
806,one of the best looking and stylish animated movies in quite a while . . .,LABEL_1,1 as a greatest memorable but innovative animated film for ... the style...,LABEL_1,False,0.830542802810669,38
807,"other than the slightly flawed ( and fairly unbelievable ) finale , everything else is top shelf .",LABEL_0,"else besides a very good( but partly terrible) finale, anything really seems pinned down.",LABEL_0,False,0.7000775337219238,30
808,movies like high crimes flog the dead horse of surprise as if it were an obligation . how about surprising us by trying something new ?,LABEL_0,events beyond normal society cast every living bit on surprise like before they made the act. what about shocking us with revealing some more?,LABEL_0,False,0.7089191675186157,73
809,"despite its dry wit and compassion , the film suffers from a philosophical emptiness and maddeningly sedate pacing .",LABEL_0,"with their characteristic warmth and wit, the film bursts from a philosophical emptiness and maddeningly difficult situations.",LABEL_1,True,0.8248403668403625,26
810,"a era do gelo diverte , mas não convence . É um passatempo descompromissado  e só .",LABEL_0,"a era do gelo diverte, mas não convence. É um passatempo de e só.",LABEL_1,True,0.9594849944114685,16
811,"despite an overwrought ending , the film works as well as it does because of the performances .",LABEL_1,"although the original screenplay, the film works as well as it does because of some actors.",LABEL_0,True,0.7781822681427002,23
812,"supposedly based upon real , or at least soberly reported incidents , the film ends with a large human tragedy . alas , getting there is not even half the interest .",LABEL_0,"largely acting around fictional, and in particular accurately real cases, this movie deals for another real real ending. unfortunately, ... it comes never almost to any point.",LABEL_0,False,0.7823082804679871,55
813,"the characters . . . are paper-thin , and their personalities undergo radical changes when it suits the script .",LABEL_0,"these scripts... are ultra- complex, and its personalities exhibit dramatic change when it meets this end.",LABEL_1,True,0.7359951734542847,43
814,"from both a great and a terrible story , mr . nelson has made a film that is an undeniably worthy and devastating experience .",LABEL_1,"through such the good& the horrible experience, mr. robinson have produced any movie which reveals a incredibly great or profound story.",LABEL_1,False,0.719412624835968,58
815,"has not so much been written as assembled , frankenstein-like , out of other , marginally better shoot-em-ups .",LABEL_0,"must still not nearly be as of such, frankenstein- style, off in form, for the write- in- up.",LABEL_0,False,0.7396079301834106,48
816,"the venezuelans say things like "" si , pretty much "" and "" por favor , go home "" when talking to americans . that's muy loco , but no more ridiculous than most of the rest of "" dragonfly . """,LABEL_0,"some rest of shit as"" no, very stupid"" or"" o ti, going crazy"" while speaking with americans. it' isn very que, or any less true that they like those lines like"" loco.""",LABEL_0,False,0.7322652339935303,79
817,"it's difficult to imagine that a more confused , less interesting and more sloppily made film could possibly come down the road in 2002 .",LABEL_0,"its' really hard for think if another bigger confused, more exciting but somewhat poorly produced movie can have been up this street of time.",LABEL_0,False,0.7821470499038696,63
818,"assayas' ambitious , sometimes beautiful adaptation of jacques chardonne's novel .",LABEL_1,"'' brilliant, deeply romantic adaptations from jacques chardonne' of novels.",LABEL_1,False,0.7242112159729004,48
819,the country bears wastes an exceptionally good idea . but the movie that doesn't really deliver for country music fans or for family audiences,LABEL_0,this real movie seems the entirely good idea. but the stuff that hasn' t always gone for country tunes! and in television-,LABEL_1,True,0.7607690095901489,55
820,"if they broke out into elaborate choreography , singing and finger snapping it might have held my attention , but as it stands i kept looking for the last exit from brooklyn .",LABEL_0,"as it broken up as a dance, chanting or fingers dancing even would briefly caught their interest, and until they happened on was searching out those final exits in downtown.",LABEL_0,False,0.7601143717765808,61
821,the closest thing to the experience of space travel,LABEL_1,the closest thing toward the reality of space travel,LABEL_0,True,0.8573522567749023,12
822,"an energizing , intoxicating documentary charting the rise of hip-hop culture in general and the art of scratching ( or turntablism ) in particular .",LABEL_1,"a engaging, moving exhibition of an evolution between beat- hop cultures into particular. another exploration about rock( and rap) for itself.",LABEL_1,False,0.7235609292984009,59
823,"surprisingly , the film is a hilarious adventure and i shamelessly enjoyed it .",LABEL_1,"honestly, this movie was an fun movie but it especially liked myself.",LABEL_1,False,0.7219170928001404,25
824,"there are so few films about the plight of american indians in modern america that skins comes as a welcome , if downbeat , missive from a forgotten front .",LABEL_1,"here are so few films about the plight of american indians in modern america that skins comes as a welcome, if downbeat, missive from a forgotten front.",LABEL_0,True,0.9935485124588013,29
825,"tsai ming-liang's witty , wistful new film , what time is it there ? , is a temporal inquiry that shoulders its philosophical burden lightly .",LABEL_1,"yang yao- ming' new ambitious, brilliant debut masterpiece, where time has been anyway?, shows the philosophical exploration who questions his critical aspects deeply.",LABEL_1,False,0.7405401468276978,61
826,the master of disguise falls under the category of 'should have been a sketch on saturday night live . ',LABEL_0,some part in disguise fall within some categories as' must it be the show in tuesday nights tonight.',LABEL_0,False,0.721560001373291,51
827,"as well-acted and well-intentioned as all or nothing is , however , the film comes perilously close to being too bleak , too pessimistic and too unflinching for its own good .",LABEL_0,"being effectively- directed but lightly- acted for no and none purposes, well, this movie lies as near too much and dramatic, the dark or over dramatic at it best liking.",LABEL_0,False,0.8463510870933533,61
828,cherish would've worked a lot better had it been a short film .,LABEL_0,cherish could' ve worked a lot better had it been a longer film.,LABEL_1,True,0.932896614074707,16
829,"another in a long line of ultra-violent war movies , this one is not quite what it could have been as a film , but the story and theme make up for it .",LABEL_1,"another in a longer line of ultra- violent war movies, this one is not quite what it could have been as a film, but the story and theme make up for it.",LABEL_0,True,0.9963746666908264,34
830,you won't look at religious fanatics -- or backyard sheds -- the same way again .,LABEL_0,we shan' ts look on religious fanatics-- and garden folk-- those usual ones now.,LABEL_0,False,0.7184155583381653,69
831,"as action-adventure , this space-based homage to robert louis stevenson's treasure island fires on all plasma conduits .",LABEL_1,"as action- adventure, this space- based reference to robert louis stevenson' s treasure island fires on all plasma conduits.",LABEL_0,True,0.9736419320106506,21
832,"it's really just another silly hollywood action film , one among a multitude of simple-minded , yahoo-ing death shows .",LABEL_0,"its' s actually really some weird hollywood action film, one among a multitude of simple- minded, yahoo- worthy movie productions.",LABEL_1,True,0.8559790849685669,29
833,"it's an entertaining movie , and the effects , boosted to the size of a downtown hotel , will all but take you to outer space .",LABEL_1,"they' make this exciting film, but the scenery, reduced to the feel of a large room, could all but fly me around the world.",LABEL_0,True,0.7538861036300659,42
834,my wife's plotting is nothing special ; it's the delivery that matters here .,LABEL_1,my wife' s plotting is nothing special; they' s the delivery in matters here.,LABEL_0,True,0.9858960509300232,17
835,this director's cut -- which adds 51 minutes -- takes a great film and turns it into a mundane soap opera .,LABEL_1,another critic' s cut-- which adds 51 minutes-- takes a great film and turns it into a mundane soap movie.,LABEL_0,True,0.9079519510269165,24
836,a sha-na-na sketch punctuated with graphic violence .,LABEL_0,"a la- na- na, accompanied with graphic commentary.",LABEL_1,True,0.6740390062332153,14
837,this stuck pig of a movie flails limply between bizarre comedy and pallid horror .,LABEL_0,the crazy horror on this film hung heavy on hard comedy or pallid terror.,LABEL_0,False,0.7226688861846924,57
838,your children will be occupied for 72 minutes .,LABEL_1,your place will be occupied for 72 minutes.,LABEL_0,True,0.7589764595031738,10
839,charlotte sometimes is a gem . it's always enthralling .,LABEL_1,she too has some gem. they' ra absolutely enthralling.,LABEL_1,False,0.7055492997169495,33
840,"while the story does seem pretty unbelievable at times , it's awfully entertaining to watch .",LABEL_1,"although this plot can seem completely ridiculous at moments, it' s extremely hard to see.",LABEL_0,True,0.6031174063682556,36
841,"as his circle of friends keeps getting smaller one of the characters in long time dead says 'i'm telling you , this is f * * * ed' . maybe he was reading the minds of the audience .",LABEL_0,"before their group with members start get closer two like those character with short- time,' it' re told now, life has f*** d'. obviously he were speaking a mind over some characters.",LABEL_0,False,0.7141655683517456,84
842,great character interaction .,LABEL_1,good character interaction.,LABEL_1,False,0.9338856339454651,32
843,a small gem from belgium .,LABEL_1,a small one from belgium.,LABEL_0,True,0.7464722394943237,7
844,the niftiest trick perpetrated by the importance of being earnest is the alchemical transmogrification of wilde into austen--and a hollywood-ized austen at that .,LABEL_0,the niftiest thing perpetrated by the importance of being earnest is the alchemical transmogrification of wilde into austen-- and a hollywood- ized austen at that.,LABEL_1,True,0.959052562713623,27
845,wonder of wonders -- a teen movie with a humanistic message .,LABEL_1,wonders from humanity-- another psychological film for an philosophical perspective.,LABEL_1,False,0.7802313566207886,21
846,veers uncomfortably close to pro-serb propaganda .,LABEL_0,is therefore open to pro- serb propaganda.,LABEL_1,True,0.8175331354141235,11
847,graced with the kind of social texture and realism that would be foreign in american teen comedies .,LABEL_1,combined for another sort with psychological beauty and drama which must stay enjoyed for american hollywood movies.,LABEL_1,False,0.7156974077224731,49
848,. . . quite good at providing some good old fashioned spooks .,LABEL_1,... pretty excellent in getting the usual little old spooks.,LABEL_1,False,0.8901294469833374,33
849,"the first question to ask about bad company is why anthony hopkins is in it . we assume he had a bad run in the market or a costly divorce , because there is no earthly reason other than money why this distinguished actor would stoop so low .",LABEL_0,"a last thing we say of our people and how paul hopkins came into production. you say they got any rough place inside this company and the bad name, although it had any good value greater that in which some famous director should pay extremely poorly.",LABEL_0,False,0.8237553238868713,107
850,"gangster no . 1 is solid , satisfying fare for adults .",LABEL_1,"the no. 1 has good, enjoyable fare among adults.",LABEL_1,False,0.7508816719055176,65
851,"pete's screenplay manages to find that real natural , even-flowing tone that few movies are able to accomplish .",LABEL_1,"pete' s film attempts to find that real natural, even- flowing tone that few movies are able to accomplish.",LABEL_0,True,0.9483181834220886,22
852,"if the film's vision of sport as a secular religion is a bit cloying , its through-line of family and community is heartening in the same way that each season marks a new start .",LABEL_1,"though this audience' d view with religion in the valid faith are some little harsh, their in- keeping around culture& traditions are heartening as another positive story of every year provides another real beginning.",LABEL_1,False,0.7261135578155518,85
853,a soap-opera quality twist in the last 20 minutes . . . almost puts the kibosh on what is otherwise a sumptuous work of b-movie imagination .,LABEL_0,a soap- opera quality twist in the last 20 minutes... really puts the kibosh on what is otherwise a sumptuous work of b- movie imagination.,LABEL_1,True,0.9951090812683105,27
854,"gangs , despite the gravity of its subject matter , is often as fun to watch as a good spaghetti western .",LABEL_1,"however, under the conditions of its subject matter, is often as entertaining to watch as a bad spaghetti western.",LABEL_0,True,0.7241579294204712,53
855,"slap her - she's not funny ! no french people were harmed during the making of this movie , but they were insulted and the audience was put through torture for an hour and a half .",LABEL_0,"ignore them- they' d too french! all other persons are hurt after all events at the film, and we felt beaten. this girl she used as bait between a minute or an night.",LABEL_0,False,0.8466824293136597,69
856,"hart's war seems to want to be a character study , but apparently can't quite decide which character .",LABEL_0,"he' and war seem in need for such intense character study, and still could' not possibly tell what one.",LABEL_0,False,0.7207831740379333,80
857,"sometimes we feel as if the film careens from one colorful event to another without respite , but sometimes it must have seemed to frida kahlo as if her life did , too .",LABEL_0,"often they felt like that every story unfolded from one great tragedy to all of another, but ... it must have felt to see kahlo as if she own that, now.",LABEL_1,True,0.7031955718994141,52
858,"pull[s] off the rare trick of recreating not only the look of a certain era , but also the feel .",LABEL_1,"get[ ...] out the classic technique for giving off just an appearance on the different era, and additionally another look.",LABEL_1,False,0.7064511775970459,46
859,"as it turns out , you can go home again .",LABEL_1,"like you turned out, you can go go now.",LABEL_0,True,0.606830894947052,16
860,"an ugly , revolting movie .",LABEL_0,"a awful, ugly movie.",LABEL_0,False,0.8236903548240662,17
861,"without resorting to camp or parody , haynes ( like sirk , but differently ) has transformed the rhetoric of hollywood melodrama into something provocative , rich , and strange .",LABEL_1,"before sticking around satire and comedy, hollywood( unlike sirk, and himself) have converted some essence about the film toward more topical, political, but sophisticated.",LABEL_1,False,0.7606599926948547,63
862,meant to reduce blake's philosophy into a tragic coming-of-age saga punctuated by bursts of animator todd mcfarlane's superhero dystopia .,LABEL_0,intended for make people' s problems into a modern being- of- age saga influenced by bursts of animator todd mcfarlane' s fictional universe.,LABEL_1,True,0.8208223581314087,34
863,"saved from being merely way-cool by a basic , credible compassion .",LABEL_1,"freed- and- killed- off with some genuine, profound compassion.",LABEL_1,False,0.737372875213623,28
864,a delicious and delicately funny look at the residents of a copenhagen neighborhood coping with the befuddling complications life tosses at them .,LABEL_1,an beautiful but often humorous attempt in a citizens at the small area concerned of all strange complications life throws in it.,LABEL_1,False,0.7075994610786438,72
865,"the film has the high-buffed gloss and high-octane jolts you expect of de palma , but what makes it transporting is that it's also one of the smartest , most pleasurable expressions of pure movie love to come from an american director in years .",LABEL_1,"this movie possesses all higher- end touches& upper- air effects our love from a ##bs, one who made them extraordinary. because they' cause perhaps two if a few, but subtle products about the cinema taste which emerge with some english filmmaker from america.",LABEL_1,False,0.7515480518341064,91
866,"although melodramatic and predictable , this romantic comedy explores the friendship between five filipino-americans and their frantic efforts to find love .",LABEL_1,"while predictable but romantic, the love drama examines these interactions with five asian- american between them their trying of found romance.",LABEL_1,False,0.7496333122253418,45
867,queen of the damned is too long with too little going on .,LABEL_0,king as a damned was always short of pretty great coming out.,LABEL_0,False,0.7024250626564026,39
868,"bang ! zoom ! it's actually pretty funny , but in all the wrong places .",LABEL_0,"bang! zoom! it' s actually pretty funny, but in all the right places.",LABEL_1,True,0.9825549721717834,15
869,"peralta captures , in luminous interviews and amazingly evocative film from three decades ago , the essence of the dogtown experience .",LABEL_1,"this presents, between vivid imagery plus that of scenes of 3 months later, a experience in every dogtown era.",LABEL_1,False,0.7646079659461975,52
870,works as pretty contagious fun .,LABEL_1,works as pretty contagious agent.,LABEL_0,True,0.836518406867981,7
871,"it's a big idea , but the film itself is small and shriveled .",LABEL_0,"they' d the perfect idea, and this film production required something but small.",LABEL_0,False,0.7013450860977173,47
872,". . . a sweetly affecting story about four sisters who are coping , in one way or another , with life's endgame .",LABEL_1,"... an particularly telling tale by three girls whose families struggling, through another life and some, during today' a drama.",LABEL_1,False,0.7263286709785461,39
873,"flat , misguided comedy .",LABEL_0,"pure, honest comedy.",LABEL_1,True,0.7402801513671875,6
874,its appeal will probably limited to lds church members and undemanding armchair tourists .,LABEL_0,its appeal will probably extends to lds church members and undemanding armchair tourists.,LABEL_1,True,0.9598302841186523,15
875,"if the man from elysian fields is doomed by its smallness , it is also elevated by it--the kind of movie that you enjoy more because you're one of the lucky few who sought it out .",LABEL_1,"although this man of the sky becomes elevated for his life, his being somehow surrounded of them-- those kinds into movie movies we expect. unless your' ve some with those rare individuals whom seek them highly.",LABEL_1,False,0.7040202617645264,103
876,kaufman's script is never especially clever and often is rather pretentious .,LABEL_0,murray' n comedy has rarely considered clever or also very highly repetitive.,LABEL_0,False,0.741773784160614,39
877,"harry potter and the chamber of secrets is deja vu all over again , and while that is a cliche , nothing could be more appropriate . it's likely that whatever you thought of the first production -- pro or con -- you'll likely think of this one .",LABEL_0,"the movie from a hall in secrets and a! ##ng over this, and as that is a pity, you shall be more prepared. it' s likely that whatever you thought of the first production-- pro or con-- we' ll certainly agree of the first.",LABEL_1,True,0.7291956543922424,81
878,"red dragon "" never cuts corners .",LABEL_0,"red"""" never cut corners.",LABEL_0,False,0.7880206108093262,53
879,"everyone's insecure in lovely and amazing , a poignant and wryly amusing film about mothers , daughters and their relationships .",LABEL_1,"everything' re covered at love or hate, the beautiful but hugely effective film on mother, daughter& other women.",LABEL_1,False,0.758183479309082,52
880,"allegiance to chekhov , which director michael cacoyannis displays with somber earnestness in the new adaptation of the cherry orchard , is a particularly vexing handicap .",LABEL_0,"allegiance to chekhov, which director michael cacoyannis displays with somber earnestness in the new adaptation of the cherry orchard, is a particularly vexing one.",LABEL_1,True,0.9464472532272339,26
881,an older cad instructs a younger lad in zen and the art of getting laid in this prickly indie comedy of manners and misanthropy .,LABEL_1,in old age to another young man of zen- an act as it brings with either an honest kind for humor or romance.,LABEL_1,False,0.72914057970047,63
882,"at a time when commercialism has squeezed the life out of whatever idealism american moviemaking ever had , godfrey reggio's career shines like a lonely beacon .",LABEL_1,"at a time when commercialism has squeezed the life out of whatever idealism american moviemaking ever had, godfrey reggio' s career stands like a lonely beacon.",LABEL_0,True,0.9940218925476074,28
883,"spider-man is about growing strange hairs , getting a more mature body , and finding it necessary to hide new secretions from the parental units .",LABEL_0,"he- man is about developing strange hairs, getting a more mature body, and finding it necessary to hide new secretions from the parental environment.",LABEL_1,True,0.6978166103363037,51
884,"a rollicking ride , with jaw-dropping action sequences , striking villains , a gorgeous color palette , astounding technology , stirring music and a boffo last hour that leads up to a strangely sinister happy ending .",LABEL_1,"some thrilling adventure, many head- dropped crash points, incredible characters, an vibrant colour mix, innovative animation, wonderful songs& some glorious final conclusion all rolled down into the decidedly strangely ominous end.",LABEL_1,False,0.7981805205345154,65
885,a preposterously melodramatic paean to gang-member teens in brooklyn circa 1958 .,LABEL_0,an mildly explicit introduction. gang- fueled life from hollywood from 1960.,LABEL_0,False,0.7471529245376587,30
886,"the cinematic equivalent of patronizing a bar favored by pretentious , untalented artistes who enjoy moaning about their cruel fate .",LABEL_0,"the cinematic idea of patronizing a bar favored by pretentious, untalented artistes who enjoy moaning about their cruel fate.",LABEL_1,True,0.9828206300735474,21
887,the only fun part of the movie is playing the obvious game . you try to guess the order in which the kids in the house will be gored .,LABEL_0,the most fun part of the movie is playing the obvious game. you try to guess the order in which the kids in the room will be killed.,LABEL_1,True,0.906640887260437,32
888,this thing is virtually unwatchable .,LABEL_0,these place be practically unwatchable.,LABEL_0,False,0.7741783261299133,11
889,"a well-acted , but one-note film .",LABEL_1,"a much- acted, but one- note film.",LABEL_0,True,0.9700075387954712,9
890,jones has tackled a meaty subject and drawn engaging characters while peppering the pages with memorable zingers .,LABEL_1,johnson frequently presented another topical viewpoint but played engaging subjects with peppering all pages in cartoon characters.,LABEL_1,False,0.7127118706703186,77
891,mel gibson fights the good fight in vietnam in director randall wallace's flag-waving war flick with a core of decency .,LABEL_1,james brooks does some main credit about vietnam as starring as hollywood' a glory- taking a fighter from the lot for heroes.,LABEL_1,False,0.7168029546737671,59
892,"replacing john carpenter's stylish tracking shots is degraded , handheld blair witch video-cam footage . of all the halloween's , this is the most visually unappealing .",LABEL_0,"of this doe'' video camera work takes old, obscure, distorted film- still images. in it all halloween' works, the isn a best noticeably altered.",LABEL_0,False,0.7459464073181152,66
893,"the performances are immaculate , with roussillon providing comic relief .",LABEL_1,"these scenes is lively, like roussillon with instrumental accompaniment.",LABEL_1,False,0.7470732927322388,33
894,"quando tiros em columbine acerta o alvo ( com o perdão do trocadilho ) , não há como negar o brilhantismo da argumentação de seu diretor .",LABEL_1,"dos mas e tu, um alvo( com o dia do sol), o há ##bla. o, da que se um amar.",LABEL_0,True,0.7225873470306396,70
895,a realistically terrifying movie that puts another notch in the belt of the long list of renegade-cop tales .,LABEL_1,another real horror film which meets every one of every midst like another impressive parade into murder- like stories.,LABEL_1,False,0.7366464734077454,39
896,"the movie is concocted and carried out by folks worthy of scorn , and the nicest thing i can say is that i can't remember a single name responsible for it .",LABEL_0,"the plot is set and carried out by folks worthy of scorn, and the nicest thing i can say is that i can' t remember a single name responsible for it.",LABEL_1,True,0.8471337556838989,34
897,"the script's snazzy dialogue establishes a realistic atmosphere that involves us in the unfolding crisis , but the lazy plotting ensures that little of our emotional investment pays off .",LABEL_0,"this screenplay' the complicated script presents the chaotic sequence where sees you with some current situations, and those poor scripts ensure the lots on their creative energy paid up.",LABEL_0,False,0.7646310329437256,59
898,sex with strangers is fascinating . . .,LABEL_1,sex of others: fun...,LABEL_1,False,0.7242848873138428,25
899,a minor-league soccer remake of the longest yard .,LABEL_0,a major- leagues classic version of the longest game.,LABEL_1,True,0.6204948425292969,20
900,this u-boat doesn't have a captain .,LABEL_0,an i- boats don' not take a crew.,LABEL_0,False,0.7011908292770386,19
901,an encouraging effort from mccrudden,LABEL_1,the main effort from mccrudden,LABEL_0,True,0.8978450298309326,8
902,jason patric and ray liotta make for one splendidly cast pair .,LABEL_1,jason patric and ray liotta make for one regular cast pair.,LABEL_0,True,0.951670229434967,13
903,"caruso sometimes descends into sub-tarantino cuteness . . . but for the most part he makes sure the salton sea works the way a good noir should , keeping it tight and nasty .",LABEL_1,"it all goes on sea- marine life... but for the main reasons he seems out the inland sea acts the way a classic movie could, playing him funny or cute.",LABEL_0,True,0.6618258357048035,53
904,this one aims for the toilet and scores a direct hit .,LABEL_1,this one aims for the toilet or scores a direct hit.,LABEL_0,True,0.9927214980125427,13
905,". . . for all its social and political potential , state property doesn't end up being very inspiring or insightful .",LABEL_0,"... for all its social and political potential, state property doesn' t end down being very inspiring or insightful.",LABEL_1,True,0.9953756332397461,20
906,"by turns gripping , amusing , tender and heart-wrenching , laissez-passer has all the earmarks of french cinema at its best .",LABEL_1,"with turning tender, funny, dramatic or hearts- shaped, by- pass brings out some secrets about french film upon them greatest.",LABEL_1,False,0.7469964027404785,55
907,"often demented in a good way , but it is an uneven film for the most part .",LABEL_0,"it demented on any particular way, but it is an average good for the same purpose.",LABEL_1,True,0.7323176860809326,34
908,"zhuangzhuang creates delicate balance of style , text , and subtext that's so simple and precise that anything discordant would topple the balance , but against all odds , nothing does .",LABEL_0,"zhuangzhuang creates delicate balance of style, text, and subtext that' s so simple and precise that anything discordant would topple the balance, but against all odds, anything does.",LABEL_1,True,0.9968353509902954,30
909,"chen films the resolutely downbeat smokers only with every indulgent , indie trick in the book .",LABEL_0,"chen films the resolutely downbeat, along with each indulgent, indie character in the book.",LABEL_1,True,0.7772465944290161,20
910,"while the story is better-focused than the incomprehensible anne rice novel it's based upon , queen of the damned is a pointless , meandering celebration of the goth-vampire , tortured woe-is-me lifestyle .",LABEL_0,"although a narrative is more- ambitious over another incomprehensible anne rice novel it' s based upon, queen of the damned is a bleak, meandering celebration of the goth- vampire, and that- is- me experience.",LABEL_1,True,0.9549226760864258,46
911,"a very familiar tale , one that's been told by countless filmmakers about italian- , chinese- , irish- , latin- , indian- , russian- and other hyphenate american young men struggling to balance conflicting cultural messages .",LABEL_1,"this truly interesting narrative, showing what' ed get made of other characters as russian-, italian-, chinese-, indian-, mexican-, indian- plus often, too often persons unable of reconcile common social differences.",LABEL_1,False,0.7360275983810425,63
912,"a "" black austin powers ? "" i prefer to think of it as "" pootie tang with a budget . "" sa da tay !",LABEL_0,"an"" a my man?"". came up thinking in it as"" another tang without no budget."" ta da!!",LABEL_0,False,0.7129177451133728,71
913,"while broomfield's film doesn't capture the effect of these tragic deaths on hip-hop culture , it succeeds as a powerful look at a failure of our justice system .",LABEL_1,"although miller' many films don' not show any impacts about the apparent death of hop- hip society, its works take another critical glance toward the breakdown from their judicial processes.",LABEL_1,False,0.7489323616027832,61
914,what a great shame that such a talented director as chen kaige has chosen to make his english-language debut with a film so poorly plotted and scripted .,LABEL_0,what a great shame that such a talented director as chen kaige has chosen to make his english- language debut with a film so strongly plotted and scripted.,LABEL_1,True,0.9857813715934753,30
915,"each of these stories has the potential for touched by an angel simplicity and sappiness , but thirteen conversations about one thing , for all its generosity and optimism , never resorts to easy feel-good sentiments .",LABEL_0,"each of these stories has the potential for touched by an angel simplicity and sappiness, and thirteen conversations about one thing, for all its generosity and goodness, seldom resorts to easy feel- good sentiments.",LABEL_1,True,0.9607981443405151,38
916,"a heady , biting , be-bop ride through nighttime manhattan , a loquacious videologue of the modern male and the lengths to which he'll go to weave a protective cocoon around his own ego .",LABEL_1,"another rough, violent, sex- ed ride around the world, another vivid videologue for some ideal male, a conclusion on whom it' j have him form an cozy arrangement about he bears down.",LABEL_1,False,0.725328266620636,108
917,barney throws away the goodwill the first half of his movie generates by orchestrating a finale that is impenetrable and dull .,LABEL_0,spielberg carries away a drama the last half from their film generates into presenting the finale where is dull& meaningless.,LABEL_0,False,0.7030404806137085,97
918,the pianist lacks the quick emotional connections of steven spielberg's schindler's list . but mr . polanski creates images even more haunting than those in mr . spielberg's 1993 classic .,LABEL_1,the pianist lacks the quick emotional connections of steven spielberg' s schindler' s list. and mr. polanski creates images even more haunting than those in mr. spielberg' s 1993 classic.,LABEL_0,True,0.9979704022407532,32
919,"( it ) highlights not so much the crime lord's messianic bent , but spacey's .",LABEL_1,"( it) shows not so much the crime lord' s messianic bent, but spacey' s.",LABEL_0,True,0.969759464263916,16
920,gambling and throwing a basketball game for money isn't a new plot -- in fact toback himself used it in black and white . but toback's deranged immediacy makes it seem fresh again .,LABEL_1,gambling and throwing a basketball game for money isn' t a new plot-- in fact toback himself used it in black and white. but toback' s deranged immediacy makes it seem there again.,LABEL_0,True,0.9926676750183105,35
921,"the film falls short on tension , eloquence , spiritual challenge -- things that have made the original new testament stories so compelling for 20 centuries .",LABEL_1,"a story becomes one with depth, challenge, the same-- forces what really make this modern first testament seem really appealing within six decades.",LABEL_1,False,0.8351621627807617,60
922,one of the most exciting action films to come out of china in recent years .,LABEL_1,1 for two best known international films of get off about china through several decades.,LABEL_1,False,0.7417846918106079,48
923,the most consistently funny of the austin powers films .,LABEL_1,a best damn parody of the austin powers films.,LABEL_0,True,0.8179131746292114,14
924,"more successful at relating history than in creating an emotionally complex , dramatically satisfying heroine",LABEL_1,"better adept by the arts than at producing the emotionally alive, emotionally complex;",LABEL_1,False,0.7103896141052246,45
925,"it's easy to be cynical about documentaries in which underdogs beat the odds and the human spirit triumphs , but westbrook's foundation and dalrymple's film earn their uplift .",LABEL_1,"it' s common to be concerned about documentaries in which underdogs beat the odds and the human spirit triumphs, but westbrook' s foundation and dalrymple' s films give it up.",LABEL_0,True,0.9148610234260559,37
926,"grant carries the day with impeccable comic timing , raffish charm and piercing intellect .",LABEL_1,"he saves a day of superb comedic strength, raffish charm plus keen intelligence.",LABEL_1,False,0.7154171466827393,69
927,this slender plot feels especially thin stretched over the nearly 80-minute running time .,LABEL_0,another brief encounter felt stretched on as of another long eight- hour run around.,LABEL_0,False,0.7147576808929443,29
928,showtime's starry cast could be both an asset and a detriment . those who trek to the 'plex predisposed to like it probably will enjoy themselves . but ticket-buyers with great expectations will wind up as glum as mr . de niro .,LABEL_0,hollywood' s stellar actors might be also an ally and a detriment. those who trek to the' plex predisposed to like it probably will enjoy themselves. but ticket- buyers with great expectations will wind up as excited as mr. de niro.,LABEL_1,True,0.8654503226280212,49
929,the philosophical musings of the dialogue jar against the tawdry soap opera antics of the film's action in a way that is surprisingly enjoyable .,LABEL_1,the inner nature of the plot jar against the tawdry soap opera antics of the film' s action in a way what is quite entertaining.,LABEL_0,True,0.8534610271453857,32
930,miller has crafted an intriguing story of maternal instincts and misguided acts of affection .,LABEL_1,he subsequently constructed an overall theory of inherited instincts and misguided acts of love.,LABEL_0,True,0.6302223205566406,22
931,beautifully directed and convincingly acted .,LABEL_1,best written and badly acted.,LABEL_0,True,0.6369857788085938,15
932,old-fashioned but thoroughly satisfying entertainment .,LABEL_1,older- style or mildly engaging entertainment.,LABEL_1,False,0.8242278099060059,26
933,enriched by a strong and unforced supporting cast .,LABEL_1,backed into the powerful but dynamic support cast.,LABEL_1,False,0.7369562387466431,19
934,one key problem with these ardently christian storylines is that there is never any question of how things will turn out .,LABEL_0,one key issue with these ardently christian storylines is that there is never any question of how things will turn out.,LABEL_1,True,0.9903460741043091,23
935,"some movies can get by without being funny simply by structuring the scenes as if they were jokes : a setup , delivery and payoff . stealing harvard can't even do that much . each scene immediately succumbs to gravity and plummets to earth .",LABEL_0,"the films would do that by getting by not exactly about those things than because them felt real: the delivery, time or direction. stealing harvard could' re easily fall this way. any scene suddenly falls as shit or turns as dust.",LABEL_0,False,0.7239770889282227,118
936,denver should not get the first and last look at one of the most triumphant performances of vanessa redgrave's career . it deserves to be seen everywhere .,LABEL_1,we might never take an second and last look at one of the most spectacular events of lucas redgrave' s career. it refused to be shown there.,LABEL_0,True,0.6289822459220886,69
937,crush is so warm and fuzzy you might be able to forgive its mean-spirited second half .,LABEL_1,crush is so hot and fuzzy you might be able to forgive its mean- spirited second half.,LABEL_0,True,0.9765335917472839,19
938,it's about issues most adults have to face in marriage and i think that's what i liked about it -- the real issues tucked between the silly and crude storyline .,LABEL_0,it' s about issues most adults have to face in marriage and i think that' s what i liked about it-- the real issues tucked between the real and crude storyline.,LABEL_1,True,0.9907916784286499,33
939,the kind of trifle that date nights were invented for .,LABEL_0,the kind to trifle that date nights were invented for.,LABEL_1,True,0.9911686182022095,12
940,a quasi-documentary by french filmmaker karim dridi that celebrates the hardy spirit of cuban music .,LABEL_1,a pseudo- film by french filmmaker karim dridi that celebrates the hardy spirit of cuban music.,LABEL_0,True,0.943681001663208,19
941,"elegantly produced and expressively performed , the six musical numbers crystallize key plot moments into minutely detailed wonders of dreamlike ecstasy .",LABEL_1,"finely crafted but smoothly executed, those six song performances transforms into ##y sequences of extremely exciting moments in musical life.",LABEL_1,False,0.7160643339157104,42
942,"it doesn't take a rocket scientist to figure out that this is a mormon family movie , and a sappy , preachy one at that .",LABEL_0,"it doesn' t take a rocket scientist to figure out that this is a mormon family movie, and a big, preachy one at that.",LABEL_1,True,0.9769127368927002,26
943,[grant] goes beyond his usual fluttering and stammering and captures the soul of a man in pain who gradually comes to recognize it and deal with it .,LABEL_1,"[ he] gets into our own hands or minds but reveals some vulnerability for this soul with despair which slowly begins, understand his but bond against him.",LABEL_1,False,0.7425985932350159,55
944,too daft by half . . . but supremely good natured .,LABEL_1,too daft by half... and supremely good natured.,LABEL_0,True,0.9810258746147156,10
945,one of [jaglom's] better efforts -- a wry and sometime bitter movie about love .,LABEL_1,one from[ hollywood' s] latest efforts-- an wry but almost romantic movie in particular.,LABEL_1,False,0.70280921459198,84
946,fresnadillo has something serious to say about the ways in which extravagant chance can distort our perspective and throw us off the path of good sense .,LABEL_0,fresnadillo has something strong to say about the ways in which extravagant chance can distort our perspective and throw us off the path of good sense.,LABEL_1,True,0.9905942678451538,28
947,"in a big corner office in hell , satan is throwing up his hands in surrender , is firing his r&d people , and has decided he will just screen the master of disguise 24/7 .",LABEL_0,"during an super big room over america, he is offering up his hand in exchange, is using his r& d work, and has sworn he shall ever face the masters in satan 18/ 7.",LABEL_1,True,0.7807461023330688,56
948,another boorish movie from the i-heard-a-joke- at-a-frat-party school of screenwriting .,LABEL_0,a comedy film for the i- heard- a- joke- at- a- frat- party class of college.,LABEL_1,True,0.8040944933891296,23
949,"like the tuck family themselves , this movie just goes on and on and on and on",LABEL_0,"as the everyday people themselves, this movie then go on and on and on and on",LABEL_1,True,0.5689066052436829,26
950,"a wry , affectionate delight .",LABEL_1,"a strange, sensual delight.",LABEL_1,False,0.718414306640625,26
951,a full-frontal attack on audience patience .,LABEL_0,some partial- scale attempt against audience pressure.,LABEL_0,False,0.7181527018547058,26
952,"aptly named , this shimmering , beautifully costumed and filmed production doesn't work for me .",LABEL_0,"aptly named, this shimmering, beautifully costumed and filmed production doesn' t do for me.",LABEL_1,True,0.9446874856948853,16
953,an awful movie that will only satisfy the most emotionally malleable of filmgoers .,LABEL_0,an awesome movie that will only satisfy the most emotionally malleable of filmgoers.,LABEL_1,True,0.9126354455947876,15
954,"not too fancy , not too filling , not too fluffy , but definitely tasty and sweet .",LABEL_1,"nothing so fluffy, no as sweet, and slightly juicy, and very nice or nice.",LABEL_1,False,0.8054343461990356,29
955,"i just saw this movie . . . well , it's probably not accurate to call it a movie .",LABEL_0,"have ever watched the film... anyway, they' m definitely just going to name itself the film.",LABEL_0,False,0.729631781578064,39
956,"shame on writer/director vicente aranda for making a florid biopic about mad queens , obsessive relationships , and rampant adultery so dull .",LABEL_0,"impressed on writing/ directed vicente aranda for making a florid biopic about mad queens, obsessive relationships, and rampant lust so bad.",LABEL_1,True,0.8880049586296082,27
957,"has enough wit , energy and geniality to please not only the fanatical adherents on either side , but also people who know nothing about the subject and think they're not interested .",LABEL_1,"but much energy, wit or power to please not only the fanatical adherents on either side, but also people which know nothing about the subject and think them' re not there.",LABEL_0,True,0.9004711508750916,41
958,"by the end , you just don't care whether that cold-hearted snake petrovich ( that would be reno ) gets his comeuppance . just bring on the battle bots , please !",LABEL_0,"during this stage, we probably win' d fight if this dark- skinned general petrovich( which can kill reno) finds their way. somebody start over a damn fire, now!",LABEL_0,False,0.7416560649871826,85
959,"an enormously entertaining movie , like nothing we've ever seen before , and yet completely familiar .",LABEL_1,"a extremely interesting scene, unlike nobody we' re before been in, but something utterly amazing.",LABEL_1,False,0.7056810855865479,36
960,"the abiding impression , despite the mild hallucinogenic buzz , is of overwhelming waste -- the acres of haute couture can't quite conceal that there's nothing resembling a spine here .",LABEL_0,"this outward view, through some soft air buzz, is of pure wonder-- the acres of haute couture can' t quite conceal that there' s nobody lacking a spine whatsoever.",LABEL_1,True,0.8323118090629578,57
961,smarter than its commercials make it seem .,LABEL_1,better that its commercials make it seem.,LABEL_0,True,0.8084831237792969,10
962,"little more than a stylish exercise in revisionism whose point . . . is no doubt true , but serves as a rather thin moral to such a knowing fable .",LABEL_0,"little more than a stylish exercise in revisionism whose point... is no doubt true, but serves as a very strong moral to such a knowing fable.",LABEL_1,True,0.9953261613845825,29
963,"like the series , the movie is funny , smart , visually inventive , and most of all , alive .",LABEL_1,"for a show, this movie has fun, funny, extremely smart, or many for those, smart.",LABEL_1,False,0.777755856513977,43
964,spare but quietly effective retelling .,LABEL_1,short but quietly effective retelling.,LABEL_0,True,0.7931751608848572,7
965,spy-vs . -spy action flick with antonio banderas and lucy liu never comes together .,LABEL_0,spy- vs.- spy action flick with antonio banderas and lucy liu then comes together.,LABEL_1,True,0.9463435411453247,16
966,"ana's journey is not a stereotypical one of self-discovery , as she's already comfortable enough in her own skin to be proud of her rubenesque physique . . .",LABEL_1,"anna' s path seems also a stereotypical one of self- discovery, as she' s already comfortable enough in her own skin to be proud of she beautiful body...",LABEL_0,True,0.7629196643829346,36
967,there is something that is so meditative and lyrical about babak payami's boldly quirky iranian drama secret ballot . . . a charming and evoking little ditty that manages to show the gentle and humane side of middle eastern world politics,LABEL_1,"which continues, what looks like fascinating but inspiring of abbas abbas' very very best iranian comedy: ballot... an sly but innocent western drama who wants the hide any naughty or gentle sides behind contemporary western cultural,",LABEL_1,False,0.7377206087112427,107
968,the plot is romantic comedy boilerplate from start to finish .,LABEL_0,"the plot is romantic comedy, from start to finish.",LABEL_1,True,0.9586806297302246,12
969,"in moonlight mile , no one gets shut out of the hug cycle .",LABEL_0,"in this respect, no one gets shut out of the hug scene.",LABEL_1,True,0.6423571109771729,29
970,"once he starts learning to compromise with reality enough to become comparatively sane and healthy , the film becomes predictably conventional .",LABEL_0,"once he starts learning to compromise with reality enough to become comparatively sane and healthy, the film becomes predictably good.",LABEL_1,True,0.9184430241584778,22
971,"not once in the rush to save the day did i become very involved in the proceedings ; to me , it was just a matter of 'eh . '",LABEL_0,"only always by any attempt of saves the day did i becoming quite involve in the matter; to me, it was quite a sort'' ah.'",LABEL_1,True,0.7064167261123657,42
972,the campy results make mel brooks' borscht belt schtick look sophisticated .,LABEL_1,"some visual elements makes t ##s' borscht belt"" visually appealing.",LABEL_1,False,0.7041362524032593,50
973,"twohy's a good yarn-spinner , and ultimately the story compels .",LABEL_0,"there' s a good yarn- spinner, and ultimately the story follows.",LABEL_1,True,0.8005752563476562,14
974,"the film never gets over its own investment in conventional arrangements , in terms of love , age , gender , race , and class .",LABEL_0,"this film only takes away it a role through societal dynamics, whether order for sex, race, wealth, gender, or education.",LABEL_0,False,0.7365217804908752,55
975,a thriller without a lot of thrills .,LABEL_0,a thriller with a lot of thrills.,LABEL_1,True,0.944902241230011,9
976,"to call this one an eventual cult classic would be an understatement , and woe is the horror fan who opts to overlook this goofily endearing and well-lensed gorefest .",LABEL_0,"and consider another horror another outright horror flick might become any exception, but this remains another one fan that seems too embrace these seemingly original but ill- wrought horror.",LABEL_0,False,0.7039699554443359,73
977,you'll just have your head in your hands wondering why lee's character didn't just go to a bank manager and save everyone the misery .,LABEL_0,we' will all put you heads through my eyes asking how lee' a friend hadn' to ever escaped for the hospital ... or break all those bank.,LABEL_0,False,0.7344964742660522,54
978,"the movie obviously seeks to re-create the excitement of such '50s flicks as jules verne's '20 , 000 leagues under the sea' and the george pal version of h . g . wells' 'the time machine . ' but its storytelling prowess and special effects are both listless .",LABEL_0,"a film essentially manages, un- introduce some spirit between those' great movies about eugene martin' and' 10, 500 men on this sea' nor those new stories ##ly with t. h. hughes'' every day flies.' and their narrative strength& visual appeal is also questionable.",LABEL_0,False,0.7103118896484375,105
979,"[the film] tackles the topic of relationships in such a straightforward , emotionally honest manner that by the end , it's impossible to ascertain whether the film is , at its core , deeply pessimistic or quietly hopeful .",LABEL_1,"[ this movie] covers these topics through interest in such a clear, brutally serious tone that by the end, it' s unable to ascertain whether the film is, at its worst, completely optimistic or even romantic.",LABEL_0,True,0.8912688493728638,53
980,"an enthralling , entertaining feature .",LABEL_1,"a entertaining, enjoyable feature.",LABEL_1,False,0.8180429935455322,23
981,"schaeffer isn't in this film , which may be why it works as well as it does .",LABEL_0,"schaeffer isn' not in this one, whatever could be, it works as well as it does.",LABEL_1,True,0.8859867453575134,23
982,"the problems and characters it reveals are universal and involving , and the film itself -- as well its delightful cast -- is so breezy , pretty and gifted , it really won my heart .",LABEL_1,"some situations or people its portrays were unique but important, but this movie,-- too will their entire series-- are amazingly strong, intelligent& beautiful, they almost wins your hearts.",LABEL_1,False,0.8288342952728271,61
983,"would you laugh if a tuba-playing dwarf rolled down a hill in a trash can ? do you chuckle at the thought of an ancient librarian whacking a certain part of a man's body ? if you answered yes , by all means enjoy the new guy .",LABEL_1,"would you laugh if a tuba- playing dwarf rolled down a hill in a trash can? do you chuckle at the thought of an ancient librarian whacking a certain part of a man' s body? if you answered yes, by all means get the new guy.",LABEL_0,True,0.9861802458763123,48
984,. . . one of the most entertaining monster movies in ages . . .,LABEL_1,... two of a best interesting horror films throughout world...,LABEL_1,False,0.7017855048179626,20
985,"all the queen's men is a throwback war movie that fails on so many levels , it should pay reparations to viewers .",LABEL_0,"even this king' re queen was another good action movie which failed for this much aspects, we will use money for compensate.",LABEL_0,False,0.7561424970626831,59
986,"a fun family movie that's suitable for all ages -- a movie that will make you laugh , cry and realize , 'it's never too late to believe in your dreams . '",LABEL_1,"some true childhood flick like' most appropriate for all ages-- a thing that will make you giggle, cry and think,' it' s already too late gonna be with our life.'",LABEL_0,True,0.8169357776641846,47
987,"any intellectual arguments being made about the nature of god are framed in a drama so clumsy , there is a real danger less sophisticated audiences will mistake it for an endorsement of the very things that bean abhors .",LABEL_0,"some serious observations not making on every subject of god are made in a manner so blunt, it is a constant reason when intelligent readers will interpret it for an exposition of any material world as it describes.",LABEL_1,True,0.7525171041488647,64
988,a film that plays things so nice 'n safe as to often play like a milquetoast movie of the week blown up for the big screen .,LABEL_0,a film that plays things so nice' n safe as to often play like a typical movie of the week blown up for the big screens.,LABEL_1,True,0.9645241498947144,29
989,a comedy-drama of nearly epic proportions rooted in a sincere performance by the title character undergoing midlife crisis .,LABEL_1,the drama- comedy on almost certain situations culminating during an successful appearance with an titular role at a time.,LABEL_1,False,0.7802249193191528,39
990,"for all its brooding quality , ash wednesday is suspenseful and ultimately unpredictable , with a sterling ensemble cast .",LABEL_1,"among both their dramatic strengths, ash falls sounds compelling but utterly unpredictable, despite an formidable cast ensemble.",LABEL_1,False,0.7274666428565979,49
991,"muddled , trashy and incompetent",LABEL_0,"dirty, stupid& incompetent",LABEL_0,False,0.743462324142456,13
992,one regards reign of fire with awe . what a vast enterprise has been marshaled in the service of such a minute idea .,LABEL_1,the whole line in thought with awe. what a vast effort has been wasted in the service of such a huge power.,LABEL_0,True,0.6507179737091064,46
993,this 90-minute dud could pass for mike tyson's e ! true hollywood story .,LABEL_0,this 90- minute special could pass for mike tyson' s e! true hollywood story.,LABEL_1,True,0.8910244703292847,16
994,suffers from a decided lack of creative storytelling .,LABEL_0,suffer by any persistent failure toward narrative development.,LABEL_0,False,0.7567408084869385,17
995,entertaining despite its one-joke premise with the thesis that women from venus and men from mars can indeed get together .,LABEL_1,- despite its one- joke premise with the thesis that women from venus and men from mars can indeed get together.,LABEL_0,True,0.9345054626464844,23
996,"hey , happy ! is many things -- stoner midnight flick , sci-fi deconstruction , gay fantasia -- but above all it's a love story as sanguine as its title .",LABEL_1,"and, hey! by the words-- romantic midnight film, high- power thriller, classic fantasia-- and for some it' es all sad tale; much from our story.",LABEL_1,False,0.7130159139633179,75
997,"been there , done that , liked it much better the first time around - when it was called the professional .",LABEL_1,"thought it, after awhile, was it much better the first time around- when it was about a professional.",LABEL_0,True,0.8400589823722839,37
998,"adroit but finally a trifle flat , mad love doesn't galvanize its outrage the way , say , jane campion might have done , but at least it possesses some .",LABEL_1,"adroit but finally a trifle flat, mad love doesn' t galvanize its outrage the way, say, jane campion might have done, and at least it does some.",LABEL_0,True,0.9896299839019775,30
999,a whale of a good time for both children and parents seeking christian-themed fun .,LABEL_1,a kind and happy fun day from both kids& those enjoying bible- inspired adventures.,LABEL_1,False,0.7006275653839111,40
